measured_at,IGCC.IG.II1211A.PV/PLOT,IGCC.IG.TT1228A.PV/PLOT,IGCC.IG.YI1593AA.PV/PLOT,IGCC.IG.TT1227A.PV/PLOT,IGCC.IG.YI1593AB.PV/PLOT,IGCC.IG.YI1594AA.PV/PLOT,IGCC.IG.YI1594AB.PV/PLOT,IGCC.IG.II1211B.PV/PLOT,IGCC.IG.TT1228B.PV/PLOT,IGCC.IG.YI1593BA.PV/PLOT,IGCC.IG.TT1227B.PV/PLOT,IGCC.IG.YI1593BB.PV/PLOT,IGCC.IG.YI1594BA.PV/PLOT,IGCC.IG.YI1594BB.PV/PLOT,IGCC.IG.II1442.PV/PLOT,IGCC.IG.TT1427.PV/PLOT,IGCC.IG.YI1483A.PV/PLOT,IGCC.IG.TT1428.PV/PLOT,IGCC.IG.YI1483B.PV/PLOT,IGCC.IG.YI1484A.PV/PLOT,IGCC.IG.YI1484B.PV/PLOT,IGCC.IG.II7140.PV/PLOT,IGCC.IG.TT7111.PV/PLOT,IGCC.IG.YI7364A.PV/PLOT,IGCC.IG.TT7100.PV/PLOT,IGCC.IG.YI7364B.PV/PLOT,IGCC.IG.YI7365A.PV/PLOT,IGCC.IG.YI7365B.PV/PLOT,IGCC.IG.II7145.PV/PLOT,IGCC.IG.TT7152.PV/PLOT,IGCC.IG.YI7358A.PV/PLOT,IGCC.IG.TT7151.PV/PLOT,IGCC.IG.YI7358B.PV/PLOT,IGCC.IG.YI7359A.PV/PLOT,IGCC.IG.YI7359B.PV/PLOT
2025-12-30 00:00:00,-1.671296,18.34682,0.6055368,16.40222,0.5596373,0.5255854,0.5865947,848.6495,61.05754,15.16997,61.35383,15.25669,7.138248,9.644954,463.0703,56.19115,22.53,49.51368,21.30507,20.59613,29.51177,-1.437196,17.75137,0.9373822,14.81445,0.9404129,0.9721678,0.9402185,228.4889,62.83168,11.82519,53.63493,10.35692,5.684434,6.172957
2025-12-30 00:01:00,-1.644768,18.40923,0.5849774,16.43534,0.56648,0.5340909,0.5725733,846.5609,60.52556,15.21215,61.77976,15.14576,7.282239,9.690308,462.0427,56.19717,22.28993,49.50602,21.40279,20.24297,29.46642,-1.443135,17.62003,0.9768115,14.74447,0.9323958,1.000125,0.9870486,227.844,62.85617,11.79945,53.60358,10.40518,5.66325,6.133757
2025-12-30 00:02:00,-1.527155,18.43753,0.5702531,16.38913,0.5799782,0.5310177,0.5728242,846.329,60.52737,15.36263,61.56007,15.26933,7.168796,9.651082,461.4671,56.18363,22.35589,49.51629,21.40704,20.26038,29.45125,-1.381064,17.49613,0.9289304,14.8025,0.9406352,0.9966563,0.9257711,228.6541,62.8774,11.70176,53.62484,10.33858,5.877038,6.111899
2025-12-30 00:03:00,-1.620863,18.44509,0.5897025,16.43523,0.6023318,0.5453035,0.555199,846.2997,60.70285,15.30827,61.85964,15.25099,7.268783,9.66036,460.06,56.21587,22.46384,49.51528,21.6422,20.51138,29.46115,-1.447869,17.61729,0.9665343,14.83128,0.9500624,0.9745727,0.924898,228.3976,62.86535,11.75007,53.62635,10.37793,5.661695,6.145782
2025-12-30 00:04:00,-1.6699,18.45297,0.6020709,16.47852,0.5729768,0.5336734,0.5584715,846.7413,60.80393,15.24698,61.97081,15.28112,7.23871,9.657272,460.6292,56.2023,22.5287,49.51769,21.59118,20.60545,29.36917,-1.457298,17.56944,0.9523273,14.84961,0.9249217,1.004275,0.9571886,228.2932,62.87993,11.70321,53.62624,10.34852,5.732228,6.164116
2025-12-30 00:05:00,-1.345682,18.47498,0.5849155,16.39717,0.5798474,0.5287215,0.5428938,846.6894,61.06305,15.33677,62.08946,15.26889,7.174751,9.647614,461.9437,56.20374,22.36024,49.51768,21.30401,20.40688,29.31229,-1.395922,17.51521,1.022867,14.75012,0.9354508,1.020098,0.9555206,228.2366,62.89037,11.72184,53.61942,10.38785,5.798717,6.215205
2025-12-30 00:06:00,-1.700521,18.50244,0.6169434,16.40552,0.5796108,0.5357082,0.5559856,847.3069,61.17217,15.21416,62.10918,15.21492,7.151331,9.652361,462.974,56.17572,22.53309,49.50002,21.2914,20.59114,29.40449,-1.417232,17.66433,0.9625211,14.93506,0.9715378,1.00512,0.9547173,228.6486,62.88586,11.74026,53.63854,10.29207,5.673617,6.119516
2025-12-30 00:07:00,-1.525943,18.45696,0.6346962,16.40399,0.5797347,0.5308136,0.5330451,848.067,60.57143,15.22061,61.813,15.15233,7.14458,9.680156,462.9363,56.18401,22.49744,49.50181,21.13529,20.32973,29.36,-1.561732,17.58387,0.9753091,14.83955,0.9608648,0.9963279,0.9586186,228.8634,62.8778,11.75863,53.62395,10.32672,5.7119,6.26252
2025-12-30 00:08:00,-1.470758,18.37205,0.5828806,16.43869,0.5674824,0.530897,0.5917808,846.362,60.58817,15.35965,61.6852,15.17694,7.094555,9.688438,462.0947,56.20366,22.32274,49.52236,21.31962,20.13509,29.34349,-1.373637,17.65003,0.9668145,14.86105,0.9230666,0.9803098,0.9637529,228.1708,62.88979,11.72693,53.62632,10.39739,5.890003,6.245011
2025-12-30 00:09:00,-1.566442,18.43961,0.5853687,16.48217,0.5749952,0.5263794,0.5740166,847.5129,60.78608,15.19577,61.77242,15.2556,7.212677,9.703296,461.3141,56.20551,22.59111,49.53346,21.24312,20.11695,29.31638,-1.509977,17.59086,0.9595519,14.84504,0.963573,0.9878109,0.9280084,228.0031,62.89866,11.8048,53.63897,10.36675,5.897208,6.317811
2025-12-30 00:10:00,-1.58883,18.41648,0.5820589,16.46075,0.60026,0.5306244,0.5643618,846.9315,61.05432,15.2876,61.80667,15.25456,7.114813,9.669902,460.9269,56.21934,22.43989,49.62754,21.49236,20.11539,29.32509,-1.495324,17.6262,0.9683385,14.85757,0.9719903,0.9693968,0.9575844,228.0967,62.90615,11.79411,53.66192,10.3485,5.837809,6.16523
2025-12-30 00:11:00,-1.581818,18.40248,0.5881714,16.45356,0.5770319,0.5309257,0.5807363,845.6015,60.75551,15.24161,62.26118,15.2002,7.113529,9.666586,460.9802,56.20881,22.61888,49.61014,21.57609,20.15578,29.40148,-1.537415,17.7101,0.9649652,14.75792,0.932531,1.003252,0.9555718,228.4729,62.89571,11.65719,53.64034,10.39153,5.72417,6.16079
2025-12-30 00:12:00,-1.601291,18.37624,0.5960891,16.41378,0.5883634,0.5454519,0.593038,843.3051,60.66077,15.1572,62.02753,15.19028,7.125929,9.685977,461.4473,56.2204,22.59066,49.62553,21.60359,20.57446,29.40893,-1.479221,17.71008,0.9930666,14.80678,0.9653139,0.9921076,0.9467769,228.2572,62.88919,11.66078,53.62836,10.29144,5.669882,6.107787
2025-12-30 00:13:00,-1.565318,18.41582,0.5924288,16.37836,0.558595,0.5204059,0.5743237,845.0496,60.83151,15.22434,61.87676,15.28621,7.12148,9.683716,460.5339,56.20765,22.44159,49.62445,21.45094,20.7373,29.31952,-1.372375,17.78602,0.9872406,14.82612,0.9625269,1.012036,0.9647125,228.0878,62.91412,11.78642,53.64774,10.31425,5.693563,6.230455
2025-12-30 00:14:00,-1.513938,18.29978,0.5798462,16.33859,0.569053,0.5310291,0.5522628,845.1907,60.7802,15.25933,61.9156,15.29748,7.142023,9.654469,460.6777,56.2095,22.40168,49.61407,21.44215,20.18599,29.31182,-1.415885,17.65886,0.9816756,14.81876,0.9463408,0.9777267,0.9563728,228.0665,62.91013,11.67654,53.64501,10.31094,5.797331,6.229865
2025-12-30 00:15:00,-1.573071,18.31805,0.5969012,16.33738,0.5832895,0.5362318,0.5806252,845.4271,60.83481,15.22301,61.96561,15.2837,7.141035,9.638707,461.5083,56.2147,22.4368,49.62635,21.53982,20.34007,29.38956,-1.419322,17.71587,0.9400699,14.76787,0.9643617,1.000743,0.9724323,228.2737,62.90921,11.73608,53.63908,10.33439,5.781702,6.228923
2025-12-30 00:16:00,-1.505312,18.46457,0.5858958,16.36595,0.5802934,0.5328314,0.5560674,847.3657,60.80404,15.3267,61.71325,15.22739,7.093403,9.683773,462.7297,56.21363,22.54459,49.61476,21.4023,20.50105,29.35138,-1.418458,17.72754,0.9798918,14.86967,0.9621227,0.9691085,0.9428911,228.6367,62.88672,11.87054,53.63685,10.34806,5.736418,6.200889
2025-12-30 00:17:00,-1.52129,18.44707,0.6006325,16.43656,0.5618513,0.570407,0.6013826,845.6309,60.82026,15.16319,61.63615,15.35392,7.146857,9.656542,463.0897,56.22464,22.50055,49.60138,21.81838,20.28486,29.34232,-1.356636,17.69661,0.9731576,14.79234,0.9496273,0.9825141,0.9421343,228.6256,62.89939,11.6464,53.63426,10.32951,5.707139,6.122674
2025-12-30 00:18:00,-1.544254,18.424,0.586491,16.40063,0.5602151,0.5309134,0.5635985,847.1755,60.51116,15.22334,61.69673,15.28249,7.127567,9.649497,464.1851,56.22914,22.60433,49.58125,21.81979,20.78521,29.40392,-1.404769,17.58519,1.007912,14.8161,0.9716987,0.9871886,0.9615835,228.5455,62.91129,11.76137,53.63395,10.36578,5.728558,6.167809
2025-12-30 00:19:00,-1.505101,18.35133,0.5866674,16.36697,0.5795835,0.5294919,0.5624297,847.4601,60.65472,15.29581,61.90646,15.20524,7.10046,9.636224,462.9295,56.22198,22.56811,49.62143,21.83593,20.43276,29.27992,-1.384499,17.68649,0.9822834,14.77395,0.9455384,0.9755618,0.9358059,228.7907,62.90686,11.78394,53.63352,10.36036,5.853686,6.290078
2025-12-30 00:20:00,-1.632263,18.433,0.5903406,16.42799,0.5820185,0.5312666,0.5800094,848.4061,60.70404,15.23488,61.74889,15.20594,7.187072,9.703509,461.9866,56.22365,22.62486,49.55188,21.72615,20.68313,29.37244,-1.532015,17.67769,0.9443382,14.86588,0.963471,0.9962112,0.9506325,228.6803,62.91241,11.74663,53.65542,10.41566,5.771379,6.235323
2025-12-30 00:21:00,-1.517514,18.36604,0.6090716,16.49548,0.5773436,0.5332639,0.5560243,848.3026,60.83456,15.32285,61.91893,15.16916,7.246721,9.61116,461.6886,56.2482,22.74599,49.61728,21.39428,20.60725,29.42225,-1.395444,17.56782,1.009938,14.85487,0.9641748,0.9940875,0.9851733,228.5932,62.91145,11.77567,53.64823,10.38633,5.616023,6.198785
2025-12-30 00:22:00,-1.514407,18.40609,0.588786,16.39524,0.5716587,0.5565233,0.5445415,847.8545,60.54816,15.22694,61.62009,15.20057,7.120955,9.65561,462.2612,56.22691,22.62282,49.63113,21.68584,20.38978,29.26294,-1.454272,17.66424,1.007412,14.82211,0.9451665,0.99153,0.9692414,228.965,62.92495,11.80983,53.65238,10.26942,5.763594,6.225205
2025-12-30 00:23:00,-1.609624,18.39357,0.5803696,16.40492,0.5738822,0.5331595,0.59208,847.1824,60.92323,15.20783,61.64759,15.23846,7.17528,9.628102,462.6734,56.23679,22.62099,49.61517,21.7631,20.0887,29.20768,-1.375859,17.72942,0.9680623,14.83852,0.9646277,0.9805919,0.955905,228.5562,62.94811,11.76498,53.63947,10.35909,5.684462,6.22426
2025-12-30 00:24:00,-1.622303,18.42442,0.5928497,16.38418,0.5680249,0.5307754,0.55669,848.3971,61.00888,15.21741,61.71021,15.23231,7.100424,9.657961,463.8036,56.22851,22.49421,49.61197,21.6114,20.54955,29.34131,-1.356599,17.77013,0.9776162,14.82678,0.9597927,0.9831833,0.9474257,229.1751,62.92546,11.68708,53.66899,10.3477,5.782209,6.173531
2025-12-30 00:25:00,-1.655976,18.39969,0.5837945,16.33166,0.5732816,0.5298679,0.5801702,847.8412,60.70394,15.2138,61.9359,15.21443,7.194579,9.66268,464.1926,56.22743,22.50553,49.57757,21.69389,20.52992,29.35431,-1.495164,17.69751,0.9852979,14.86576,0.9664701,0.9939783,0.9329371,229.0103,62.90974,11.7368,53.65681,10.32334,5.758758,6.180614
2025-12-30 00:26:00,-1.672373,18.28162,0.577519,16.41526,0.5700991,0.5251461,0.572964,848.5397,61.00465,15.2662,61.80462,15.22476,7.162144,9.652263,462.9941,56.24884,22.50913,49.57247,21.69336,20.38829,29.34525,-1.391221,17.67869,0.9594601,14.82805,0.9529583,0.993506,0.9515316,228.8869,62.89799,11.70801,53.66847,10.34153,5.746908,6.239535
2025-12-30 00:27:00,-1.508458,18.28964,0.5885142,16.37747,0.5630345,0.5464246,0.5801333,848.3102,60.81918,15.2946,61.75753,15.1841,7.204982,9.659454,462.5295,56.2421,22.52078,49.57012,21.45607,20.70351,29.33309,-1.499685,17.58403,0.9845619,14.81564,0.9589741,0.9718008,0.9821989,228.7737,62.91416,11.72189,53.67083,10.35892,5.684055,6.212884
2025-12-30 00:28:00,-1.571205,18.27493,0.5772973,16.40231,0.5771974,0.5327367,0.5743799,849.4704,60.56181,15.29109,61.82416,15.28635,7.141023,9.668022,461.4675,56.26767,22.42908,49.57783,21.45437,20.68088,29.24804,-1.381515,17.68531,0.9821222,14.77521,0.9745488,0.9998737,0.943611,228.8228,62.89371,11.85931,53.66737,10.35637,5.689507,6.310861
2025-12-30 00:29:00,-1.537755,18.52849,0.6076845,16.34241,0.5764608,0.5322281,0.5832916,847.9935,60.89699,15.23443,61.96037,15.28051,7.144054,9.62201,463.2141,56.24416,22.44386,49.61262,21.23451,20.47398,29.28182,-1.319021,17.67693,0.9697007,14.83714,0.9438947,0.9729542,0.9426475,228.8676,62.893,11.72471,53.6541,10.37974,5.873114,6.237841
2025-12-30 00:30:00,-1.501777,18.37271,0.6085519,16.36644,0.5805687,0.5444716,0.5503456,847.1905,60.46777,15.29549,61.68584,15.2114,7.15051,9.631371,463.307,56.22587,22.43551,49.58299,21.26419,20.23508,29.25649,-1.379208,17.62733,0.9795551,14.83389,0.9759247,0.9794284,0.9508725,228.41,62.90101,11.7279,53.65416,10.39404,5.686688,6.172032
2025-12-30 00:31:00,-1.573751,18.3559,0.5901713,16.37254,0.588822,0.5346083,0.5574951,849.172,60.74538,15.36873,61.64828,15.2496,7.141111,9.646964,463.3694,56.25097,22.40716,49.5643,21.59953,20.10854,29.21769,-1.455749,17.73871,0.9841212,14.89072,0.9746761,0.9807454,0.9611761,229.0909,62.92247,11.75926,53.66866,10.36833,5.677008,6.230617
2025-12-30 00:32:00,-1.511659,18.4105,0.5821262,16.31394,0.5611158,0.5312269,0.5658926,849.1344,60.95468,15.24227,62.00629,15.28189,7.252526,9.680045,462.8705,56.24908,22.28561,49.60662,21.50033,20.00979,29.33579,-1.503172,17.68561,0.9587465,14.86916,1.000813,0.9963353,0.957541,229.0267,62.9249,11.70146,53.6795,10.36688,5.673038,6.122613
2025-12-30 00:33:00,-1.421296,18.50215,0.5839518,16.45527,0.5779142,0.5311019,0.5966766,847.3077,60.57907,15.21736,62.02237,15.31513,7.256145,9.612637,462.5507,56.25029,22.32071,49.50184,21.50734,20.52984,29.24836,-1.381505,17.79719,0.9713207,14.91785,0.9640037,1.00607,0.9886748,228.425,62.90374,11.80114,53.65565,10.41306,5.684284,6.173817
2025-12-30 00:34:00,-1.610581,18.29111,0.5812896,16.39532,0.5720487,0.5307504,0.5531363,848.1956,60.74973,15.28834,61.52764,15.25492,7.211084,9.661819,461.8488,56.23424,22.40735,49.58807,21.55698,20.71515,29.27972,-1.390107,17.58111,0.9645378,14.69748,0.9410612,0.9880951,0.9689776,228.122,62.92488,11.89743,53.65227,10.45164,5.685472,6.26639
2025-12-30 00:35:00,-1.498024,18.53401,0.5952566,16.40332,0.5633657,0.5310947,0.5786645,849.7196,60.80435,15.16756,62.09533,15.2135,7.095757,9.670211,463.0734,56.25364,22.33402,49.53365,21.23895,20.64573,29.27148,-1.350987,17.69555,0.9660947,14.80577,0.9724085,0.9803249,0.9662471,229.1601,62.92393,11.73644,53.6391,10.41444,5.759646,6.256711
2025-12-30 00:36:00,-1.51687,18.29823,0.6038097,16.39966,0.5496184,0.5094662,0.5723227,850.0107,61.23122,15.29157,62.06049,15.2809,7.066465,9.631017,463.3431,56.21991,22.39707,49.50037,21.27943,20.64201,29.28684,-1.3948,17.58669,0.9837969,14.66889,0.9500817,0.9806433,0.9323256,229.555,62.91561,11.79499,53.64973,10.36862,5.936985,6.272879
2025-12-30 00:37:00,-1.502971,18.24218,0.5822743,16.41863,0.5711721,0.5367333,0.5660447,848.9964,60.41927,15.16648,61.95512,15.28541,7.226307,9.671335,463.3817,56.24712,22.45748,49.50346,21.71995,20.73525,29.32187,-1.299745,17.6571,0.9914921,14.82812,0.9646439,1.0023,0.9620083,229.2059,62.92593,11.78196,53.65947,10.39903,5.633293,6.08967
2025-12-30 00:38:00,-1.745913,18.49024,0.5808467,16.4022,0.5729312,0.5519864,0.5573449,849.6082,60.55421,15.20865,61.6235,15.22896,7.159413,9.688317,462.6487,56.23354,22.53539,49.51687,21.48147,20.72947,29.40324,-1.436463,17.65839,1.005486,14.86005,0.9810989,0.968894,0.973679,228.9374,62.93661,11.77957,53.64337,10.31658,5.811161,6.174767
2025-12-30 00:39:00,-1.664062,18.33494,0.5805706,16.34389,0.57557,0.5330306,0.576703,847.6725,60.79601,15.17846,61.43867,15.18479,7.213448,9.644173,462.1761,56.26397,22.27629,49.51733,21.31942,20.38928,29.25077,-1.395182,17.65156,0.9908679,14.82117,0.9645482,0.9794705,0.9382654,228.5525,62.93814,11.70644,53.6674,10.29221,5.908167,6.214818
2025-12-30 00:40:00,-1.549814,18.37196,0.6099081,16.45451,0.5736817,0.5239463,0.5749103,849.6519,60.71505,15.26779,61.99117,15.21342,7.118354,9.634371,463.4807,56.24336,22.50216,49.50333,21.2923,20.50735,29.28809,-1.424516,17.7962,0.9626389,14.88215,0.9649226,0.983484,0.93747,229.2476,62.90715,11.81078,53.63852,10.42621,5.736725,6.199433
2025-12-30 00:41:00,-1.694641,18.29116,0.5902563,16.43211,0.5752729,0.5515369,0.5659344,849.7244,60.65533,15.21751,61.93277,15.2027,7.167379,9.690043,463.4938,56.25518,22.38166,49.53013,21.25954,20.25497,29.26258,-1.580734,17.72276,0.9601967,14.7984,0.9479467,0.9795196,0.9371928,229.4117,62.93903,11.83525,53.66087,10.36959,5.716614,6.283696
2025-12-30 00:42:00,-1.598864,18.49882,0.5926555,16.38348,0.5794284,0.5322602,0.5784236,850.0187,60.68181,15.22735,62.04646,15.22249,7.201276,9.594098,464.3842,56.24926,22.42336,49.50446,21.29498,20.35145,29.254,-1.375631,17.61562,0.9660398,14.77923,0.9456125,0.991522,0.9530674,229.4099,62.93978,11.68556,53.65041,10.43354,5.708433,6.244204
2025-12-30 00:43:00,-1.607762,18.41259,0.586092,16.34998,0.5794235,0.5150849,0.5729074,849.404,60.80731,15.18058,61.45135,15.2552,7.115509,9.615728,463.1979,56.27129,22.40825,49.54819,21.24739,20.02654,29.23398,-1.363622,17.69245,0.9656396,14.75071,0.9863263,0.9799376,0.953496,229.1146,62.92829,11.74332,53.65066,10.3895,5.707808,6.185334
2025-12-30 00:44:00,-1.498883,18.31189,0.5824888,16.35986,0.5788941,0.5310256,0.5516715,850.6668,60.92155,15.3274,61.4684,15.15125,7.164316,9.664235,462.7252,56.26458,22.30182,49.52411,21.51933,20.1161,29.19334,-1.408337,17.58677,0.9643107,14.93832,0.9606463,0.965793,0.9344769,229.1306,62.95084,11.63796,53.65646,10.34305,5.776936,6.277995
2025-12-30 00:45:00,-1.665633,18.43227,0.61048,16.41439,0.5521491,0.5517311,0.5579662,848.0728,60.91815,15.36615,61.76861,15.25377,7.205414,9.64988,462.6048,56.27374,22.39839,49.52934,21.30555,20.23732,29.28694,-1.461885,17.61814,1.001728,14.76102,0.9441676,0.985896,0.962702,228.811,62.95076,11.72912,53.6623,10.46222,5.70121,6.247097
2025-12-30 00:46:00,-1.529873,18.23972,0.6076205,16.39652,0.5795038,0.531062,0.5628858,848.724,61.04784,15.28611,61.52459,15.31399,7.138704,9.639592,462.7765,56.25991,22.36201,49.50067,21.73437,20.28803,29.24132,-1.399814,17.56675,0.976629,14.84128,0.9641764,0.9677885,0.9532913,228.769,62.93868,11.79316,53.64001,10.42075,5.571669,6.121024
2025-12-30 00:47:00,-1.573698,18.37959,0.6015355,16.35948,0.5853208,0.5320191,0.5394828,845.225,60.52288,15.1939,61.4394,15.32266,7.289747,9.637525,462.5659,56.24787,22.48501,49.50536,21.62747,20.28409,29.28199,-1.496193,17.71347,0.9987312,14.79532,0.9448621,0.967769,0.9678423,228.5921,62.94902,11.78465,53.66343,10.40862,5.667706,6.141858
2025-12-30 00:48:00,-1.663964,18.37749,0.6165941,16.34502,0.5380505,0.5404806,0.571025,848.3046,60.81334,15.24144,61.85646,15.2545,7.098339,9.640255,462.6844,56.26971,22.4101,49.50906,21.69431,20.18871,29.23805,-1.442291,17.58898,0.9664624,14.80294,0.9576945,0.9531925,0.9522734,228.9987,62.95472,11.77668,53.67203,10.32704,5.75344,6.331528
2025-12-30 00:49:00,-1.513012,18.26842,0.5912881,16.39742,0.5719631,0.5225785,0.5598607,847.6849,61.09249,15.14434,61.85152,15.28114,7.230348,9.678774,461.8143,56.25618,22.41473,49.50037,21.63349,20.16388,29.21687,-1.463794,17.7608,0.9742325,14.75918,0.9703581,0.9830677,0.9516289,229.0539,62.95137,11.55641,53.69787,10.3354,5.793548,6.227247
2025-12-30 00:50:00,-1.474631,18.32592,0.5834095,16.34437,0.5422928,0.5202748,0.5651587,850.1074,60.75034,15.22767,61.46383,15.27417,7.221748,9.657443,461.2617,56.23842,22.38968,49.50245,21.44514,20.664,29.29106,-1.366254,17.62722,0.9666612,14.80775,0.9475625,0.9796805,0.9538895,228.9258,62.96338,11.71026,53.67654,10.36591,5.678515,6.188399
2025-12-30 00:51:00,-1.685803,18.2657,0.5804921,16.34518,0.5729071,0.5543505,0.567399,854.1384,60.71152,15.26176,61.71581,15.22571,7.120829,9.631026,461.6112,56.27143,22.24633,49.51633,21.24313,20.5889,29.23925,-1.563732,17.72472,0.9597516,14.83328,0.9711332,0.9990838,0.9639763,228.2437,62.94409,11.79046,53.68353,10.36076,5.662248,6.152904
2025-12-30 00:52:00,-1.774466,18.35699,0.6038902,16.38515,0.563246,0.5280387,0.5675482,861.27,60.35793,15.24249,61.61857,15.19268,7.071126,9.639135,462.5298,56.23869,22.40983,49.52207,21.50571,20.2448,29.11571,-1.45094,17.71812,0.9785092,14.88031,0.9172563,0.9816495,0.9524097,228.8478,62.946,11.79052,53.69633,10.4394,5.629745,6.163527
2025-12-30 00:53:00,-1.488883,18.45634,0.5766411,16.33881,0.5855548,0.5408272,0.5542634,864.4307,60.72727,15.26088,61.79474,15.23204,7.148079,9.653918,462.1588,56.25258,22.37562,49.51539,21.26335,20.18962,29.19493,-1.415828,17.66598,0.9892452,14.78381,1.004521,0.9632571,0.9561077,228.8774,62.94438,11.75341,53.68417,10.35215,5.668956,6.204782
2025-12-30 00:54:00,-1.578058,18.48321,0.6018925,16.37821,0.5781476,0.5334325,0.5675773,871.2635,61.14435,15.30249,62.03957,15.25503,7.205756,9.6151,463.1493,56.24196,22.35853,49.52269,21.35936,20.10084,29.19657,-1.532196,17.75865,0.974012,14.75101,0.9685827,0.9678403,0.9361136,228.7209,62.95614,11.76338,53.69225,10.33077,5.803717,6.233382
2025-12-30 00:55:00,-1.496211,18.31811,0.6122156,16.36753,0.5768661,0.5486144,0.5696665,888.292,60.80799,15.18645,61.59274,15.22761,7.15592,9.662752,462.6333,56.269,22.49881,49.5069,21.65456,20.30912,29.28972,-1.534973,17.58257,0.9915745,14.83809,0.9569007,0.9699432,0.9533196,228.8702,62.9548,11.72675,53.68833,10.35841,5.791045,6.21165
2025-12-30 00:56:00,-1.68741,18.29273,0.5871797,16.38125,0.5659475,0.5310138,0.577584,898.1268,60.89321,15.20796,61.74966,15.27176,7.195004,9.651301,463.1117,56.25047,22.43351,49.50177,21.39542,20.34397,29.22388,-1.522888,17.7251,0.9388407,14.8154,0.9292709,0.9927338,0.9368301,228.7376,62.95382,11.80672,53.67864,10.37115,5.613572,6.207779
2025-12-30 00:57:00,-1.698625,18.35184,0.5829987,16.35852,0.555276,0.5335195,0.5371168,905.7737,60.9566,15.18667,61.86356,15.27563,7.17892,9.643752,461.7982,56.2442,22.46559,49.52423,21.64706,20.33648,29.21151,-1.428486,17.66462,0.9740259,14.80135,0.9473568,0.988365,0.9810402,228.7202,62.94739,11.70393,53.67005,10.31756,5.863803,6.291737
2025-12-30 00:58:00,-1.786971,18.28594,0.6003613,16.35717,0.5598804,0.5309047,0.5706694,914.4585,61.0595,15.29876,61.85365,15.22171,7.165166,9.624677,462.0575,56.2607,22.52164,49.52413,21.61781,20.08258,29.28705,-1.364815,17.62962,0.9661242,14.73941,0.9544825,0.9677664,0.9333574,228.8117,62.95243,11.765,53.6789,10.43656,5.745762,6.214383
2025-12-30 00:59:00,-1.624706,18.36865,0.6033419,16.31542,0.587438,0.5310192,0.5474046,927.9568,60.94565,15.33289,61.86355,15.25805,7.150871,9.620812,461.8827,56.26245,22.3848,49.51148,21.42224,20.61506,29.2738,-1.422704,17.6792,0.9564582,14.7622,0.9403698,0.9637671,0.9274842,228.64,62.95408,11.82219,53.69027,10.34654,5.710427,6.148134
2025-12-30 01:00:00,-1.507986,18.25281,0.6093671,16.35342,0.5609972,0.5436485,0.5529076,944.0192,60.70137,15.27157,61.58562,15.23684,7.208214,9.66995,461.4473,56.24431,22.25562,49.53489,21.32597,20.57875,29.25108,-1.421701,17.73859,0.9891458,14.80424,0.9234108,1.012254,0.9524134,228.6276,62.94732,11.70203,53.68156,10.36238,5.802739,6.214125
2025-12-30 01:01:00,-1.5769,18.29901,0.5953449,16.39688,0.5886126,0.5310109,0.5532224,954.864,60.4726,15.37355,61.93062,15.26093,7.165983,9.736731,462.7477,56.24774,22.5252,49.568,21.27847,20.38867,29.16547,-1.455428,17.59529,0.9535982,14.84171,0.9565911,0.9625454,0.9449595,228.8638,62.94609,11.76237,53.67612,10.38723,5.686787,6.183156
2025-12-30 01:02:00,-1.443924,18.27732,0.6002701,16.42011,0.5761796,0.539655,0.5683869,958.6658,60.78081,15.36256,61.53678,15.23855,7.151895,9.681914,462.5851,56.27085,22.41432,49.61388,21.2786,20.35513,29.1632,-1.485764,17.57878,0.9470384,14.76811,0.9395034,0.9578598,0.939879,228.9955,62.9466,11.75885,53.70082,10.40667,5.906448,6.203408
2025-12-30 01:03:00,-1.555904,18.36335,0.5802226,16.36311,0.5783732,0.5448965,0.566432,960.2904,60.93361,15.34037,61.94984,15.22377,7.179445,9.682499,464.4117,56.28846,22.43934,49.62391,21.59518,20.2744,29.22304,-1.434478,17.56458,0.9518741,14.75454,0.9482852,0.9669953,0.9407284,229.024,62.9593,11.74161,53.68435,10.3988,5.737924,6.235213
2025-12-30 01:04:00,-1.437776,18.3156,0.600902,16.37013,0.5586952,0.5173184,0.6078355,951.9993,60.76198,15.33128,61.54829,15.21614,7.17222,9.655745,463.8388,56.28915,22.63102,49.56057,21.57853,20.38486,29.25374,-1.417342,17.62034,0.958979,14.82086,0.9534131,0.952052,0.9632866,228.6024,62.95437,11.76448,53.67907,10.39339,5.757948,6.24703
2025-12-30 01:05:00,-1.675777,18.34603,0.5910295,16.31128,0.5742584,0.5170915,0.5898266,917.2811,60.6433,15.44,61.76275,15.22357,7.160192,9.6514,464.4286,56.28371,22.46519,49.5407,21.63442,20.30838,29.24347,-1.388573,17.56903,0.9604861,14.75716,0.9419148,0.9684049,0.9479825,228.9856,62.94936,11.63296,53.68791,10.26809,5.621836,6.158972
2025-12-30 01:06:00,-1.529973,18.41642,0.5799109,16.38008,0.5718753,0.5341973,0.5786281,873.0473,60.82334,15.23409,61.92756,15.26129,7.018457,9.635898,462.8107,56.27866,22.51005,49.54406,21.54079,19.99524,29.26991,-1.407902,17.53132,0.9601113,14.74193,0.9374301,0.9501578,0.9289803,228.8835,62.94599,11.71533,53.68393,10.34987,5.666058,6.242817
2025-12-30 01:07:00,-1.534213,18.36419,0.5882699,16.39512,0.5672555,0.555233,0.5494093,851.84,60.92075,15.37078,61.83187,15.28541,7.085185,9.606948,461.5606,56.27562,22.57596,49.51193,21.61147,20.57434,29.27558,-1.395475,17.58786,0.9597653,14.73599,0.9513275,0.9734141,0.943453,228.6965,62.94145,11.69006,53.68128,10.34922,5.604408,6.230309
2025-12-30 01:08:00,-1.490333,18.42916,0.5788602,16.39073,0.5656933,0.5310443,0.5528149,850.2962,60.83026,15.31266,61.8663,15.26211,7.156864,9.667961,457.3822,56.24224,22.33409,49.56591,21.261,20.72553,29.22183,-1.455512,17.51917,0.9653921,14.7587,0.9715935,0.9660541,0.9763653,228.2404,62.95278,11.65927,53.69135,10.28323,5.682326,6.172349
2025-12-30 01:09:00,-1.505985,18.25944,0.5852655,16.39469,0.5679961,0.5310465,0.5644581,859.8415,60.77764,15.30243,61.87485,15.28458,7.155609,9.64291,460.3565,56.26359,22.33817,49.59775,21.35616,20.32319,29.16946,-1.392914,17.69882,0.941255,14.76323,0.937067,0.9666098,0.932585,228.7772,62.95056,11.66639,53.69462,10.38626,5.795616,6.120275
2025-12-30 01:10:00,-1.636285,18.34006,0.5967778,16.37224,0.5507336,0.5511117,0.5450314,861.8463,61.01113,15.29497,61.73746,15.27477,7.239431,9.677819,462.2135,56.24471,22.45236,49.62263,21.28792,20.12538,29.18617,-1.370609,17.71974,0.9600497,14.69786,0.9376888,0.9481589,0.9583552,229.54,62.94164,11.75762,53.70334,10.292,5.710947,6.298714
2025-12-30 01:11:00,-1.566379,18.26023,0.5834334,16.36659,0.5629821,0.5310142,0.575363,860.3322,60.88418,15.26896,61.54177,15.21064,7.116604,9.608969,461.1451,56.28661,22.44788,49.61442,21.44316,20.25362,29.23151,-1.396136,17.62545,0.9744414,14.74456,0.9615065,0.9742719,0.968387,229.646,62.92793,11.64083,53.6906,10.31053,5.881594,6.177915
2025-12-30 01:12:00,-1.388723,18.40663,0.6025621,16.36953,0.5691131,0.5322496,0.5430655,858.8417,60.62257,15.31997,61.75047,15.17654,7.123152,9.611736,461.2069,56.28735,22.55336,49.62317,21.7821,20.38,29.1679,-1.418894,17.67312,0.9584846,14.7905,0.950835,0.9843071,0.9387237,229.3205,62.95461,11.78499,53.71553,10.4266,5.706657,6.194122
2025-12-30 01:13:00,-1.476831,18.10267,0.5831019,16.37548,0.5595025,0.5377491,0.5641226,855.2956,60.78303,15.25616,61.75771,15.20649,7.185094,9.711226,459.2476,56.2757,22.50091,49.61066,21.31842,20.63099,29.1506,-1.452856,17.58082,0.9954056,14.70368,0.9357642,0.9606887,0.9202042,228.4332,62.94766,11.6215,53.71961,10.34239,5.725495,6.14011
2025-12-30 01:14:00,-1.636709,18.38872,0.5855235,16.38125,0.5369242,0.5195987,0.5651936,853.3434,61.11029,15.26986,61.76692,15.22296,7.074973,9.697862,459.5129,56.29893,22.36,49.61034,21.23322,20.28914,29.16996,-1.36433,17.72117,0.950023,14.71695,0.9716571,0.9657187,0.9207304,228.8286,62.94614,11.55876,53.6878,10.40574,5.925822,6.264069
2025-12-30 01:15:00,-1.598227,18.31418,0.5848728,16.32708,0.5810987,0.5379618,0.5475761,851.8192,60.84245,15.2685,62.00139,15.21354,7.122865,9.632638,459.9372,56.29103,22.35044,49.62472,21.55208,20.34108,29.15669,-1.547417,17.56938,0.9737028,14.74174,0.9368406,0.9670652,0.9343451,228.6384,62.94143,11.59468,53.70621,10.33663,5.623737,6.129368
2025-12-30 01:16:00,-1.494271,18.43255,0.595107,16.34327,0.5657616,0.531474,0.5740235,853.4568,60.70433,15.27178,61.49421,15.19026,7.125035,9.615373,460.9625,56.27353,22.40932,49.6174,21.54421,20.10468,29.23819,-1.3722,17.7074,0.9862706,14.80092,0.9274074,0.9902703,0.950264,228.6427,62.98681,11.60263,53.67726,10.4161,5.721316,6.177773
2025-12-30 01:17:00,-1.593344,18.47362,0.5572563,16.34614,0.5721387,0.5310158,0.5727878,853.3384,60.84322,15.22633,62.03841,15.1978,7.178689,9.614508,460.2027,56.29031,22.48975,49.61075,21.39643,20.80123,29.17978,-1.392767,17.73878,0.9152471,14.79079,0.9441969,0.9524292,0.9606111,228.5322,62.94106,11.58583,53.73062,10.40313,5.708245,6.190463
2025-12-30 01:18:00,-1.415299,18.2774,0.5828637,16.37342,0.5785208,0.5297153,0.5636662,852.476,60.73088,15.32107,61.70639,15.22355,7.14802,9.66458,458.7234,56.3063,22.15815,49.61769,21.09328,20.58775,29.19189,-1.523777,17.63842,0.9613273,14.66153,0.9345323,0.9607174,0.9398199,228.5013,62.94261,11.52945,53.69015,10.34445,5.74304,6.154243
2025-12-30 01:19:00,-1.491958,18.28105,0.6159356,16.29741,0.5744226,0.5437574,0.5671054,852.9051,60.64144,15.25467,61.91508,15.15796,6.991061,9.66869,458.6508,56.30531,22.34017,49.6253,21.26423,20.12522,29.05227,-1.369888,17.79178,0.9467853,14.7471,0.9613575,1.007744,0.9841009,228.3095,62.96514,11.56405,53.72043,10.30659,5.676303,6.13616
2025-12-30 01:20:00,-1.554951,18.42116,0.5804633,16.33772,0.5783137,0.53518,0.5573804,853.6548,60.97514,15.23877,61.75966,15.15818,7.231724,9.617261,457.1519,56.30668,22.50374,49.61897,21.63786,20.24257,29.19116,-1.363416,17.51249,0.9514489,14.69112,0.9177293,0.9595335,0.9336442,227.7296,62.95579,11.78351,53.71413,10.33466,5.804393,6.111342
2025-12-30 01:21:00,-1.495127,18.31548,0.6217484,16.39895,0.6011219,0.5467476,0.5690416,852.8405,60.86813,15.12289,62.19199,15.21097,6.996969,9.618905,453.2913,56.28363,22.31316,49.62526,21.12815,20.28406,29.18013,-1.399542,17.61049,0.9586034,14.71367,0.9212343,0.959062,0.9278817,226.7418,62.94964,11.75756,53.71375,10.45181,5.746378,6.182698
2025-12-30 01:22:00,-1.597455,18.30047,0.5815522,16.36709,0.5768893,0.5312436,0.5598137,850.384,61.2132,15.24722,62.07163,15.24949,7.087695,9.676361,451.7036,56.27509,22.43123,49.61005,21.54262,20.50763,29.20647,-1.436292,17.61925,0.9602087,14.739,0.9439971,1.007115,0.961345,226.2804,62.95391,11.65416,53.7165,10.31321,5.589334,6.117003
2025-12-30 01:23:00,-1.465554,18.27207,0.5797065,16.48741,0.5748218,0.5310553,0.5669212,846.4521,61.21117,15.26355,61.93259,15.14108,7.123248,9.642916,450.2207,56.29297,22.39588,49.60962,21.45835,20.11538,29.09358,-1.403462,17.50686,0.9574464,14.67689,0.9224221,0.9403233,0.9223561,225.9755,62.95182,11.71099,53.72303,10.36008,5.81844,6.108346
2025-12-30 01:24:00,-1.347281,18.19423,0.5915151,16.31756,0.5737494,0.5342464,0.5750439,839.9725,61.09621,15.24872,61.86201,15.18468,7.093784,9.64644,449.1876,56.27456,22.31761,49.60971,21.27156,20.24686,29.03209,-1.428878,17.49539,0.9373752,14.7054,0.927429,0.967827,0.9154965,225.7803,62.95173,11.58947,53.71049,10.29539,5.648674,6.169257
2025-12-30 01:25:00,-1.539143,18.36233,0.5626753,16.33852,0.5678161,0.5351709,0.5727549,840.6497,60.72602,15.28396,61.61851,15.30159,7.145341,9.675187,451.4168,56.27284,22.4171,49.6177,21.63309,20.41919,29.05971,-1.37249,17.52634,0.9384032,14.72155,0.9394007,0.9467166,0.9370353,226.5709,62.95208,11.80282,53.70428,10.31254,5.648874,6.215168
2025-12-30 01:26:00,-1.52374,18.26747,0.6014448,16.33877,0.5565503,0.5045915,0.577247,845.1903,60.66784,15.18981,62.12547,15.27942,7.092913,9.654304,454.696,56.28662,22.17442,49.62691,21.75625,20.03268,29.07421,-1.405947,17.56357,0.9426526,14.71011,0.916851,0.9648806,0.9250975,227.7616,62.95982,11.74575,53.73445,10.37017,5.71736,6.321015
2025-12-30 01:27:00,-1.815711,18.47249,0.5993572,16.38651,0.5696779,0.5310373,0.5827444,853.7559,60.40762,15.27493,62.25502,15.19073,7.311325,9.597617,458.7937,56.28465,22.42797,49.62252,21.75735,20.13537,29.17282,-1.346609,17.64021,0.9872471,14.80265,0.9254024,0.952659,0.9431859,228.5629,62.96118,11.80457,53.7285,10.33175,5.643894,6.215216
2025-12-30 01:28:00,-1.582964,18.23141,0.5950496,16.29609,0.591033,0.5055007,0.545752,858.0717,60.88437,15.12524,62.04499,15.17588,7.161404,9.622288,461.2139,56.29233,22.41598,49.61827,21.40382,20.60563,29.15614,-1.343649,17.62568,0.9471123,14.66832,0.9303117,0.9362183,0.9609559,229.5017,62.95206,11.80866,53.71133,10.40231,5.630084,6.284344
2025-12-30 01:29:00,-1.582022,18.17945,0.6042864,16.38472,0.5717909,0.5464508,0.5701994,859.4608,60.82056,15.19039,62.13629,15.16064,7.08473,9.625245,460.4376,56.2757,22.39739,49.61066,21.35331,20.61118,29.0797,-1.473423,17.70115,0.9651,14.70491,0.9570263,0.9693211,0.9317369,229.2741,62.95252,11.70161,53.72229,10.37028,5.828664,6.231257
2025-12-30 01:30:00,-1.497907,18.24474,0.6143101,16.34464,0.5778064,0.5301359,0.5676317,855.8279,60.44522,15.1558,62.00151,15.32039,7.070583,9.669173,455.2101,56.27193,22.47657,49.61618,21.73329,20.17584,29.18756,-1.359305,17.55591,0.9787716,14.72368,0.9652738,0.98049,0.9534243,227.4817,62.9562,11.68951,53.71413,10.36006,5.679039,6.204685
2025-12-30 01:31:00,-1.80134,18.31399,0.580835,16.28464,0.5469219,0.5286033,0.5390545,852.4515,60.92665,15.22207,62.03904,15.1856,7.171787,9.657336,453.3763,56.28482,22.29353,49.61573,21.2692,20.59177,29.04431,-1.435317,17.69974,0.9571901,14.79011,0.9245158,0.9326729,0.941012,226.3765,62.96154,11.78657,53.70339,10.37609,5.582242,6.118913
2025-12-30 01:32:00,-1.519682,18.31738,0.5877675,16.33525,0.5692912,0.5366551,0.5496499,851.6539,61.01706,15.21903,61.72902,15.22237,7.044325,9.632085,455.713,56.26291,22.45848,49.61063,21.29981,20.36981,29.1748,-1.373244,17.63979,0.9656593,14.73081,0.9138684,0.9645199,0.9406378,226.5503,62.95774,11.81534,53.73811,10.43409,5.683717,6.219051
2025-12-30 01:33:00,-1.488423,18.27366,0.5904225,16.31594,0.5971306,0.5587789,0.5719443,851.5822,60.95989,15.26508,61.82687,15.19499,7.149119,9.654839,457.4184,56.25721,22.39222,49.60666,21.21703,20.75575,29.24411,-1.377424,17.61711,0.9362339,14.72299,0.9481997,0.9392595,0.9538202,227.0158,62.95951,11.69985,53.72661,10.33345,5.734739,6.231531
2025-12-30 01:34:00,-1.471632,18.26737,0.6061525,16.349,0.5754915,0.5390642,0.5502126,851.4386,61.11391,15.22833,61.72404,15.2635,7.196234,9.693653,457.8902,56.26075,22.54638,49.6181,21.43896,20.19498,29.17868,-1.495816,17.57129,0.9622715,14.73753,0.935302,0.9610683,0.9637564,227.1608,62.98209,11.60114,53.71659,10.35044,5.734795,6.158005
2025-12-30 01:35:00,-1.6294,18.38099,0.5926046,16.31517,0.5655183,0.5387051,0.5740788,851.4526,60.60999,15.31447,61.65476,15.26689,7.344181,9.631353,455.7275,56.28469,22.44862,49.61496,21.70036,20.63654,29.15464,-1.363636,17.60077,0.9547781,14.7121,0.9488661,0.9852583,0.9516279,227.0947,62.95911,11.7183,53.72687,10.4482,5.716033,6.11421
2025-12-30 01:36:00,-1.677168,18.32425,0.5815688,16.32907,0.5601883,0.5305431,0.5667012,850.9568,60.67211,15.19679,61.917,15.26149,7.11991,9.647715,455.1346,56.28618,22.42768,49.61798,21.34152,20.18408,29.09997,-1.5222,17.49306,0.9550378,14.72026,0.972961,0.9935233,0.9379166,226.9422,62.96039,11.60313,53.70094,10.41606,5.555398,6.144767
2025-12-30 01:37:00,-1.626405,18.28001,0.5862095,16.32693,0.5772933,0.5357758,0.5920819,847.6892,60.54575,15.27077,61.91123,15.23343,7.192482,9.640232,456.6096,56.28445,22.45287,49.60286,21.65703,20.29963,29.17625,-1.418662,17.58722,0.9478219,14.65015,0.951346,0.991805,0.946785,227.2808,62.96095,11.63267,53.70657,10.31134,5.808262,6.220978
2025-12-30 01:38:00,-1.692385,18.33904,0.582706,16.3054,0.5628411,0.5541292,0.5583979,848.5078,61.02106,15.24142,61.91228,15.26813,7.098085,9.67481,458.3098,56.28508,22.38622,49.62318,21.56561,20.59732,29.17981,-1.445178,17.57293,0.9888041,14.69297,0.9322661,0.9761222,0.9616659,227.9586,62.95693,11.72421,53.70567,10.4276,5.687193,6.218202
2025-12-30 01:39:00,-1.484047,18.17696,0.6156768,16.2824,0.5688835,0.5389385,0.5796288,847.757,60.62394,15.24447,61.61212,15.2892,7.260885,9.669733,459.0318,56.28734,22.38303,49.61512,21.29419,20.32534,29.18772,-1.519688,17.53469,0.9538449,14.74107,0.937519,0.9441228,0.9745628,228.0609,62.96207,11.65997,53.69681,10.4192,5.848687,6.349225
2025-12-30 01:40:00,-1.608698,18.24046,0.6063602,16.28876,0.572634,0.5318525,0.5544465,849.4799,60.90853,15.22078,61.7172,15.21807,7.166131,9.675154,458.5782,56.26119,22.48244,49.61602,21.45551,20.63626,29.22711,-1.378557,17.58515,0.9787837,14.67377,0.9623486,0.9658285,0.9627209,227.6771,62.94735,11.56568,53.70755,10.38325,5.697041,6.214002
2025-12-30 01:41:00,-1.487318,18.30835,0.5816128,16.29018,0.5696923,0.529579,0.5727306,846.9689,60.56448,15.26361,61.64712,15.21832,7.111159,9.637711,456.8194,56.27586,22.28024,49.59444,21.21869,20.80122,29.235,-1.431821,17.6894,1.012648,14.72647,0.9406729,0.9711838,0.9394124,227.346,62.95936,11.62338,53.71303,10.35665,5.661034,6.232711
2025-12-30 01:42:00,-1.554304,18.39933,0.622719,16.34958,0.5802896,0.5337406,0.6132951,847.8376,60.71095,15.24148,61.50523,15.22025,7.136465,9.630076,456.9048,56.27927,22.42266,49.61363,21.4635,20.31329,29.20375,-1.389014,17.56674,0.9735251,14.71678,0.9291945,0.9709651,0.9841509,227.6064,62.98076,11.58074,53.70341,10.31585,5.743463,6.159276
2025-12-30 01:43:00,-1.522582,18.28177,0.5857955,16.31553,0.5759978,0.5340032,0.5755689,847.4977,60.77055,15.28302,61.87597,15.26418,7.191651,9.645772,458.5027,56.2837,22.40323,49.60061,21.4713,20.72269,29.24951,-1.538689,17.62283,0.9503585,14.71894,0.9538296,0.9779903,0.9510312,227.5074,62.95555,11.60692,53.71537,10.29319,5.654098,6.204032
2025-12-30 01:44:00,-1.659868,18.25004,0.5984843,16.26516,0.5598441,0.531002,0.5743539,847.4078,60.47823,15.32849,61.72516,15.19908,7.108318,9.643451,459.1865,56.2891,22.47361,49.58079,21.31961,20.37388,29.10947,-1.36369,17.6191,0.9512333,14.74366,0.9338007,0.9657387,0.9628903,227.3836,62.94435,11.70652,53.6841,10.38964,5.698417,6.11535
2025-12-30 01:45:00,-1.525828,18.22751,0.5803337,16.3742,0.5577046,0.5357373,0.5504374,849.7314,60.6171,15.21458,61.62869,15.24838,7.123954,9.65119,459.9333,56.30417,22.40969,49.53349,21.34771,20.28105,29.16471,-1.438734,17.58843,0.9564884,14.77204,0.9461901,0.9653512,0.9497171,227.6184,62.96867,11.50498,53.70178,10.33583,5.740876,6.139019
2025-12-30 01:46:00,-1.52346,18.34717,0.5997055,16.24669,0.5778059,0.5308649,0.5535668,850.2023,60.37381,15.28145,61.61628,15.25644,7.111333,9.645281,459.1239,56.30057,22.39143,49.57798,21.52921,20.50365,29.24657,-1.395095,17.57289,0.9701491,14.67852,0.9234206,0.9548018,0.9591132,228.0483,62.9691,11.71485,53.70885,10.33274,5.653637,6.213334
2025-12-30 01:47:00,-1.609934,18.40728,0.6128171,16.37481,0.5744312,0.5607442,0.5591149,849.6359,60.55162,15.26478,61.88431,15.19603,7.185438,9.678283,458.0194,56.30788,22.48093,49.60143,21.22009,20.80832,29.25822,-1.415318,17.61061,0.9736249,14.71598,0.9197921,0.9600705,0.9454181,227.6777,62.97397,11.64738,53.67739,10.34805,5.724129,6.244559
2025-12-30 01:48:00,-1.69499,18.27627,0.582415,16.32587,0.5439498,0.5361286,0.5601047,848.7351,60.72861,15.24075,61.82521,15.2124,7.113593,9.645465,458.0428,56.28203,22.23382,49.50713,21.11537,20.79711,29.20895,-1.442914,17.5711,0.9609631,14.64068,0.9331006,0.9608617,0.9725445,227.2982,62.9739,11.65899,53.71652,10.37793,5.769906,6.040877
2025-12-30 01:49:00,-1.562435,18.29222,0.5935503,16.39255,0.5735552,0.512149,0.5903692,848.1465,60.72241,15.26375,61.64257,15.22796,7.137361,9.691904,458.3057,56.2757,22.33613,49.61545,21.34604,20.24769,29.16743,-1.405324,17.54149,0.9452096,14.70336,0.9382232,0.9432697,0.9496195,227.2428,62.96997,11.65032,53.71909,10.39291,5.704006,6.128664
2025-12-30 01:50:00,-1.475891,18.25584,0.6107609,16.2842,0.5701407,0.5333965,0.5746521,847.6558,60.77182,15.27774,61.39539,15.20425,7.121139,9.678952,457.9832,56.29879,22.30546,49.6155,21.52488,20.59031,29.1762,-1.440673,17.57525,0.986726,14.69118,0.9194909,0.9626831,0.9359949,227.2459,62.97207,11.65195,53.71494,10.36684,5.755433,6.178174
2025-12-30 01:51:00,-1.448519,18.32003,0.5810505,16.31979,0.5733828,0.5230452,0.5698212,847.1518,60.41632,15.10994,61.83884,15.25229,7.122022,9.635595,458.0746,56.30384,22.44284,49.62389,21.35102,20.21829,29.12395,-1.54478,17.59989,0.9514719,14.76357,0.92615,0.931943,0.9376866,227.4285,62.97229,11.62365,53.71854,10.36183,5.703275,6.213954
2025-12-30 01:52:00,-1.601567,18.20358,0.5823659,16.33043,0.5586426,0.5224407,0.5672956,847.3016,60.9077,15.21478,61.81502,15.22085,7.17908,9.642943,457.8721,56.29053,22.47529,49.65784,21.51621,20.16034,29.18794,-1.361465,17.68169,0.9539417,14.74257,0.9340485,0.9435576,0.9571738,227.1561,62.98141,11.66003,53.72658,10.36931,5.692799,6.095278
2025-12-30 01:53:00,-1.549376,18.26337,0.5790022,16.24286,0.5388765,0.5363018,0.5625594,850.0132,60.57199,15.232,61.8615,15.2199,7.229677,9.650021,457.2087,56.28497,22.27921,49.60994,21.16817,20.7847,29.19533,-1.433652,17.69434,0.9461921,14.75055,0.9352163,0.9712276,0.9565298,227.3851,62.96574,11.73407,53.69215,10.32275,5.727601,6.14171
2025-12-30 01:54:00,-1.563876,18.27477,0.5825992,16.34344,0.5616341,0.5355788,0.540285,850.5509,60.77994,15.12739,61.66545,15.27494,7.039245,9.67279,457.1255,56.29374,22.21992,49.52794,21.31118,20.25634,29.20872,-1.569488,17.5952,0.9686187,14.71763,0.9186351,0.9592952,0.9344767,227.3786,62.97267,11.59863,53.69703,10.38037,5.624725,6.071134
2025-12-30 01:55:00,-1.361864,18.26394,0.5928655,16.34359,0.5605026,0.5509524,0.5561467,851.5243,60.77449,15.23891,61.7522,15.24694,7.118097,9.662756,456.4064,56.28275,22.24324,49.52549,21.21924,20.66345,29.19243,-1.454014,17.61332,0.9338375,14.75687,0.9148532,0.976963,0.9532534,227.5467,62.96278,11.65929,53.70063,10.41022,5.757497,6.052875
2025-12-30 01:56:00,-1.569672,18.11948,0.598474,16.27001,0.5815939,0.5340611,0.5795797,852.0135,60.91335,15.23439,61.92306,15.20799,7.19538,9.671604,457.3886,56.27552,22.29209,49.52398,21.18351,20.63566,29.24115,-1.374769,17.43067,0.9710957,14.68119,0.9286304,0.9919398,0.9783147,227.9435,62.95295,11.65454,53.72351,10.37131,5.682633,6.07048
2025-12-30 01:57:00,-1.562409,18.18632,0.5915944,16.31654,0.5745801,0.5309219,0.5794434,850.8917,60.46337,15.29989,61.9068,15.27118,7.037593,9.640636,457.7416,56.28873,22.20385,49.53429,21.03959,20.22502,29.12031,-1.459585,17.63027,0.9429827,14.69789,0.9514531,0.9341509,0.9622231,227.583,62.96423,11.77004,53.70971,10.34108,5.794903,6.022819
2025-12-30 01:58:00,-1.704883,18.11031,0.5817974,16.25348,0.5639499,0.5362953,0.5614468,853.0465,60.45934,15.25319,61.57949,15.20057,7.097812,9.681931,457.9467,56.30091,22.32026,49.50457,21.56778,20.54479,29.1512,-1.577317,17.61116,0.9555492,14.76117,0.9445669,0.9658272,0.9694316,227.9412,62.95125,11.73393,53.71192,10.43214,5.673773,6.072458
2025-12-30 01:59:00,-1.529492,18.14604,0.5803375,16.29342,0.5585935,0.5151361,0.5793841,852.3668,61.06271,15.2506,61.82853,15.20801,7.15562,9.656805,457.559,56.30619,22.40137,49.51642,21.19352,20.21227,29.06114,-1.358993,17.43703,0.9444475,14.72761,0.956037,0.9648231,0.9384118,228.1968,62.95813,11.8618,53.70197,10.50481,5.517924,6.138559
2025-12-30 02:00:00,-1.640369,18.20124,0.6144071,16.22792,0.5790171,0.5475884,0.5734617,853.092,60.77486,15.21125,61.65624,15.20219,7.145127,9.685173,457.7337,56.28754,22.35174,49.53183,21.65748,20.1319,29.14187,-1.416889,17.62549,0.9858249,14.69797,0.9446571,0.9558641,0.9641662,227.542,62.95739,11.75261,53.72888,10.37053,5.657159,6.187172
2025-12-30 02:01:00,-1.349671,18.31867,0.5808444,16.34527,0.5730741,0.5387787,0.5474918,853.3867,60.47674,15.36328,61.86425,15.17338,7.067934,9.654218,457.7997,56.29169,22.41029,49.50793,21.58237,20.59203,29.08072,-1.335876,17.55738,0.9636297,14.70078,0.9861276,0.9396205,0.9728208,227.4709,62.95728,11.85428,53.71163,10.37766,5.742551,6.199573
2025-12-30 02:02:00,-1.594757,18.05496,0.5952185,16.24331,0.567876,0.5586144,0.5733781,851.3732,60.56552,15.2395,61.99273,15.18248,7.06494,9.595532,458.5599,56.30244,22.25325,49.50849,21.41364,20.21016,29.04912,-1.38294,17.65666,0.964568,14.70027,0.9889787,0.9664363,0.9611377,227.5825,62.9684,11.70667,53.71177,10.40076,5.623635,6.263493
2025-12-30 02:03:00,-1.781314,18.10167,0.5808882,16.25434,0.5778261,0.5335482,0.5738949,849.0239,60.87155,15.34034,61.64432,15.17074,7.196966,9.666809,457.5948,56.30917,22.31652,49.51596,21.59302,20.04507,29.22184,-1.348968,17.45631,0.9647972,14.6787,0.9807023,0.9711462,0.9601865,227.9726,62.96946,11.72707,53.72123,10.44746,5.613613,6.080194
2025-12-30 02:04:00,-1.527195,18.28701,0.592639,16.24276,0.553124,0.5675951,0.5583045,849.8186,60.78711,15.19812,61.90794,15.1409,7.214442,9.677312,455.148,56.29404,22.39358,49.50423,21.21095,20.30832,28.98601,-1.4769,17.46956,0.9630379,14.78867,0.9775255,1.007949,0.9884839,227.1694,63.0092,11.95668,53.7214,10.4213,5.634605,6.087464
2025-12-30 02:05:00,-1.568911,18.19558,0.5807406,16.33571,0.5685309,0.5117109,0.5662554,849.5193,60.69808,15.17615,61.92749,15.22129,7.075046,9.656355,455.3528,56.32664,22.38041,49.51684,21.69824,20.06074,29.12478,-1.446841,17.48755,0.9457064,14.6654,0.971343,0.9707012,0.9638343,227.0148,62.99689,11.88008,53.71409,10.45083,5.686655,6.272405
2025-12-30 02:06:00,-1.574942,18.2582,0.6128797,16.25225,0.550568,0.5284036,0.5725576,848.2275,61.08636,15.25067,61.82072,15.18976,7.14063,9.648718,454.114,56.32051,22.33819,49.49452,21.215,20.55157,29.06444,-1.545443,17.70785,0.9756843,14.70787,0.9454169,0.9669132,0.9635465,226.5155,62.96507,11.91037,53.72913,10.42032,5.77787,6.18865
2025-12-30 02:07:00,-1.651445,18.1738,0.5877321,16.29478,0.5807968,0.5295575,0.5749854,852.1125,60.70014,15.43317,61.62304,15.18235,7.142728,9.701052,457.156,56.33799,22.41657,49.48303,21.33917,20.17064,29.14546,-1.265823,17.68214,0.9960932,14.63598,0.958756,0.9572117,0.9182443,227.8234,62.98183,11.80992,53.70088,10.43928,5.725727,6.092794
2025-12-30 02:08:00,-1.657981,18.29107,0.6035875,16.28856,0.5731811,0.5310138,0.5811132,850.7111,60.48525,15.22034,61.98852,15.24866,7.158929,9.643688,457.9203,56.31146,22.52169,49.40563,21.54208,20.6324,29.11721,-1.405332,17.46843,0.9727253,14.70204,0.9294327,0.9860285,0.9594917,227.455,62.99006,11.73115,53.72747,10.35719,5.589117,6.161818
2025-12-30 02:09:00,-1.617573,18.28757,0.6085056,16.31021,0.5416296,0.5310975,0.5697855,850.2499,60.75944,15.21268,61.68519,15.23458,7.168375,9.650306,457.8185,56.34639,22.43915,49.48982,21.22103,20.4366,29.15608,-1.541246,17.53253,0.9544104,14.74717,0.9462879,0.9910432,0.9853037,227.4169,62.9945,11.80901,53.73994,10.4393,5.661235,6.23478
2025-12-30 02:10:00,-1.50834,18.14521,0.5811132,16.20755,0.5735062,0.5310246,0.5775965,851.0959,60.87865,15.22429,61.46913,15.13952,7.035121,9.654068,456.6585,56.3288,22.53146,49.48229,21.37411,20.42036,29.20102,-1.37632,17.48149,0.9483407,14.65841,0.9973838,0.9732585,0.9649802,227.1441,63.00013,11.67009,53.7188,10.39997,5.641605,6.136241
2025-12-30 02:11:00,-1.529862,18.23611,0.5833887,16.33385,0.5727518,0.53315,0.5814885,850.2609,60.8978,15.19211,61.72072,15.10661,7.283336,9.678746,455.7228,56.33562,22.57594,49.42746,21.28186,20.7,29.14692,-1.68108,17.61106,0.9711691,14.70521,0.9407181,0.9868945,0.9314429,227.1352,62.97932,11.80599,53.71183,10.37835,5.67052,6.179789
2025-12-30 02:12:00,-1.612964,18.17776,0.5855572,16.34228,0.5796631,0.5455527,0.560672,850.0968,60.49882,15.20911,61.82231,15.18663,7.043787,9.638362,457.7249,56.36334,22.47104,49.58432,21.39231,20.3157,29.18002,-1.556198,17.55757,0.9689114,14.76734,0.9858859,0.9976348,0.9749033,227.3803,62.98305,11.69219,53.71401,10.33954,5.70517,6.18821
2025-12-30 02:13:00,-1.603622,18.28743,0.5867009,16.2773,0.5423806,0.5310146,0.5611756,848.7709,61.06512,15.24122,61.50041,15.25927,7.141575,9.653304,457.4182,56.36399,22.38602,49.53854,21.34951,20.74918,29.09976,-1.499368,17.64379,0.9610716,14.68783,0.9770982,0.992658,0.9469271,227.177,62.97734,11.68283,53.71818,10.34497,5.721138,6.17693
2025-12-30 02:14:00,-1.505958,18.27735,0.5918669,16.23572,0.5607345,0.5369155,0.5425416,850.1185,61.102,15.29203,61.66836,15.1776,7.177587,9.67804,457.2008,56.32294,22.44298,49.54119,21.15388,20.09186,29.02336,-1.422169,17.58088,0.9560305,14.73106,0.954029,0.9716283,0.9659199,226.8249,62.99225,11.67346,53.7027,10.31062,5.773926,6.111846
2025-12-30 02:15:00,-1.517336,18.26642,0.5866164,16.25511,0.5543769,0.5330976,0.5408409,849.6356,60.60822,15.31084,61.62836,15.2002,7.122696,9.671807,456.1414,56.31854,22.56437,49.50329,21.68838,20.31743,29.16066,-1.438598,17.49243,0.9489517,14.66254,0.9646118,0.9860445,0.9614392,227.2876,62.97828,11.69047,53.72955,10.39616,5.741037,6.180667
2025-12-30 02:16:00,-1.555988,18.25569,0.6026794,16.29376,0.5817948,0.5357559,0.5597093,849.3957,60.80384,15.17141,61.74906,15.31298,7.31424,9.664788,456.2072,56.29641,22.46761,49.51518,21.59846,20.55325,29.15646,-1.415794,17.6025,0.9707548,14.68205,0.9687704,1.012958,0.9647371,227.063,62.97203,11.6374,53.73359,10.3782,5.778602,6.202065
2025-12-30 02:17:00,-1.543747,18.12925,0.600701,16.34866,0.5699051,0.5310204,0.5628761,849.3773,61.06092,15.25818,61.65342,15.27762,7.198094,9.670675,458.0331,56.32404,22.41094,49.51631,21.47324,20.1095,29.0703,-1.413891,17.50398,0.9858819,14.67087,1.003793,0.9809154,0.9515918,227.3106,62.97253,11.71354,53.72745,10.42504,5.763612,6.180768
2025-12-30 02:18:00,-1.544814,18.2845,0.5954002,16.32033,0.5758118,0.5407597,0.589484,849.4742,60.56241,15.21053,61.58304,15.2538,7.09724,9.677951,458.1683,56.32357,22.47216,49.51204,21.4689,20.39559,29.25008,-1.503363,17.62964,0.971534,14.63399,0.9863783,0.9742364,0.9780986,227.5082,62.96837,11.74457,53.72537,10.37301,5.824113,6.206641
2025-12-30 02:19:00,-1.620216,18.25273,0.6213855,16.27989,0.5631367,0.5171276,0.5977921,851.1215,60.6993,15.21496,61.69681,15.13811,7.138407,9.684688,458.4083,56.31853,22.53143,49.54504,21.23152,20.45856,29.16942,-1.401114,17.56361,0.9709772,14.66584,0.9674261,0.9643316,0.9481172,227.3187,62.9883,11.7681,53.71399,10.41601,5.719586,6.153262
2025-12-30 02:20:00,-1.644904,18.34826,0.5869674,16.3199,0.5468975,0.5311769,0.5742084,853.0676,60.87321,15.24907,61.92855,15.18359,7.138228,9.654858,458.9392,56.31306,22.45662,49.50908,21.47009,20.56456,29.21347,-1.406854,17.58166,0.9800324,14.65858,0.9523104,1.000144,0.9641321,227.6135,62.99556,11.67468,53.71732,10.38088,5.893162,6.151752
2025-12-30 02:21:00,-1.653145,18.10309,0.5804045,16.25139,0.5511135,0.5365557,0.592854,853.5999,60.92318,15.20939,61.99474,15.27641,7.179562,9.658593,459.7015,56.3126,22.44845,49.52203,21.31437,20.79255,29.19916,-1.409005,17.60211,0.9967375,14.616,0.9744416,1.002349,0.9572347,227.9354,62.9949,11.56685,53.71236,10.37471,5.740957,6.170799
2025-12-30 02:22:00,-1.493636,18.16856,0.5935719,16.24704,0.5663123,0.5310163,0.5676582,852.1935,60.95737,15.28606,61.64944,15.18878,7.170182,9.653071,459.7126,56.34135,22.52613,49.51566,21.13707,20.5201,29.03977,-1.469504,17.48393,0.9980236,14.66271,0.9489408,0.9886913,0.9371811,227.9189,62.97751,11.65377,53.72791,10.35423,5.754572,6.206391
2025-12-30 02:23:00,-1.57978,18.21522,0.5871494,16.30768,0.558467,0.5430766,0.5713634,850.8087,60.62991,15.27466,62.0394,15.13731,7.204641,9.700376,458.6383,56.32583,22.4848,49.50445,21.53743,20.1373,29.09136,-1.529446,17.64028,0.9514018,14.65255,0.9793537,0.971642,0.9564818,227.5476,62.99825,11.65485,53.71865,10.37788,5.708607,6.116161
2025-12-30 02:24:00,-1.500868,18.23946,0.5846044,16.24325,0.5725774,0.5305159,0.5651529,849.692,60.72793,15.2968,61.97189,15.2417,7.265067,9.653588,456.7146,56.31983,22.4518,49.50492,21.59034,20.60215,29.14675,-1.52348,17.49393,0.9883752,14.73191,0.9754703,1.00569,0.924385,227.5721,62.97021,11.62078,53.71728,10.40186,5.802775,6.182096
2025-12-30 02:25:00,-1.53107,18.09848,0.6003662,16.29975,0.5510232,0.5309534,0.5612105,850.2104,60.89514,15.18235,61.87377,15.19851,7.106138,9.613994,456.7531,56.33769,22.45605,49.50517,21.26105,20.49949,29.0735,-1.475225,17.51902,0.9754879,14.65754,0.9482771,1.004884,0.9856661,227.5001,62.95938,11.6927,53.72871,10.38219,5.808877,6.08899
2025-12-30 02:26:00,-1.68118,18.26915,0.6015353,16.27636,0.5814634,0.5335465,0.5666515,849.9222,60.45303,15.23611,61.7426,15.22508,7.175539,9.625587,458.4625,56.33643,22.28887,49.51365,21.39396,19.97993,29.11969,-1.490281,17.51518,0.977424,14.69458,0.9640225,0.9999461,0.9553646,227.4211,62.96758,11.57538,53.70839,10.44618,5.790156,6.067492
2025-12-30 02:27:00,-1.540607,18.25229,0.5762729,16.2644,0.5644797,0.5284752,0.5836128,852.2654,60.7821,15.27741,62.16752,15.2308,7.169491,9.686369,460.5746,56.34076,22.41166,49.51387,21.49513,20.57501,29.12671,-1.418536,17.57111,0.9856176,14.6369,0.96473,0.9917625,0.9533587,228.0206,62.95952,11.61673,53.70032,10.36617,5.747379,6.116186
2025-12-30 02:28:00,-1.51063,18.07352,0.5791768,16.26044,0.5617539,0.5325677,0.556029,852.1486,60.72039,15.20071,61.80201,15.21163,7.152198,9.648821,460.3352,56.33567,22.37808,49.50584,21.35847,20.85441,29.08179,-1.544725,17.65352,0.9570251,14.62629,0.980355,0.9685935,0.958864,227.9688,62.97039,11.65623,53.70717,10.33617,5.711183,6.141706
2025-12-30 02:29:00,-1.552764,18.17578,0.5950053,16.26966,0.548274,0.5107181,0.5706009,852.3291,60.69464,15.20368,62.07714,15.23701,7.197421,9.667152,459.4443,56.34106,22.42624,49.50383,21.4253,20.28664,29.03118,-1.386733,17.4496,0.9559498,14.69274,0.9695761,0.9670842,0.9523872,227.8535,62.99609,11.70108,53.71973,10.41599,5.753598,6.139308
2025-12-30 02:30:00,-1.615819,18.14695,0.5690684,16.2423,0.5481921,0.5361573,0.5635903,851.3809,60.63115,15.30501,62.0383,15.29861,7.138892,9.626724,458.5587,56.32501,22.29016,49.51085,21.52071,20.15226,29.13651,-1.54917,17.45742,1.002995,14.76661,0.9813673,0.9856868,0.9542632,227.6483,62.99117,11.66532,53.72025,10.43459,5.858541,6.12693
2025-12-30 02:31:00,-1.476916,18.3266,0.6030823,16.2813,0.578386,0.5317322,0.5569482,851.5728,60.90218,15.31843,61.82224,15.26462,7.220632,9.681473,458.8216,56.34182,22.50109,49.50613,21.38836,20.54659,29.04706,-1.440698,17.47111,0.9567169,14.75169,0.9523808,0.9788123,0.9346585,227.6489,63.0049,11.57887,53.70653,10.3456,5.698612,6.112213
2025-12-30 02:32:00,-1.551481,18.05006,0.6038071,16.23525,0.575126,0.5310318,0.5736225,849.1249,60.80843,15.24256,61.85656,15.28403,7.102144,9.627627,458.7037,56.35836,22.2414,49.5266,21.24535,20.26326,29.00369,-1.428593,17.51454,0.9623608,14.60768,0.9324124,0.968976,0.9791726,227.5422,63.00367,11.6328,53.72852,10.30522,5.740709,6.057602
2025-12-30 02:33:00,-1.497033,18.17463,0.6006415,16.28864,0.5773548,0.5309729,0.5633942,848.9092,60.99306,15.28923,62.04046,15.23482,7.204155,9.694423,460.1461,56.35025,22.36208,49.5078,21.46607,20.72205,29.15159,-1.374963,17.57863,1.001717,14.63878,0.9934435,0.9663981,0.9798858,227.8294,63.00724,11.63314,53.71329,10.32693,5.802665,6.122153
2025-12-30 02:34:00,-1.647892,18.20463,0.5898225,16.2941,0.5558872,0.536022,0.5714514,850.2502,60.71316,15.30318,61.60601,15.18986,7.141071,9.622451,460.7297,56.37291,22.44679,49.50148,21.19748,20.74846,29.10322,-1.434298,17.54377,1.008066,14.66413,0.9516738,0.9867963,0.9637221,228.3202,62.99134,11.63086,53.71268,10.37957,5.811937,6.207667
2025-12-30 02:35:00,-1.578978,18.32357,0.6065,16.27691,0.5693952,0.546308,0.5753863,849.5091,60.88485,15.32631,61.87817,15.16718,7.198659,9.697328,459.9403,56.37009,22.53787,49.57868,21.37921,20.55116,29.04874,-1.533158,17.49922,0.9876527,14.66063,0.9397362,0.9934849,0.9639595,227.8166,63.00804,11.62759,53.72215,10.37926,5.946385,6.07978
2025-12-30 02:36:00,-1.556559,18.19376,0.5798588,16.29866,0.5797606,0.561706,0.5433495,850.9211,60.72964,15.22252,61.73599,15.23339,7.2459,9.653811,459.1003,56.33592,22.28613,49.62637,21.2077,20.29881,28.95424,-1.373129,17.54843,0.9732682,14.69649,0.9686019,0.9725741,0.9477037,227.644,63.00574,11.4868,53.713,10.3315,5.733745,6.149514
2025-12-30 02:37:00,-1.519432,18.25841,0.5884752,16.30655,0.5451753,0.5106131,0.5963217,849.312,60.56411,15.21851,62.04807,15.186,7.020272,9.630111,458.8177,56.33332,22.37541,49.61756,21.45309,20.42418,28.99431,-1.364002,17.53992,0.9844243,14.67471,0.9618441,0.9827318,0.9551798,227.6388,63.01815,11.68937,53.73402,10.35517,5.767406,6.026777
2025-12-30 02:38:00,-1.567451,18.18429,0.5966667,16.37748,0.5833903,0.5292741,0.562254,850.7534,60.52369,15.2019,62.03979,15.20821,7.294931,9.588507,459.5096,56.35149,22.24515,49.61304,21.09575,20.63658,28.99711,-1.531766,17.55598,0.9700101,14.67887,0.9572067,0.9897644,0.9368575,227.9195,63.006,11.76642,53.73352,10.48095,5.815173,6.196856
2025-12-30 02:39:00,-1.544469,18.31953,0.5883156,16.28146,0.5759434,0.5317504,0.5791611,850.369,60.95011,15.18079,61.95684,15.20269,7.157721,9.624551,461.4123,56.34818,22.33983,49.61311,21.16209,20.15026,28.98329,-1.512262,17.54995,0.9534486,14.72203,0.9629427,1.018808,0.9486403,227.8529,63.01021,11.81903,53.71372,10.4039,5.784515,6.102449
2025-12-30 02:40:00,-1.578419,18.0167,0.5927317,16.29957,0.5762535,0.5311193,0.5744484,851.9256,60.83163,15.3297,61.94703,15.19827,7.085365,9.647351,459.6508,56.3502,22.39499,49.61065,21.43589,20.07244,28.99753,-1.463216,17.54405,0.9599397,14.67932,0.9688299,0.9747152,0.9350373,227.6957,63.03788,11.71089,53.73486,10.33157,5.591006,6.178853
2025-12-30 02:41:00,-1.692788,18.11642,0.5914198,16.36965,0.5559267,0.5310277,0.5621713,846.7045,60.93085,15.24033,61.68023,15.17991,7.118806,9.632394,459.165,56.35679,22.4176,49.61876,21.52374,20.59144,29.07857,-1.554521,17.57265,0.9765466,14.70215,0.9526034,0.9717386,0.9668684,227.5979,63.03652,11.61747,53.74593,10.36007,5.714771,6.138743
2025-12-30 02:42:00,-1.667361,18.22116,0.5984726,16.27615,0.5669969,0.5310133,0.5797015,848.1149,60.81564,15.17494,61.74208,15.2042,7.196096,9.660336,461.4326,56.35654,22.16814,49.61422,21.13455,20.74949,29.08355,-1.407157,17.69937,0.9719636,14.6429,0.968814,0.9303883,0.9653863,228.3589,63.02074,11.68235,53.73166,10.35624,5.690264,6.099862
2025-12-30 02:43:00,-1.48194,18.172,0.5973893,16.25398,0.57134,0.526769,0.586678,848.4033,60.76524,15.19055,61.77737,15.1364,7.143089,9.661119,462.1055,56.36934,22.27287,49.61427,21.28694,20.75204,28.98969,-1.347676,17.59548,0.9421854,14.65591,0.9634104,0.9929298,0.9485804,228.2886,63.01944,11.82626,53.71158,10.46227,5.75357,6.063792
2025-12-30 02:44:00,-1.516641,18.13173,0.5827008,16.25713,0.5742013,0.5310146,0.5746752,850.52,60.4793,15.37147,61.59214,15.23514,7.305117,9.648741,460.6122,56.37599,22.22473,49.60975,20.97156,20.49477,28.98213,-1.442144,17.51206,0.9765658,14.57783,0.924132,0.9428384,0.9763375,228.4527,62.98872,11.83787,53.72358,10.38817,5.607448,6.017497
2025-12-30 02:45:00,-1.707635,18.20043,0.6007342,16.21384,0.599883,0.5338475,0.5915158,850.2208,61.10983,15.24858,61.78196,15.2026,7.198587,9.694365,458.1335,56.3739,22.19861,49.60432,21.04908,20.58495,29.11444,-1.538156,17.61449,0.976589,14.61207,0.9209039,1.006878,0.987842,227.8819,62.99165,11.75087,53.73528,10.35716,5.614297,6.023391
2025-12-30 02:46:00,-1.708106,18.12675,0.584139,16.24261,0.5677958,0.5310009,0.5559869,849.8751,60.96381,15.27196,61.77594,15.17626,7.19052,9.675416,458.7232,56.37135,22.20172,49.62738,21.26021,20.01952,28.91879,-1.345853,17.46982,0.948644,14.65736,0.9758514,0.9633868,0.968407,227.8357,63.01249,11.70254,53.71687,10.33117,5.819066,6.181677
2025-12-30 02:47:00,-1.356006,18.1829,0.5825683,16.2101,0.5745691,0.5356692,0.5631085,848.435,61.19667,15.30659,61.68244,15.12825,7.167183,9.670636,460.242,56.38742,22.51006,49.62663,21.44184,19.97087,29.03113,-1.458228,17.60991,0.9626867,14.65444,0.9697308,0.9784012,0.9536785,228.022,63.0134,11.69688,53.73206,10.42049,5.770677,6.061188
2025-12-30 02:48:00,-1.578516,18.13736,0.5871533,16.20337,0.5691779,0.5170165,0.5534071,847.1094,61.05804,15.22016,61.77203,15.21966,7.193769,9.632951,459.7652,56.40919,22.49468,49.62258,21.28461,20.47326,28.95056,-1.567416,17.66866,0.9632063,14.65613,0.9772243,0.9601949,0.972225,227.4492,63.03594,11.70207,53.73232,10.47024,5.625412,6.152808
2025-12-30 02:49:00,-1.57936,18.02781,0.6086687,16.24789,0.5826769,0.5317187,0.5677117,846.8575,61.0211,15.27386,61.71426,15.26274,7.122358,9.661299,458.6743,56.39827,22.3254,49.61209,21.11013,20.55081,28.95936,-1.537995,17.38251,0.9617215,14.64608,1.001725,0.9960508,0.9599456,227.4626,63.03349,11.72202,53.73354,10.44239,5.764794,6.244273
2025-12-30 02:50:00,-1.514475,18.14744,0.585932,16.29972,0.5705579,0.5305043,0.593516,848.5657,60.64714,15.27716,61.76052,15.21471,7.182583,9.658525,458.3294,56.39093,22.27883,49.6044,21.10495,19.9475,28.84693,-1.509314,17.50741,0.9664245,14.65881,0.9577866,0.963125,0.9559125,227.7566,63.01493,11.73295,53.71538,10.38659,5.682999,6.141455
2025-12-30 02:51:00,-1.685064,18.15135,0.5963824,16.19771,0.5546831,0.5370122,0.5419581,849.6924,60.73294,15.30925,61.85099,15.11183,7.13423,9.679523,459.4648,56.38834,22.22387,49.62331,21.47985,20.07194,28.99546,-1.370461,17.47045,0.984556,14.73124,0.959511,0.9650578,0.9657712,227.61,62.99574,11.73094,53.72606,10.47998,5.731461,6.048943
2025-12-30 02:52:00,-1.662859,18.04893,0.5801302,16.18893,0.547734,0.5212713,0.5764591,851.4022,61.0137,15.26744,61.66715,15.19256,7.154231,9.629275,460.0727,56.37078,22.15758,49.62638,21.34744,20.59735,28.97244,-1.432788,17.44801,0.9797736,14.66194,0.93906,0.9724922,0.9338939,228.0786,62.99729,11.67975,53.73215,10.48117,5.778761,6.165558
2025-12-30 02:53:00,-1.622382,18.20548,0.6075885,16.2583,0.581368,0.5310343,0.5571019,851.6396,60.78472,15.18813,61.65984,15.25592,7.145401,9.663488,460.5815,56.39727,22.12874,49.61334,21.09962,20.47729,28.90326,-1.35092,17.5622,0.9503062,14.67784,0.9563698,0.9732832,0.950811,228.3525,62.99183,11.75281,53.71479,10.39304,5.688222,6.213223
2025-12-30 02:54:00,-1.617602,18.25871,0.6005906,16.27493,0.581571,0.5405279,0.5834684,853.6683,60.90146,15.25712,61.8017,15.10823,7.175713,9.683164,460.3087,56.37819,22.41923,49.59937,21.06685,20.0821,28.91195,-1.495532,17.52307,0.9592445,14.7035,0.9640863,0.9581915,0.9833134,228.1247,63.00172,11.70227,53.72724,10.40322,5.63112,6.106083
2025-12-30 02:55:00,-1.505809,18.22578,0.5976473,16.24101,0.5795456,0.5220088,0.5497382,852.1371,60.88129,15.25775,61.80477,15.22404,7.200038,9.66357,459.2375,56.39723,22.29219,49.60402,21.32937,19.95995,28.90088,-1.444361,17.45955,0.9641095,14.64956,0.9574109,0.9809253,0.95808,227.8566,63.00912,11.82218,53.73851,10.34339,5.553571,6.043571
2025-12-30 02:56:00,-1.542311,18.11734,0.6220945,16.24588,0.5782042,0.535378,0.5589244,851.8606,60.94582,15.21625,61.73408,15.14456,7.095305,9.655643,460.3807,56.42763,22.1107,49.62108,21.07371,20.33256,28.91358,-1.370705,17.52266,0.9577919,14.66917,0.9454977,0.9686273,0.9776152,227.9607,63.02769,11.76103,53.74197,10.43643,5.688612,6.155373
2025-12-30 02:57:00,-1.672419,18.0646,0.6270596,16.22647,0.5755785,0.5213572,0.592929,850.8966,61.01944,15.29952,61.42481,15.20911,7.187278,9.626614,460.6401,56.41661,22.31055,49.62019,21.50027,20.1764,28.99171,-1.521334,17.58021,0.9660882,14.68173,0.9863222,0.9820067,0.968457,228.165,63.0077,11.75615,53.74977,10.50784,5.714716,6.094926
2025-12-30 02:58:00,-1.520981,18.22822,0.5925552,16.18324,0.5687488,0.5333408,0.5632867,851.3083,60.53556,15.21989,61.49604,15.18914,7.20135,9.654197,460.66,56.39261,22.0902,49.61771,21.36314,20.21008,28.98561,-1.398342,17.52313,0.9738858,14.62767,0.9664273,0.9665831,0.9685612,228.1071,63.03046,11.80427,53.74475,10.42317,5.713302,6.067055
2025-12-30 02:59:00,-1.756374,17.98053,0.6165509,16.26289,0.5592445,0.5321296,0.5790206,850.5587,61.0659,15.19116,61.67971,15.08372,7.182645,9.634975,460.1195,56.3933,22.27772,49.61176,21.11409,20.37372,28.944,-1.512234,17.44424,0.9560573,14.69777,0.9584123,1.010656,0.963464,228.0026,63.02466,11.7602,53.71568,10.36925,5.680026,6.126748
2025-12-30 03:00:00,-1.524976,18.05797,0.5858653,16.16433,0.5544546,0.5433249,0.5706173,850.8553,60.97861,15.25594,61.91412,15.21866,7.161927,9.696849,459.4059,56.3997,22.30064,49.62594,21.13354,20.17608,28.92497,-1.297647,17.55743,0.9627412,14.63401,0.9598778,0.9545407,0.9641834,227.737,63.02039,11.69904,53.71286,10.39325,5.695826,6.137839
2025-12-30 03:01:00,-1.674358,18.07259,0.6156243,16.27799,0.5726161,0.5381346,0.5910065,850.036,60.62094,15.15979,61.58293,15.19208,7.157669,9.628818,459.4478,56.4156,22.1545,49.60025,21.29705,20.08683,28.91475,-1.403625,17.49125,0.9477273,14.61184,0.9818981,0.9941788,0.9577188,227.4171,63.03707,11.80473,53.73756,10.41152,5.705322,6.142354
2025-12-30 03:02:00,-1.652972,18.22563,0.5954309,16.30082,0.5593133,0.5438102,0.5602757,850.3351,60.83777,15.24184,61.79567,15.21395,7.093768,9.646743,460.6262,56.38768,22.30525,49.61882,21.4079,20.07425,28.93936,-1.527553,17.49802,0.9799682,14.60738,0.9493091,0.9802251,0.9574652,227.9718,63.0555,11.75672,53.72944,10.45701,5.688056,6.088868
2025-12-30 03:03:00,-1.522228,18.04659,0.6007971,16.22205,0.561166,0.5278947,0.5970396,850.0038,60.47653,15.25162,62.09764,15.16468,7.226729,9.633076,461.0126,56.41229,22.29977,49.61798,21.41133,20.50203,28.89501,-1.457542,17.55708,0.9469165,14.67755,0.9868826,0.9906104,0.9817052,228.2686,63.03947,11.88694,53.73064,10.42715,5.716456,6.159964
2025-12-30 03:04:00,-1.573722,17.98999,0.6126282,16.20075,0.542614,0.530892,0.5746061,852.1168,60.78755,15.3023,61.84695,15.10154,7.14463,9.646983,459.7422,56.44738,22.22952,49.62315,21.20165,20.61147,28.90884,-1.410405,17.43795,0.976894,14.62914,0.9436334,0.9725266,0.9388263,227.8208,63.01543,11.68815,53.72948,10.45981,5.691089,6.084679
2025-12-30 03:05:00,-1.652919,17.98913,0.5839194,16.18368,0.5712212,0.5309998,0.5831338,849.6665,61.23027,15.25774,61.77706,15.16337,7.215919,9.708218,458.7781,56.4297,22.19939,49.6121,21.04646,19.93279,28.8205,-1.460476,17.56118,0.9429401,14.71116,0.9559813,0.9722796,0.9675669,227.4528,63.02021,11.96593,53.74236,10.46649,5.627891,6.11267
2025-12-30 03:06:00,-1.407192,18.14347,0.5798425,16.25173,0.573809,0.5309814,0.5783024,849.9758,60.89275,15.21519,61.78549,15.18766,7.117938,9.674968,459.6039,56.40512,22.18881,49.61423,21.2052,19.97608,28.93637,-1.543397,17.38246,0.9603726,14.64273,0.976914,0.9698186,0.9623586,227.8015,63.0467,11.8389,53.75518,10.41276,5.588796,6.215598
2025-12-30 03:07:00,-1.628299,18.15817,0.585511,16.27039,0.5513334,0.5312811,0.5858857,850.6729,61.03207,15.24145,61.77489,15.2057,7.166194,9.684302,460.1847,56.43168,22.32565,49.60611,21.24936,20.25421,29.00359,-1.423459,17.50651,0.9828942,14.68242,0.9594126,0.9562163,0.9512866,228.3752,63.04213,11.80996,53.75041,10.41012,5.710952,6.137474
2025-12-30 03:08:00,-1.559203,17.99207,0.5881462,16.23581,0.5565376,0.5311146,0.5954697,847.7792,60.88562,15.24348,61.87189,15.26289,7.139699,9.668874,460.0441,56.40943,22.23359,49.62587,21.33536,20.43882,29.01052,-1.358373,17.57026,0.9658422,14.65432,0.9787023,0.9925581,0.9513942,227.7527,63.05629,11.80053,53.7327,10.33742,5.67081,6.152448
2025-12-30 03:09:00,-1.579692,18.12962,0.622732,16.2979,0.5459737,0.5284559,0.5531763,848.3596,61.11709,15.24124,61.78179,15.25818,7.157495,9.700702,459.6209,56.38862,22.08669,49.6255,21.30131,20.149,28.85691,-1.450292,17.62954,0.9623071,14.69136,0.94967,1.000053,0.9586545,227.6484,63.05861,11.83628,53.73621,10.45044,5.66599,6.116566
2025-12-30 03:10:00,-1.503952,18.09772,0.5982133,16.21549,0.5812091,0.5301785,0.5983517,848.1889,60.76865,15.22479,61.65792,15.17771,7.102209,9.658273,459.0755,56.40612,22.20274,49.6138,21.18758,19.90381,28.84219,-1.441287,17.4434,0.9449893,14.592,0.9627776,0.9720489,0.9682239,227.6899,63.04592,11.88265,53.7452,10.4408,5.56065,6.143938
2025-12-30 03:11:00,-1.496668,18.16377,0.5945153,16.20305,0.559415,0.5365727,0.5606076,848.2029,60.6247,15.23669,61.50364,15.28962,7.139664,9.623601,459.3337,56.41822,22.38575,49.61472,21.49013,20.23612,28.88876,-1.406423,17.52143,0.9388927,14.68477,0.9650791,1.024471,0.9724804,227.9764,63.04893,11.76012,53.74953,10.37846,5.791974,6.11546
2025-12-30 03:12:00,-1.683743,18.14508,0.5951331,16.22221,0.5764567,0.5450628,0.583912,850.8975,61.1576,15.16519,61.63668,15.13347,7.128419,9.680163,461.3803,56.43164,22.2664,49.62551,21.38038,20.43213,28.93961,-1.518844,17.41839,0.9961022,14.71855,0.9793146,0.9704741,0.9605059,228.2041,63.05275,11.66795,53.76229,10.39766,5.711707,6.275264
2025-12-30 03:13:00,-1.487123,18.20484,0.5938983,16.2065,0.5637739,0.5117859,0.5701126,850.74,60.82432,15.22616,61.97206,15.17209,7.124541,9.694379,461.6316,56.43493,22.29008,49.62436,21.25886,20.01116,28.77275,-1.487123,17.57646,0.9672517,14.69338,0.9767001,0.964207,0.9553282,228.2847,63.0471,11.80471,53.76066,10.35924,5.678538,6.220008
2025-12-30 03:14:00,-1.689791,18.17807,0.6242704,16.20142,0.5728397,0.5301739,0.5806719,850.4584,60.75575,15.30296,61.97698,15.14988,7.143843,9.660866,460.867,56.43806,22.30307,49.59393,21.15499,20.52114,28.90248,-1.3945,17.47687,0.985304,14.65042,0.9476745,0.9810554,0.9580953,227.8885,63.03902,11.76124,53.75785,10.41765,5.616352,6.168087
2025-12-30 03:15:00,-1.480841,18.21811,0.5807046,16.24265,0.5550654,0.5315868,0.5623571,850.5817,60.89425,15.30028,61.60161,15.18779,7.1908,9.638821,459.919,56.39226,22.39642,49.51631,21.06319,19.98124,28.76313,-1.558485,17.43991,0.948903,14.60986,0.9690614,0.9711984,0.9611427,227.9169,63.05023,11.84652,53.77106,10.38775,5.572364,6.200408
2025-12-30 03:16:00,-1.726592,18.09155,0.5987899,16.15484,0.5639662,0.5427437,0.564159,849.1223,60.92163,15.17278,62.00327,15.16407,7.101906,9.616436,459.2806,56.43526,22.24789,49.51137,21.25308,19.88998,28.75351,-1.419847,17.37348,0.9782885,14.61577,0.9619118,0.98192,0.9638025,228.0484,63.05757,11.80029,53.7555,10.31698,5.760433,6.195919
2025-12-30 03:17:00,-1.695569,17.95438,0.5997965,16.1484,0.5770224,0.5644986,0.5698324,851.712,60.88522,15.34107,61.77654,15.12605,7.110672,9.644458,459.8075,56.43489,22.15291,49.52385,21.43621,20.17431,28.86872,-1.273848,17.51789,1.01695,14.63132,0.9322602,0.9945934,0.9735116,227.8998,63.03778,11.72032,53.76094,10.5172,5.820668,6.286826
2025-12-30 03:18:00,-1.661074,18.13856,0.5981931,16.20603,0.563005,0.5352725,0.5745518,851.6366,60.49017,15.33259,61.48185,15.19388,7.112293,9.660791,460.6899,56.45512,22.38548,49.50409,21.18187,20.58478,28.89458,-1.448874,17.49487,0.9557878,14.65879,0.9740801,0.9716061,0.9334255,227.9657,63.04772,11.83102,53.77612,10.47094,5.706054,6.179282
2025-12-30 03:19:00,-1.464364,18.02353,0.5827404,16.21587,0.5404156,0.5503051,0.5578412,851.6691,60.79553,15.16278,61.60367,15.18542,7.165008,9.695555,461.1547,56.42181,22.07709,49.59338,21.00251,20.569,28.7056,-1.385413,17.54718,0.9907402,14.59307,0.9558855,0.9662044,0.9661241,228.2142,63.05726,11.83857,53.78205,10.37628,5.761251,6.157082
2025-12-30 03:20:00,-1.522354,18.19104,0.5974962,16.20289,0.5948251,0.5273087,0.5780016,851.5043,60.58766,15.20174,61.95499,15.24514,7.250707,9.668856,460.9669,56.44334,22.32625,49.58348,21.22515,19.89588,28.80862,-1.245318,17.52222,0.978573,14.60599,0.9481514,0.9781838,0.94871,228.2482,63.03776,11.77176,53.77132,10.39891,5.795758,6.135054
2025-12-30 03:21:00,-1.58773,18.22784,0.5922007,16.24963,0.5726066,0.5202873,0.5693792,848.0348,60.81793,15.33391,61.42562,15.21219,7.215364,9.67748,458.7924,56.42114,22.2871,49.60876,21.44543,19.97458,28.83026,-1.222335,17.32245,0.9620179,14.60309,0.9496118,0.9773975,0.9539176,227.5394,63.05678,11.87435,53.77205,10.47042,5.818052,6.221275
2025-12-30 03:22:00,-1.457641,18.07308,0.621748,16.1973,0.5792805,0.537848,0.5887901,848.9271,60.74689,15.32751,61.89502,15.21942,7.259484,9.651531,458.9572,56.44029,22.3247,49.61586,21.27913,20.42686,28.89905,-1.400571,17.43056,0.9983062,14.66891,0.9581692,1.001417,0.9742634,227.4671,63.03639,11.6757,53.77125,10.45451,5.665364,6.160513
2025-12-30 03:23:00,-1.562186,18.22535,0.6023686,16.20313,0.5698015,0.5334728,0.5884952,847.71,60.88327,15.26043,61.72703,15.12266,7.122957,9.693346,460.005,56.4375,22.39083,49.62598,21.05469,20.41377,28.76099,-1.348495,17.43932,0.9700326,14.70996,0.9580244,1.00301,0.9613033,228.0534,63.04818,11.68602,53.77084,10.36008,5.739416,6.187956
2025-12-30 03:24:00,-1.596041,18.09797,0.5857655,16.20164,0.5608594,0.5290514,0.5972355,848.081,60.9017,15.21892,61.87297,15.15991,7.176396,9.649495,460.0306,56.47107,22.43946,49.61176,21.45678,20.32168,28.84651,-1.374539,17.51893,0.941639,14.59762,0.9514135,0.988423,0.9258257,228.3057,63.04187,11.74602,53.74915,10.45107,5.774295,6.202354
2025-12-30 03:25:00,-1.617395,18.20891,0.6062742,16.21738,0.5561041,0.5310175,0.5588606,848.8425,60.82465,15.3236,61.39661,15.14212,7.12015,9.625841,459.2746,56.46598,22.21935,49.52914,21.05152,20.03699,28.86075,-1.449755,17.61032,0.9751716,14.6829,0.957289,0.9562514,0.9996243,227.8326,63.04781,11.65416,53.76585,10.32986,5.666466,6.229543
2025-12-30 03:26:00,-1.673715,18.08963,0.5806735,16.21943,0.5397022,0.5366946,0.5789711,848.4484,60.82512,15.28568,62.05376,15.20527,7.272548,9.646709,459.751,56.47487,22.31532,49.62672,21.274,20.17651,28.88143,-1.566773,17.49055,0.979589,14.60518,0.9647875,0.972813,0.9362063,227.6297,63.07019,11.81115,53.7676,10.36778,5.653917,6.202822
2025-12-30 03:27:00,-1.473113,18.16843,0.6005243,16.22804,0.5560616,0.5424514,0.5558884,848.4205,60.53102,15.19773,61.39651,15.24508,7.109552,9.640549,459.4673,56.469,22.31067,49.62317,21.35801,20.21534,28.85442,-1.492769,17.50846,0.9369345,14.65506,0.9487349,0.966696,0.9557419,228.0563,63.05851,11.95224,53.76432,10.37967,5.873999,6.277458
2025-12-30 03:28:00,-1.584509,18.24225,0.5999157,16.14495,0.5567747,0.5369617,0.5855366,849.3553,60.83456,15.25801,61.7183,15.14017,7.253896,9.68798,460.309,56.48727,22.30667,49.61407,21.08341,19.97441,28.69847,-1.434535,17.42484,0.9716646,14.5966,0.9557941,0.9498876,0.9529899,228.4695,63.07287,11.84409,53.76603,10.48037,5.672228,6.130541
2025-12-30 03:29:00,-1.495371,18.21898,0.577118,16.17864,0.5764409,0.5382325,0.576651,849.5482,60.96498,15.14434,61.90567,15.13246,7.170956,9.656383,460.9313,56.45345,22.42264,49.61412,21.25273,19.90092,28.7538,-1.556387,17.38129,0.9603311,14.56147,0.956935,0.9610257,0.955417,228.064,63.04321,11.754,53.75671,10.40941,5.682772,6.210046
2025-12-30 03:30:00,-1.550354,18.3124,0.5798495,16.19294,0.5796546,0.530907,0.5769167,848.0826,60.75737,15.21398,61.37677,15.22618,7.167242,9.633472,460.3491,56.47034,22.55368,49.62534,21.35597,20.01978,28.85288,-1.439059,17.37945,0.9650202,14.63473,0.9710698,0.9561357,0.9449203,227.8023,63.03222,11.80788,53.76342,10.41775,5.66178,6.205868
2025-12-30 03:31:00,-1.502715,18.12239,0.6100175,16.23357,0.575114,0.5337413,0.5824728,849.1127,60.77337,15.29248,61.68189,15.1472,7.140937,9.610318,459.2614,56.48154,22.29885,49.62613,21.33152,20.30043,28.7834,-1.426973,17.59139,0.9681998,14.63424,0.9531649,0.9808723,0.937518,227.9364,63.05774,11.78481,53.75723,10.33701,5.786158,6.185239
2025-12-30 03:32:00,-1.675582,17.94866,0.5864944,16.17158,0.5631877,0.540075,0.5706562,848.2897,60.59661,15.26924,62.14504,15.14425,7.223917,9.671316,458.9155,56.48745,22.33098,49.621,21.3082,19.99978,28.6454,-1.431442,17.33681,0.972433,14.65178,0.9478469,0.9591892,0.9197764,227.7298,63.05266,11.81783,53.78226,10.49853,5.783835,6.189767
2025-12-30 03:33:00,-1.626827,18.16793,0.5853099,16.1992,0.5663909,0.5133007,0.5778344,848.4286,61.0773,15.23727,61.66308,15.16546,7.242444,9.654918,459.6694,56.47886,22.33105,49.61571,21.32851,19.76348,28.66803,-1.302861,17.40664,0.954105,14.60882,0.9405417,0.9608287,0.9196375,228.1428,63.0477,11.73941,53.76307,10.47212,5.767837,6.239771
2025-12-30 03:34:00,-1.617603,18.24186,0.5838892,16.17046,0.5714526,0.5494511,0.5776191,849.9156,61.05503,15.34768,61.62727,15.14587,7.257998,9.672706,460.8034,56.46236,22.41532,49.61875,21.40255,19.78167,28.76801,-1.365619,17.41676,0.9853318,14.66567,0.9555132,0.9733833,0.9569121,228.2289,63.06916,11.74018,53.7685,10.46567,5.779319,6.107506
2025-12-30 03:35:00,-1.510123,18.01732,0.5891046,16.12347,0.5449859,0.5190237,0.5563252,849.6532,60.80136,15.26414,61.72736,15.09044,7.182884,9.659743,460.6473,56.48735,22.33169,49.61617,21.53168,19.78123,28.68935,-1.388053,17.43001,0.9609689,14.58568,0.9568442,0.975889,0.9524388,228.2337,63.05837,11.77293,53.77965,10.46314,5.768928,6.217153
2025-12-30 03:36:00,-1.371607,18.11625,0.5898148,16.16039,0.5733429,0.5154434,0.5956668,849.4808,60.91663,15.26869,61.83743,15.14854,7.160967,9.667717,460.0727,56.47869,22.3188,49.61984,21.47569,20.08406,28.73253,-1.493749,17.4513,0.9556412,14.68168,0.949873,0.9685702,0.9233491,227.8089,63.04606,11.81666,53.77911,10.4228,5.726521,6.194048
2025-12-30 03:37:00,-1.501153,18.08938,0.5859483,16.2622,0.5712138,0.5182954,0.5704244,848.8227,60.73321,15.3287,61.91407,15.15952,7.200664,9.636439,459.3474,56.49984,22.30108,49.61402,20.99128,20.35252,28.78508,-1.548928,17.5105,0.9585344,14.62407,0.95768,0.9747854,0.941645,227.9568,63.06993,11.82264,53.76817,10.4222,5.674522,6.229177
2025-12-30 03:38:00,-1.508675,18.1977,0.6132219,16.13756,0.5779899,0.5133494,0.5949357,847.5381,61.21126,15.21155,61.65698,15.22092,7.133446,9.637045,459.1537,56.49627,22.48089,49.61554,21.14747,20.18417,28.75547,-1.44428,17.42906,0.9714364,14.57788,0.9749791,0.9443771,0.9684217,227.685,63.07167,11.75344,53.77184,10.39563,5.693954,6.151421
2025-12-30 03:39:00,-1.692737,18.0435,0.5885631,16.20212,0.5816634,0.5242914,0.5755476,847.7867,60.91027,15.25944,61.88839,15.17904,7.28685,9.675085,460.1291,56.49199,22.49598,49.63248,21.54084,20.12556,28.77183,-1.401371,17.44142,0.9771029,14.61472,0.9743783,1.00089,0.957974,227.5657,63.07944,11.71962,53.76448,10.39346,5.688428,6.11442
2025-12-30 03:40:00,-1.449872,18.05904,0.5853154,16.13388,0.5578055,0.5214587,0.596819,849.5089,60.65103,15.24011,61.64679,15.20394,7.154074,9.670249,460.5383,56.50168,22.26373,49.61871,21.37203,20.1222,28.7401,-1.561082,17.45696,0.9502946,14.61234,0.9315013,0.9790499,0.9530259,227.9469,63.07876,11.80769,53.76479,10.34442,5.741467,6.148205
2025-12-30 03:41:00,-1.541212,18.08505,0.6043608,16.18761,0.5779979,0.5392969,0.58786,848.8625,60.75395,15.31321,61.92523,15.14668,7.245128,9.682777,459.8881,56.48627,22.37094,49.62083,21.04446,20.0917,28.64135,-1.388476,17.4143,0.9490797,14.56261,0.9449251,0.9721763,0.9534814,228.0031,63.07557,11.85053,53.77013,10.44792,5.764993,6.165429
2025-12-30 03:42:00,-1.568107,18.07146,0.6111968,16.14885,0.5538442,0.5309582,0.5555941,849.1868,60.81851,15.30457,61.70054,15.20769,7.13417,9.668198,459.7328,56.50471,22.56628,49.61994,21.21447,19.97019,28.71774,-1.31385,17.57071,0.9512649,14.6192,0.9459555,0.986222,0.9459435,227.308,63.06372,11.69702,53.78934,10.39446,5.735414,6.153693
2025-12-30 03:43:00,-1.590907,18.07903,0.5808326,16.16881,0.582145,0.5306071,0.58079,847.8063,60.804,15.2937,62.0052,15.17711,7.169707,9.621035,458.9475,56.503,22.36717,49.6138,21.22414,19.7444,28.6303,-1.582922,17.47772,0.9519914,14.61505,0.9569362,0.9897707,0.9644085,227.3942,63.05227,11.81478,53.79048,10.48522,5.771719,6.293586
2025-12-30 03:44:00,-1.634002,18.11475,0.6047475,16.10338,0.5831285,0.5289611,0.5798322,846.3611,60.92486,15.27308,61.76161,15.19989,7.188469,9.689689,458.8906,56.50821,22.28865,49.61499,21.42863,20.13836,28.69822,-1.371069,17.43583,0.9668651,14.55266,0.9643967,0.9675604,0.94868,227.6555,63.06809,11.72358,53.78701,10.42624,5.665438,6.245389
2025-12-30 03:45:00,-1.602137,18.11197,0.5885493,16.22142,0.5643989,0.5317162,0.57653,845.558,60.81286,15.24453,61.60588,15.17776,7.155124,9.677414,458.9493,56.50444,22.47812,49.61446,21.25334,20.2725,28.63989,-1.53349,17.41848,0.9582161,14.63264,0.9690784,0.9495526,0.9203222,227.8199,63.06686,11.79438,53.79791,10.39949,5.740958,6.138288
2025-12-30 03:46:00,-1.602326,17.92436,0.6099854,16.10329,0.5723963,0.5145335,0.563135,846.3022,60.78516,15.31433,61.82391,15.24492,7.298462,9.673122,458.11,56.50246,22.363,49.6135,21.07924,19.92944,28.61553,-1.506777,17.44755,0.9854482,14.61297,0.9718665,0.9879439,0.9620048,227.3571,63.05487,11.76943,53.7854,10.46945,5.679877,6.108201
2025-12-30 03:47:00,-1.640233,18.05294,0.5966902,16.11907,0.5793236,0.5449085,0.5524046,846.4342,60.89835,15.18266,61.9898,15.15105,7.078253,9.662313,457.8235,56.50007,22.32694,49.6134,21.20316,20.07241,28.63786,-1.396093,17.37271,0.9841321,14.56899,0.990317,0.9718037,0.9763483,227.057,63.05465,11.72999,53.79105,10.44715,5.786384,6.181566
2025-12-30 03:48:00,-1.625257,18.03837,0.5871156,16.25881,0.5676628,0.5528687,0.5953509,847.8215,60.38913,15.2312,61.63026,15.17865,7.262659,9.718276,458.3832,56.51662,22.13329,49.61777,21.00224,20.32617,28.62187,-1.553849,17.47399,0.9533322,14.59179,0.9326475,1.009256,0.9419103,227.5258,63.04601,11.81717,53.80717,10.47206,5.622517,6.094877
2025-12-30 03:49:00,-1.696847,18.06148,0.5938674,16.13903,0.5388935,0.5312607,0.5703676,848.8298,60.89392,15.24699,62.04417,15.15141,7.169161,9.728229,458.9347,56.53185,22.44754,49.59738,21.22644,19.91828,28.60819,-1.440573,17.4234,0.9720615,14.67397,0.9455908,1.006754,0.9638837,227.597,63.04553,11.77113,53.78839,10.43314,5.779743,6.114689
2025-12-30 03:50:00,-1.582436,18.162,0.6048921,16.12891,0.5752471,0.5145145,0.5705348,849.7918,60.73134,15.18749,61.43774,15.22653,7.221246,9.651631,459.8427,56.53534,22.18511,49.61796,21.32768,19.82346,28.67424,-1.488497,17.5939,0.9832281,14.56684,0.9522735,0.9848922,0.9588538,227.9015,63.05163,11.8575,53.7865,10.512,5.626823,6.120031
2025-12-30 03:51:00,-1.598866,18.13793,0.6095636,16.15759,0.5614633,0.5043566,0.5325934,851.1379,61.01168,15.16005,61.71761,15.19948,7.196315,9.710831,460.2951,56.51512,22.31806,49.61988,21.41914,20.24882,28.66208,-1.569117,17.47499,0.9354818,14.59369,0.9654562,0.9585912,0.9559686,227.8283,63.07017,11.72146,53.80962,10.52787,5.786723,6.117138
2025-12-30 03:52:00,-1.472101,17.98335,0.5971764,16.06485,0.5635091,0.5254513,0.5611152,850.6993,60.87972,15.24896,61.45803,15.16557,7.20787,9.660294,459.5808,56.51463,22.41178,49.61634,21.01395,20.32116,28.71069,-1.264278,17.42031,0.9766788,14.6031,0.9471623,0.9843425,0.9378056,227.5019,63.08448,11.70836,53.79784,10.39432,5.758745,6.191847
2025-12-30 03:53:00,-1.503048,18.07554,0.6166081,16.19616,0.5748481,0.5315696,0.5618033,851.1083,60.99752,15.27075,61.63427,15.17793,7.162805,9.685626,459.0411,56.53585,22.35568,49.62259,21.04013,20.02541,28.60699,-1.410939,17.50385,1.007782,14.6162,0.9812443,0.9761785,0.9585539,227.69,63.09103,11.7721,53.81957,10.40789,5.852739,6.186604
2025-12-30 03:54:00,-1.671689,18.06212,0.5825539,16.09527,0.5790974,0.5303308,0.5568477,850.4513,60.76087,15.16451,61.66728,15.23579,7.147671,9.676503,459.19,56.53477,22.23817,49.62252,21.14799,19.90329,28.62009,-1.380069,17.47384,0.978457,14.6188,0.9853244,1.010395,0.9697123,227.9052,63.10456,11.61191,53.79928,10.49773,5.781324,6.201958
2025-12-30 03:55:00,-1.385321,17.96173,0.6109916,16.20092,0.5762004,0.5368249,0.6078947,851.9175,61.21854,15.20465,61.96851,15.19106,7.160505,9.692645,459.9448,56.54724,22.38437,49.62217,21.33656,20.15567,28.72766,-1.44357,17.49212,0.9902158,14.656,0.9717111,0.9744624,0.9583939,227.798,63.11831,11.67072,53.81072,10.40864,5.818262,6.126935
2025-12-30 03:56:00,-1.693562,18.08626,0.6305088,16.19683,0.5718376,0.5553497,0.6041659,850.0809,60.79343,15.22619,61.94487,15.12132,7.230742,9.673891,460.2616,56.52944,22.37996,49.62636,21.2958,20.41504,28.68309,-1.358196,17.35744,0.9837819,14.59466,0.9515228,0.9986933,0.9371074,227.6609,63.09969,11.65094,53.80916,10.39886,5.738574,6.04387
2025-12-30 03:57:00,-1.677654,18.03423,0.6075612,16.15695,0.5696096,0.5522624,0.5611501,849.5937,61.02176,15.31746,62.02292,15.08374,7.214102,9.714089,458.5768,56.5351,22.2221,49.61172,21.08253,20.4301,28.6088,-1.449178,17.39267,0.9650216,14.61702,0.9558367,0.9736346,0.9496869,227.4783,63.10501,11.7151,53.81945,10.40095,5.889143,6.104817
2025-12-30 03:58:00,-1.582556,18.0784,0.6150047,16.22086,0.543845,0.5305017,0.5977792,847.9178,61.04638,15.28705,61.98153,15.1818,7.199602,9.640339,457.6146,56.53606,22.30399,49.61003,21.38593,19.66892,28.59718,-1.582556,17.38717,0.9464427,14.60397,0.9645241,0.9842782,0.9425194,227.4745,63.10948,11.69171,53.82037,10.42833,5.679788,6.126657
2025-12-30 03:59:00,-1.476394,17.95089,0.6201749,16.21832,0.577292,0.5086371,0.561186,850.0507,60.69897,15.20025,61.71131,15.24721,7.23425,9.672825,458.3917,56.54858,22.40948,49.61457,21.41787,19.87298,28.61631,-1.581139,17.42682,0.9642426,14.60223,0.976526,0.9693414,0.9544788,227.4668,63.10478,11.58073,53.82426,10.42204,5.694798,6.212801
2025-12-30 04:00:00,-1.450879,18.03744,0.6114526,16.23909,0.5869644,0.5502087,0.5879263,850.3486,61.28827,15.23974,61.83445,15.16813,7.143106,9.639815,459.2369,56.51899,22.3024,49.69045,21.00422,20.24573,28.66143,-1.459761,17.3686,0.9718398,14.63195,0.9340109,0.9941642,0.96106,227.7664,63.11175,11.64694,53.82516,10.38292,5.642173,6.114183
2025-12-30 04:01:00,-1.532573,18.08367,0.6015209,16.1173,0.5694281,0.5078555,0.5787827,850.1125,60.94388,15.24263,61.76638,15.22945,7.220831,9.648557,460.5639,56.53149,22.42946,49.72124,21.072,20.0716,28.54961,-1.478232,17.22609,0.9692904,14.59764,0.9546724,0.9675623,0.9762302,228.2882,63.12189,11.76988,53.82624,10.5094,5.71902,6.129344
2025-12-30 04:02:00,-1.572693,18.07846,0.608422,16.13378,0.5386173,0.535214,0.5788283,849.5465,61.14274,15.24496,61.52085,15.09605,7.310629,9.693101,460.0562,56.52337,22.37103,49.73328,21.52393,19.85323,28.59355,-1.457772,17.46462,0.9721334,14.60669,0.9700209,0.9684345,0.9311404,227.8801,63.11106,11.65404,53.80962,10.39711,5.687748,6.181426
2025-12-30 04:03:00,-1.53033,18.06015,0.6332833,16.17099,0.5742683,0.5304487,0.5779836,848.6008,61.24373,15.23771,62.08099,15.17954,7.293034,9.62963,457.8297,56.53748,22.47259,49.7026,21.37566,19.69276,28.72341,-1.40826,17.34772,0.9619305,14.58695,0.9411205,0.9803164,0.9260888,227.3477,63.1248,11.58851,53.83748,10.34311,5.806028,6.152958
2025-12-30 04:04:00,-1.586652,17.94453,0.5867615,16.1956,0.5629672,0.5307217,0.5472665,847.4168,60.91815,15.20442,61.94411,15.21234,7.212708,9.678858,458.131,56.54911,22.41132,49.67971,21.26771,20.35513,28.65627,-1.431432,17.36789,0.9454422,14.6574,0.9174364,0.9596371,0.9441766,227.3504,63.11038,11.62154,53.84519,10.52338,5.765443,6.169165
2025-12-30 04:05:00,-1.355343,18.08119,0.5999165,16.13222,0.5780705,0.5309287,0.6264144,847.616,60.79223,15.28681,62.02953,15.13426,7.184623,9.71876,458.2446,56.55773,22.33778,49.73431,20.9994,20.3651,28.73114,-1.400466,17.42956,0.9649549,14.66423,0.9520646,0.9991775,0.9640685,227.9272,63.09865,11.85584,53.85679,10.43183,5.758979,6.190366
2025-12-30 04:06:00,-1.632997,18.02895,0.6271838,16.12401,0.585565,0.5310575,0.5745834,848.8264,60.8484,15.26133,62.12346,15.15755,7.215222,9.681497,459.5644,56.56524,22.33427,49.72922,21.06358,19.87335,28.6315,-1.388857,17.36802,0.9406896,14.58921,0.9573823,0.9885207,0.9361852,228.056,63.1362,11.79918,53.84583,10.45068,5.710712,6.105479
2025-12-30 04:07:00,-1.661436,18.06846,0.6119097,16.17939,0.5653138,0.5326084,0.5569951,847.4153,61.06725,15.27025,62.08739,15.11123,7.203188,9.669129,458.323,56.55264,22.37989,49.73656,21.40272,20.13645,28.65327,-1.392643,17.47159,0.9663102,14.60444,0.9666327,0.9911042,0.9555693,227.5486,63.13148,11.71441,53.85085,10.43302,5.738276,6.116494
2025-12-30 04:08:00,-1.521896,18.06026,0.6242309,16.23585,0.573278,0.5486788,0.5687886,849.7029,60.83176,15.30626,62.11464,15.17771,7.071162,9.690951,458.7624,56.56645,22.24199,49.70711,21.43141,20.28544,28.66665,-1.409678,17.42947,0.9644175,14.55208,0.9348937,0.9581523,0.9251071,227.3063,63.13187,11.66399,53.84646,10.34479,5.748377,6.138534
2025-12-30 04:09:00,-1.495255,17.86191,0.6007559,16.14984,0.5690381,0.5210108,0.5757499,848.8145,60.70139,15.32487,61.97442,15.15001,7.182087,9.688314,459.027,56.53336,22.23,49.7238,21.07059,19.87053,28.59339,-1.404022,17.35314,0.9707397,14.59579,0.9390932,0.9523909,0.9347585,227.7954,63.12602,11.7319,53.83842,10.37502,5.657025,6.094392
2025-12-30 04:10:00,-1.566342,17.99691,0.601047,16.21196,0.5632289,0.5474848,0.5672117,850.2874,60.8639,15.32561,61.81673,15.22292,7.202525,9.691111,459.7898,56.56006,22.17053,49.71191,21.0236,20.07484,28.58537,-1.485416,17.45401,0.9583914,14.55486,0.9241142,0.9899831,0.9386793,228.1593,63.1298,11.64071,53.84419,10.35554,5.631073,6.01066
2025-12-30 04:11:00,-1.627595,17.90143,0.6089373,16.18332,0.5626832,0.5075945,0.5758513,848.3074,60.83246,15.33057,62.09916,15.2409,7.310423,9.687846,459.912,56.57896,22.32216,49.70906,21.35712,20.04513,28.65696,-1.396961,17.35232,0.9558828,14.59658,0.9559203,0.9274652,0.9707688,227.8971,63.12663,11.60994,53.8371,10.40465,5.677759,6.013767
2025-12-30 04:12:00,-1.505052,18.07561,0.5803548,16.15875,0.5778107,0.518362,0.577985,849.6553,61.07598,15.33434,61.55975,15.13268,7.287449,9.640268,459.5232,56.56873,22.12225,49.68993,20.97054,20.02653,28.58436,-1.3837,17.46167,0.9641199,14.60879,0.9559689,0.9448364,0.9604341,227.7338,63.14292,11.68933,53.84118,10.3179,5.684662,6.136594
2025-12-30 04:13:00,-1.695697,18.07406,0.603293,16.1155,0.5741603,0.5204934,0.5715382,848.9705,61.10451,15.29658,62.09047,15.25456,7.21394,9.685192,459.2894,56.55606,22.29803,49.65102,21.20583,19.78946,28.52691,-1.488145,17.40639,0.9883792,14.57478,0.9470945,0.937664,0.9415299,227.9635,63.15685,11.71571,53.865,10.34385,5.70494,6.181058
2025-12-30 04:14:00,-1.548882,18.08826,0.6094056,16.18286,0.5631701,0.5348939,0.5689712,848.75,61.02612,15.29275,61.65417,15.25644,7.391418,9.71163,458.9941,56.60142,22.44729,49.71192,21.148,19.78274,28.56139,-1.400631,17.51368,0.9450746,14.66381,0.9452914,0.9961828,0.9668688,227.8965,63.12428,11.73223,53.86279,10.4761,5.706223,5.999735
2025-12-30 04:15:00,-1.620734,17.89235,0.6043049,16.08139,0.5595311,0.5145342,0.5702517,847.8321,60.94782,15.29641,61.60675,15.18635,7.233764,9.639234,459.9901,56.57637,22.32302,49.71195,21.46371,20.10688,28.6099,-1.518643,17.46058,0.9812422,14.56092,0.9548212,0.9500537,0.9492406,228.2053,63.12482,11.63172,53.85301,10.35042,5.703867,6.132593
2025-12-30 04:16:00,-1.386209,18.001,0.6118351,16.1095,0.5806064,0.532339,0.5640514,852.0721,60.67502,15.22862,61.86947,15.1479,7.154219,9.704367,461.1246,56.57879,22.34177,49.70848,21.41989,20.1006,28.62015,-1.443368,17.38004,0.9734365,14.60542,0.9750158,0.9621381,0.9238627,228.2487,63.14194,11.67163,53.83518,10.37075,5.689181,6.071111
2025-12-30 04:17:00,-1.695206,17.93359,0.5891948,16.11376,0.5619228,0.5327685,0.5765266,851.4751,60.59777,15.35666,62.12189,15.17896,7.183502,9.702771,460.9019,56.58258,22.37752,49.70968,21.08264,20.20463,28.63422,-1.470714,17.37479,0.956255,14.58772,0.9443384,0.9518757,0.9640555,228.2506,63.1232,11.69701,53.84837,10.38224,5.776967,6.034121
2025-12-30 04:18:00,-1.481146,18.13628,0.6224311,16.17376,0.5560616,0.5296491,0.5725654,852.3198,60.90101,15.23338,61.70686,15.23852,7.18319,9.667015,459.9615,56.56493,22.33987,49.72285,21.18537,19.96104,28.55649,-1.469223,17.48664,0.9531631,14.63909,0.9877124,0.9590665,0.9498984,228.3891,63.12498,11.68282,53.86714,10.35924,5.739028,6.122055
2025-12-30 04:19:00,-1.572206,18.05598,0.6304463,16.11695,0.5703809,0.5138687,0.5779842,853.6864,60.66661,15.32422,61.80573,15.13066,7.185772,9.692809,459.463,56.57836,22.45316,49.64603,21.52245,19.75529,28.52321,-1.374061,17.41568,0.9732555,14.60082,0.9696066,0.9750671,0.9659483,228.2617,63.11278,11.72548,53.8501,10.35987,5.750425,6.127991
2025-12-30 04:20:00,-1.523335,18.15728,0.6246787,16.15028,0.5731019,0.5169278,0.5924389,851.7354,60.98881,15.28675,61.73668,15.13572,7.304562,9.709735,459.9869,56.57084,22.21284,49.65324,21.37906,19.97542,28.60302,-1.378818,17.41772,0.9710603,14.62841,0.97489,0.9675037,0.938502,227.9826,63.10149,11.74662,53.86184,10.46932,5.755164,6.047657
2025-12-30 04:21:00,-1.523341,18.11504,0.625756,16.12835,0.5673893,0.5359845,0.5839204,852.4424,60.84633,15.23136,61.77388,15.14451,7.149086,9.662705,460.7297,56.56313,22.02904,49.62221,21.11381,20.17883,28.5673,-1.406347,17.4572,0.9626767,14.55364,0.9621542,0.9636565,0.951267,228.3183,63.12892,11.81489,53.85793,10.47681,5.697617,6.10427
2025-12-30 04:22:00,-1.666971,17.9069,0.6285333,16.16429,0.5784146,0.5350079,0.5570177,852.8965,60.99983,15.31413,61.87556,15.16371,7.223948,9.706843,460.4812,56.53894,22.11108,49.68653,21.06315,20.24496,28.57134,-1.42283,17.42232,0.9372622,14.6728,0.9494361,0.933799,0.9305753,228.5207,63.12709,11.80571,53.86287,10.47594,5.764134,6.148913
2025-12-30 04:23:00,-1.614858,18.24883,0.626702,16.11043,0.5703501,0.532652,0.5612562,851.6909,60.83569,15.27767,61.88476,15.15948,7.188967,9.668365,459.6743,56.56512,22.01285,49.66951,20.88838,19.82848,28.39604,-1.398546,17.34246,0.9796814,14.54941,0.9646664,0.9861324,0.9548761,228.4264,63.11593,11.71351,53.84243,10.46421,5.717486,6.094772
2025-12-30 04:24:00,-1.723118,18.00949,0.6232675,16.09902,0.5529807,0.517154,0.5681475,852.0225,60.94945,15.26232,61.81708,15.10372,7.167912,9.644848,459.59,56.59591,22.1146,49.67876,20.96617,19.99186,28.52035,-1.45071,17.41034,0.9674727,14.52643,0.9609058,0.9934297,0.9518955,228.1091,63.12937,11.72657,53.85202,10.40088,5.691146,6.125339
2025-12-30 04:25:00,-1.548252,17.92798,0.6107618,16.20308,0.5743156,0.532599,0.5612271,850.6847,60.61515,15.25856,61.6971,15.21028,7.196931,9.693885,460.2975,56.56193,22.10455,49.64795,21.17175,19.69493,28.47251,-1.39992,17.45862,0.9421995,14.52893,0.9359344,0.9639555,0.9706914,228.0991,63.11464,11.73425,53.86129,10.43578,5.612085,6.14995
2025-12-30 04:26:00,-1.636001,18.07658,0.6250041,16.06203,0.5736091,0.5337439,0.5819528,850.7042,61.11959,15.30712,61.80275,15.17178,7.173316,9.657043,462.2752,56.5638,22.37056,49.65355,21.51347,19.71866,28.50498,-1.438173,17.40606,0.9727291,14.53528,0.9709488,0.9642366,0.9782864,228.4371,63.14936,11.81392,53.85147,10.41584,5.677421,6.139462
2025-12-30 04:27:00,-1.598586,17.9535,0.6051284,16.18148,0.5669304,0.5303465,0.5812975,851.1564,60.84044,15.281,61.54907,15.23096,7.082383,9.64876,461.5942,56.57379,22.24093,49.71648,21.59399,20.28278,28.58309,-1.413144,17.42157,0.96131,14.56695,0.9687917,0.9596499,0.934396,228.5986,63.13415,11.84745,53.86169,10.50895,5.603087,6.204795
2025-12-30 04:28:00,-1.667409,18.07503,0.6217211,16.14086,0.5624831,0.5228039,0.5817549,851.8082,60.86129,15.38962,62.00433,15.14325,7.232802,9.715375,460.1605,56.55133,22.0835,49.71811,21.02836,20.14536,28.48134,-1.603719,17.33532,0.9697762,14.55047,0.9427206,0.9458864,0.9562976,228.0694,63.14346,11.75038,53.87833,10.45758,5.647131,6.153376
2025-12-30 04:29:00,-1.569561,18.02231,0.6024945,16.14304,0.5774873,0.531882,0.5783465,848.5644,60.6022,15.31808,61.90353,15.14903,7.145635,9.691807,459.7236,56.55103,22.19729,49.70848,21.21504,19.79703,28.41873,-1.388363,17.38993,0.9622472,14.56198,0.961852,0.9842895,0.9439836,227.8991,63.14471,11.8175,53.85968,10.46112,5.693722,6.119948
2025-12-30 04:30:00,-1.670139,17.92089,0.6179377,16.15716,0.5736515,0.5520654,0.5572006,847.5786,61.27323,15.17732,61.77499,15.21222,7.130212,9.663296,460.6001,56.58736,22.04506,49.72007,21.25754,19.53736,28.44698,-1.567491,17.39837,0.9291201,14.60121,0.9543676,0.9609146,0.9293303,228.307,63.11616,11.87022,53.87074,10.37897,5.634052,6.169246
2025-12-30 04:31:00,-1.698094,18.1693,0.6222631,16.11655,0.5784877,0.5309693,0.5862218,847.8505,60.69337,15.22496,62.07,15.19803,7.137458,9.690377,461.0871,56.5507,22.11496,49.71362,21.34816,20.315,28.57447,-1.575973,17.32586,0.9706665,14.58108,0.9386556,0.9614226,0.9632674,228.2749,63.13885,11.70704,53.88075,10.43189,5.632194,6.080738
2025-12-30 04:32:00,-1.606863,18.08615,0.6267659,16.12567,0.5785011,0.5321748,0.5721087,847.6433,60.64096,15.36341,61.74963,15.13358,7.208763,9.73173,460.5331,56.57234,22.22921,49.70588,21.34103,19.95121,28.5564,-1.402865,17.37617,0.9672534,14.56432,0.9459029,0.9646794,0.9512247,228.2451,63.14498,11.85028,53.88744,10.41676,5.611989,6.157112
2025-12-30 04:33:00,-1.572089,17.93012,0.6455517,16.08172,0.5615749,0.4992363,0.6041076,846.8268,60.94477,15.28839,61.90252,15.17169,7.265969,9.665208,459.3776,56.56866,22.31167,49.71406,21.32353,20.16081,28.5287,-1.250142,17.38775,0.9679639,14.59448,0.9744862,0.9619573,0.9570251,227.8067,63.17031,11.76381,53.87071,10.44644,5.719487,6.159601
2025-12-30 04:34:00,-1.65759,17.99143,0.591273,16.06716,0.5567259,0.5360678,0.5628727,848.569,61.11048,15.30751,61.74132,15.26217,7.281874,9.713331,459.482,56.55395,22.2621,49.70128,20.88027,19.91886,28.46117,-1.362803,17.45627,0.9408647,14.59518,0.9547933,0.9889835,0.9413733,227.8473,63.17338,11.74502,53.85543,10.42429,5.628484,6.108393
2025-12-30 04:35:00,-1.492611,18.05255,0.5983058,16.12852,0.5543253,0.5308506,0.5622162,848.0167,60.88817,15.27976,62.0958,15.18484,7.198171,9.645597,460.4903,56.55876,22.14429,49.63602,20.96302,19.61328,28.41318,-1.348744,17.29266,0.9639416,14.50508,0.9698043,0.9578388,0.9392611,228.4335,63.16462,11.7894,53.88758,10.42697,5.634233,6.109182
2025-12-30 04:36:00,-1.571589,17.95357,0.5979041,16.10528,0.5779459,0.563688,0.5694593,849.853,61.01534,15.23355,61.72945,15.15382,7.136449,9.722319,461.682,56.58506,22.18299,49.63918,21.31254,19.67447,28.37219,-1.471421,17.55062,0.9857292,14.56489,0.9869454,0.9797478,0.9820127,228.1802,63.16609,11.84287,53.88874,10.50655,5.777639,6.084447
2025-12-30 04:37:00,-1.581878,17.94697,0.6002275,16.11767,0.5479283,0.5310208,0.5722457,849.3016,60.96409,15.30108,62.02572,15.2262,7.25169,9.636972,460.9653,56.60045,22.32822,49.70444,21.35734,19.59691,28.58982,-1.34781,17.39602,0.9523233,14.55299,0.9632564,0.9748785,0.9429168,228.3062,63.15684,11.75384,53.8917,10.42806,5.902943,6.056218
2025-12-30 04:38:00,-1.579856,18.04134,0.6130182,16.06364,0.5782617,0.5340026,0.5537403,849.1262,60.45937,15.2425,61.89843,15.11059,7.295554,9.67008,460.2763,56.60294,22.24952,49.71394,20.94014,20.15393,28.53935,-1.241879,17.29098,0.9440256,14.5237,0.9583105,0.9699333,0.9475749,228.1194,63.13547,11.81863,53.87243,10.46828,5.716719,6.239436
2025-12-30 04:39:00,-1.583926,18.14306,0.5911582,16.13338,0.5541373,0.5315029,0.5573379,850.2286,60.85619,15.27755,62.0207,15.15936,7.233963,9.635423,459.0142,56.54997,22.11596,49.717,20.87757,20.25181,28.38067,-1.467378,17.38497,0.9520397,14.50812,0.9667839,0.9832029,0.9664432,228.2191,63.15931,11.79529,53.88452,10.37038,5.57999,6.209801
2025-12-30 04:40:00,-1.701988,17.84678,0.5977297,16.0955,0.5796913,0.5080087,0.5762935,849.3372,60.95576,15.31379,62.0643,15.20107,7.243134,9.678082,459.0172,56.5977,22.2356,49.6439,21.30318,19.60312,28.48923,-1.34977,17.41986,0.967441,14.49776,0.9644359,1.032998,0.9592049,228.3844,63.17099,11.78476,53.89264,10.42312,5.651621,6.130855
2025-12-30 04:41:00,-1.495361,17.9821,0.6286339,16.10985,0.5594263,0.5393016,0.5997284,851.7457,60.86082,15.26523,61.71682,15.14755,7.185809,9.653828,461.0413,56.60172,22.2873,49.71466,21.47261,19.8753,28.53168,-1.350404,17.44194,0.9423759,14.53873,0.9531308,0.9943415,0.9543913,228.4119,63.15311,11.92455,53.88031,10.44035,5.676337,6.210228
2025-12-30 04:42:00,-1.504982,17.90958,0.6259304,16.11141,0.5795136,0.5372447,0.6134255,850.7413,61.04571,15.32062,61.9379,15.24926,7.153097,9.633224,461.0796,56.57034,22.08097,49.63934,21.03391,20.16533,28.54258,-1.441798,17.36464,0.9375889,14.55001,0.9695128,1.027096,0.9269984,228.0407,63.1651,11.80581,53.87061,10.35826,5.71717,6.312105
2025-12-30 04:43:00,-1.696405,18.04457,0.590266,16.09403,0.5989453,0.496861,0.5701834,852.6202,60.80244,15.24861,61.70182,15.22001,7.207625,9.696929,460.9712,56.56644,22.16246,49.71358,21.36391,20.0294,28.61349,-1.42951,17.37156,0.957423,14.53118,0.9608257,0.9874139,0.9546301,228.3002,63.13602,11.87996,53.86672,10.44637,5.916463,6.250336
2025-12-30 04:44:00,-1.543761,18.13398,0.6276935,16.14152,0.5651887,0.5336717,0.5859251,850.3767,61.21761,15.26622,61.80864,15.22804,7.207945,9.651997,461.2085,56.58538,22.2725,49.71862,20.96879,20.13751,28.554,-1.221871,17.36848,0.9885571,14.5575,0.9545399,0.9819628,0.9480087,228.3659,63.14342,11.79617,53.90584,10.40625,5.773972,6.257473
2025-12-30 04:45:00,-1.596864,18.02653,0.5921994,16.13064,0.5743495,0.531005,0.5795131,851.4829,60.68787,15.3726,62.11152,15.16833,7.230763,9.710523,461.677,56.58538,22.27124,49.73606,20.87843,20.19799,28.40151,-1.5827,17.45334,1.01052,14.60341,0.9610592,0.9813767,0.9766431,227.8968,63.14727,11.93224,53.86992,10.51846,5.666396,6.170714
2025-12-30 04:46:00,-1.471113,17.99597,0.630245,16.14185,0.561701,0.502596,0.5937932,853.2275,60.50719,15.2794,61.75232,15.27958,7.194277,9.699949,461.3057,56.55127,22.26232,49.71704,21.19756,19.75225,28.45075,-1.435244,17.53455,0.9317323,14.65063,0.9909828,0.9644699,0.9251307,228.5195,63.12402,11.84799,53.8936,10.50309,5.76917,6.216853
2025-12-30 04:47:00,-1.617694,17.95015,0.6049712,16.11093,0.5494196,0.5311063,0.5615897,851.3098,60.77197,15.38629,61.76506,15.17337,7.266673,9.695562,459.9788,56.55761,22.28868,49.69623,21.14514,19.67846,28.49439,-1.350444,17.27056,0.9744568,14.54613,0.9568726,1.005568,0.9425293,228.2409,63.15555,11.74479,53.87144,10.48895,5.783125,6.159001
2025-12-30 04:48:00,-1.68035,18.02515,0.6026573,16.05485,0.5789644,0.537151,0.5566704,851.1571,60.91162,15.25341,61.85506,15.19746,7.13389,9.654664,459.007,56.55316,22.32248,49.62418,21.27872,20.09571,28.54091,-1.421455,17.3428,0.9602912,14.52535,0.9762823,0.9980469,0.9360169,228.1021,63.16204,11.88411,53.90454,10.46817,5.785542,6.210295
2025-12-30 04:49:00,-1.492979,17.84996,0.5817561,16.07745,0.558566,0.5266531,0.5680723,850.1448,60.85868,15.37084,61.37542,15.13787,7.227585,9.707869,459.0706,56.54085,22.35873,49.61359,21.1535,20.14952,28.52688,-1.414654,17.33941,1.003266,14.53564,0.9616554,0.977231,0.9494469,228.4292,63.16199,11.89537,53.88063,10.53285,5.651948,6.090715
2025-12-30 04:50:00,-1.641735,17.94515,0.6153729,16.13723,0.5881573,0.5437393,0.5967454,851.7979,60.82216,15.28446,61.83593,15.12547,7.260283,9.698454,460.7995,56.56602,22.37607,49.54689,21.10536,19.75699,28.4909,-1.410023,17.38684,0.9666114,14.51649,0.9378848,0.9902781,0.9423819,228.406,63.16594,11.78201,53.86437,10.37857,5.60865,6.120138
2025-12-30 04:51:00,-1.550341,17.88945,0.6100489,16.10015,0.5538234,0.5385073,0.5663361,852.1567,61.03488,15.26433,61.7648,15.25486,7.138615,9.647127,460.36,56.54806,22.2849,49.52703,21.13544,19.61631,28.42126,-1.549821,17.39435,0.9360647,14.58225,0.9762289,0.99751,0.9310499,228.1546,63.16293,11.73046,53.87818,10.44614,5.694216,6.262175
2025-12-30 04:52:00,-1.568355,17.9611,0.6296046,16.1017,0.5519564,0.530042,0.5756528,855.5491,60.79795,15.19337,61.89028,15.19953,7.228403,9.676963,460.36,56.53568,22.21572,49.50146,21.2854,19.72287,28.60418,-1.413085,17.40696,0.9764359,14.55934,0.9643686,1.00593,0.9531518,228.3275,63.1502,11.9356,53.89642,10.50085,5.74082,6.176916
2025-12-30 04:53:00,-1.478896,18.03569,0.6066555,16.11999,0.5665596,0.5319694,0.5536275,859.3917,60.85508,15.20528,61.44894,15.17859,7.177042,9.656996,459.6279,56.53726,22.41474,49.52836,21.42328,19.93942,28.58089,-1.377899,17.2679,1.006927,14.58557,0.9795608,1.002288,0.9675069,228.432,63.14889,11.84689,53.86608,10.45845,5.78897,6.166147
2025-12-30 04:54:00,-1.668163,17.97498,0.6069861,16.07966,0.5560045,0.5220276,0.5752373,864.2158,60.63481,15.31573,61.98959,15.11023,7.197068,9.616492,460.1564,56.5377,22.25253,49.52476,21.30648,20.14529,28.55381,-1.431792,17.39208,0.9820052,14.48064,0.9909087,1.00906,0.9291801,228.2387,63.14701,11.81204,53.87371,10.50944,5.640672,6.087031
2025-12-30 04:55:00,-1.681724,17.95181,0.6029657,16.08825,0.5616599,0.5333205,0.5723134,870.5057,60.84802,15.33785,61.89487,15.17622,7.203486,9.656443,458.9221,56.51798,22.24301,49.50211,21.02321,20.1146,28.50286,-1.512182,17.293,0.9335633,14.55146,0.9471972,0.9884202,0.9511235,228.1878,63.15645,11.74747,53.87788,10.3997,5.887806,6.189634
2025-12-30 04:56:00,-1.40438,18.01749,0.5992187,16.13621,0.5809765,0.5290133,0.581951,886.0522,60.76398,15.37232,61.76088,15.12056,7.238683,9.618711,459.6689,56.52357,22.35256,49.55823,21.0952,20.00495,28.57306,-1.547768,17.26656,0.9553476,14.51567,0.9641589,0.983215,0.937023,228.1252,63.13642,11.74205,53.86959,10.46212,5.622747,6.164597
2025-12-30 04:57:00,-1.496142,17.99493,0.6286663,16.08549,0.5571744,0.5276819,0.5759621,899.474,61.00576,15.34723,61.69418,15.16885,7.21548,9.681769,460.1049,56.53557,22.24219,49.50883,21.34594,20.16361,28.651,-1.359162,17.46457,0.9687731,14.5336,0.9784013,0.9606532,0.9444762,228.4677,63.15297,11.75357,53.85699,10.48036,5.884113,6.203784
2025-12-30 04:58:00,-1.649516,17.8718,0.6038182,16.10765,0.5644984,0.5199276,0.5863187,907.5614,60.67951,15.23517,61.70372,15.17369,7.252323,9.644347,460.0661,56.52628,22.25435,49.51303,21.21781,20.15757,28.4923,-1.467978,17.18777,0.9628778,14.53564,0.9570764,0.9945205,0.9640573,228.4393,63.13775,11.7918,53.8375,10.48452,5.742152,6.140059
2025-12-30 04:59:00,-1.49013,18.03373,0.5990565,16.0978,0.5601392,0.5450905,0.5680708,913.8867,61.00568,15.32723,61.65292,15.18339,7.181025,9.635601,459.319,56.51945,22.19377,49.55282,21.1493,20.12173,28.58924,-1.381998,17.29134,0.9470409,14.55904,0.9716513,0.9752052,0.9335064,227.809,63.11968,11.73715,53.85474,10.43492,5.823557,6.120073
2025-12-30 05:00:00,-1.569937,18.0274,0.5995929,16.09912,0.5729233,0.5179914,0.5762601,926.9209,60.82629,15.33105,61.57167,15.15962,7.178792,9.682014,459.6664,56.51825,22.35615,49.60458,21.13624,19.87262,28.63267,-1.435068,17.33405,1.001776,14.54014,0.9823005,0.9714395,0.9625902,228.1261,63.12703,11.73036,53.86705,10.48107,5.816177,6.143745
2025-12-30 05:01:00,-1.56479,17.99466,0.5869074,16.08999,0.570645,0.5277077,0.5678671,938.6265,60.64004,15.39014,61.94132,15.2575,7.194533,9.702459,459.8607,56.52327,22.25588,49.62548,21.23251,19.86974,28.58038,-1.384926,17.29474,0.9662586,14.56518,0.9603224,0.9668561,0.9635264,227.9697,63.10314,11.80681,53.84627,10.53658,5.795189,6.250366
2025-12-30 05:02:00,-1.376418,17.99062,0.6082817,16.08042,0.5416977,0.5314788,0.5798383,950.5158,60.7258,15.4349,61.86266,15.22209,7.17974,9.744377,460.7129,56.50729,22.37942,49.62264,21.54961,20.04507,28.66353,-1.406114,17.39878,0.9596144,14.54263,0.9645764,0.9725595,0.9488773,228.2767,63.08638,11.66152,53.85154,10.47583,5.681143,6.224133
2025-12-30 05:03:00,-1.478681,17.92316,0.5927455,16.10857,0.5590196,0.5296539,0.5617799,959.117,61.00991,15.31665,61.95787,15.13651,7.240873,9.697688,461.2416,56.49949,22.44596,49.61827,21.25408,20.3988,28.68724,-1.515628,17.50198,1.000981,14.51759,0.971899,0.9829462,0.954976,228.1767,63.0895,11.75849,53.85114,10.48547,5.755816,6.147058
2025-12-30 05:04:00,-1.556826,17.86739,0.6064368,16.08976,0.5596684,0.5446361,0.5674814,959.3861,60.95454,15.32059,61.6538,15.19302,7.173869,9.705467,461.614,56.50457,22.2644,49.62246,21.14856,20.38748,28.67484,-1.359759,17.45736,0.9867933,14.55438,0.9582332,0.9644181,0.9369561,228.0206,63.07794,11.81206,53.83996,10.54288,5.75626,6.181701
2025-12-30 05:05:00,-1.490767,17.95636,0.6261205,16.10163,0.573037,0.5278363,0.5976851,958.1508,61.16324,15.40379,61.88022,15.17529,7.261607,9.73304,462.1959,56.49821,22.33375,49.62454,21.22731,20.14252,28.61376,-1.455307,17.29691,0.9703874,14.47893,0.9964356,0.9996584,0.9574807,228.6049,63.10628,11.69316,53.82586,10.44222,5.74173,6.08628
2025-12-30 05:06:00,-1.698597,17.83058,0.6262141,16.06458,0.5783896,0.5348865,0.5579073,943.7931,60.90926,15.36572,61.67752,15.1401,7.204666,9.745455,462.5634,56.50067,22.26888,49.60871,20.969,20.01522,28.57095,-1.386303,17.36911,0.9500437,14.55065,0.9802701,0.9769124,0.9607792,228.8408,63.06824,11.70898,53.81067,10.48779,5.814516,6.138957
2025-12-30 05:07:00,-1.50742,18.01723,0.6091455,16.13531,0.5512774,0.5293328,0.5804521,892.3157,60.87442,15.36911,61.81439,15.20887,7.209837,9.752042,462.5569,56.48222,22.25859,49.60598,20.95811,20.03655,28.65045,-1.354109,17.15733,0.9768627,14.51536,0.9878419,0.9789712,0.9526383,228.6097,63.0848,11.83671,53.86511,10.52108,5.701207,6.174788
2025-12-30 05:08:00,-1.569184,17.98229,0.6259311,16.06219,0.5734366,0.5414189,0.602334,859.4773,60.63717,15.39233,61.83855,15.11765,7.255776,9.757691,460.756,56.4968,22.27458,49.61203,21.42682,19.86504,28.62636,-1.360503,17.20173,1.002629,14.52691,0.9666676,0.9750584,0.9760459,227.9998,63.10688,11.67165,53.83995,10.5271,5.824081,6.146706
2025-12-30 05:09:00,-1.489935,18.01998,0.6266993,16.06855,0.5792496,0.5286044,0.5789961,852.9192,60.74398,15.31055,61.86032,15.1931,7.211899,9.69787,458.0104,56.52596,22.19654,49.61083,21.28516,20.34281,28.64848,-1.445558,17.27159,0.9459521,14.48468,0.9524517,1.032702,0.9736478,227.8166,63.11916,11.62327,53.85201,10.43215,5.71281,6.141942
2025-12-30 05:10:00,-1.515606,17.95689,0.5851552,16.12568,0.5717093,0.5319982,0.5591722,855.1521,60.94075,15.39572,61.87592,15.28386,7.268807,9.681244,457.7521,56.52007,22.13403,49.60435,20.94513,20.34196,28.63032,-1.382245,17.23052,0.9682897,14.5091,0.9699644,0.9926323,0.9831893,227.7651,63.10484,11.61442,53.84856,10.39485,5.73859,6.038662
2025-12-30 05:11:00,-1.573558,17.94601,0.6025133,16.06142,0.5553719,0.5314147,0.5939754,858.8113,60.9895,15.41308,62.00217,15.28199,7.135197,9.667637,458.9842,56.52488,22.08841,49.59456,20.87625,19.86903,28.47279,-1.36607,17.21541,0.9767932,14.53767,0.9946609,0.9907743,0.9265426,228.3017,63.12023,11.71326,53.83544,10.47054,5.809197,6.069299
2025-12-30 05:12:00,-1.690083,17.8457,0.6045606,16.1098,0.5750084,0.5558987,0.5682849,857.2139,60.90135,15.40072,61.82432,15.25732,7.204857,9.715866,459.1832,56.54745,22.16354,49.61019,21.24487,19.71798,28.5293,-1.277408,17.45964,0.9979551,14.50337,0.985462,0.9789422,0.9640476,228.3128,63.10003,11.68115,53.84553,10.43394,5.760323,6.084382
2025-12-30 05:13:00,-1.592649,18.00229,0.6283671,16.00233,0.5796888,0.5357513,0.5858666,854.8854,60.93873,15.33875,61.99865,15.18182,7.106702,9.711437,458.8692,56.51935,22.23497,49.62042,21.37941,20.32133,28.70716,-1.418831,17.35126,1.001905,14.59922,0.9464557,0.9801593,0.958483,228.3472,63.12121,11.64197,53.83166,10.36672,5.720148,6.072273
2025-12-30 05:14:00,-1.552349,17.93899,0.6524038,16.09635,0.5756029,0.5290471,0.5778001,848.7711,61.12776,15.3428,61.88472,15.2038,7.185735,9.738701,458.4851,56.52308,22.0344,49.6225,20.89374,20.3381,28.62377,-1.605289,17.42403,0.9832721,14.44961,0.9855995,0.9686444,0.9475783,228.37,63.1069,11.73374,53.82771,10.46176,5.641674,6.03446
2025-12-30 05:15:00,-1.376768,17.93338,0.600409,16.15108,0.5569216,0.5280873,0.5549186,845.0387,60.53641,15.2567,61.97761,15.07873,7.222656,9.68875,457.4865,56.51382,21.86164,49.61448,20.9527,19.88555,28.61546,-1.355196,17.44891,0.9579945,14.51613,0.9699765,1.002766,0.9578853,228.0304,63.10695,11.85053,53.82622,10.47416,5.753517,6.119821
2025-12-30 05:16:00,-1.468979,17.94061,0.6232964,16.05804,0.579383,0.5439397,0.5429659,844.6914,61.19556,15.30199,61.83441,15.11731,7.312816,9.740196,456.9655,56.52132,22.16351,49.61472,21.36969,20.25276,28.6252,-1.351043,17.28375,0.9864537,14.47026,0.9517875,0.9685885,0.9677199,228.0389,63.10994,11.83384,53.80901,10.49835,5.677953,6.102547
2025-12-30 05:17:00,-1.588917,17.97017,0.6276275,16.19432,0.5763528,0.5310043,0.5874046,844.2343,60.63632,15.32014,61.85287,15.23017,7.164891,9.699288,457.1885,56.54896,22.08583,49.6276,20.96738,20.27088,28.55315,-1.37996,17.28559,0.9873391,14.51035,0.9504043,0.9698436,0.9468054,227.8193,63.10186,11.77815,53.83294,10.46884,5.688493,6.155574
2025-12-30 05:18:00,-1.481146,17.77283,0.5815173,16.14746,0.5698045,0.5210931,0.5787128,844.3522,61.08764,15.32247,61.80604,15.15569,7.183568,9.686349,458.5204,56.50012,22.09924,49.59351,21.37034,19.77495,28.56682,-1.456693,17.3169,0.9675024,14.54121,1.002656,0.9845158,0.9659857,227.8483,63.12226,11.7716,53.82127,10.52457,5.731892,6.058016
2025-12-30 05:19:00,-1.67983,17.98173,0.6281989,16.09565,0.5706437,0.51544,0.5798243,846.6835,60.92381,15.32102,61.51309,15.12619,7.082759,9.672412,457.8983,56.49568,22.07524,49.59491,21.44854,20.20433,28.60068,-1.395107,17.4307,0.9641347,14.50657,0.9626591,1.041762,0.976888,228.3928,63.11094,11.75653,53.83403,10.45634,5.581851,6.197488
2025-12-30 05:20:00,-1.699692,17.82491,0.6175653,16.0133,0.550602,0.5339405,0.5854499,845.6368,61.36497,15.29582,61.63125,15.16631,7.207419,9.682585,454.7321,56.47641,22.00207,49.61083,20.96078,19.83614,28.47704,-1.568329,17.40167,0.9319552,14.45909,0.9457194,0.975182,0.9559216,227.5068,63.13525,11.77577,53.80902,10.441,5.664205,6.056699
2025-12-30 05:21:00,-1.557337,17.97902,0.6006413,16.07027,0.5576462,0.5221118,0.5987437,847.0865,60.66282,15.15645,61.93518,15.1407,7.33477,9.694037,452.4525,56.50801,22.24394,49.6116,21.45081,19.85046,28.65185,-1.353656,17.25406,0.9661703,14.51,0.9516258,1.01284,0.9400557,226.4633,63.14254,11.83746,53.84373,10.478,5.767193,6.153757
2025-12-30 05:22:00,-1.582744,18.10378,0.6208345,16.09034,0.5578755,0.5285107,0.5796811,848.2004,61.01332,15.31807,61.899,15.18593,7.242843,9.724571,451.8211,56.47905,22.385,49.62677,21.48537,20.25741,28.5679,-1.237231,17.3346,0.9863266,14.47339,0.9674279,0.9479091,0.9618508,226.4259,63.1125,11.82879,53.80983,10.45094,5.719698,6.207359
2025-12-30 05:23:00,-1.468878,17.7893,0.5869482,16.01227,0.5524697,0.5310052,0.6033485,843.9821,61.04329,15.29018,61.799,15.06001,7.217888,9.681965,451.4406,56.48591,22.30917,49.62648,21.63187,19.98464,28.61753,-1.468878,17.22122,0.9538354,14.45633,0.9834881,0.9820753,0.9551712,225.9358,63.09855,11.93386,53.809,10.55179,5.811045,6.174996
2025-12-30 05:24:00,-1.466982,18.03993,0.6246871,16.02237,0.555743,0.5138636,0.5699561,835.9119,60.5579,15.31793,61.47151,15.0326,7.203743,9.733715,449.9539,56.49478,22.08537,49.61251,20.97976,19.78055,28.60087,-1.460578,17.52147,0.9463,14.47705,0.9748012,0.9756449,0.9352691,225.8704,63.09857,11.91262,53.83258,10.49945,5.903956,6.206186
2025-12-30 05:25:00,-1.588786,17.72724,0.5598768,16.09887,0.5708662,0.5307795,0.5804118,834.7256,60.76026,15.30946,61.58955,15.15922,7.171487,9.691007,450.4421,56.48405,22.26133,49.61222,21.09928,20.36287,28.64718,-1.355926,17.30281,0.9503728,14.54444,0.9497697,1.013221,0.9516898,226.4002,63.11752,11.82538,53.80886,10.50546,5.694182,6.221531
2025-12-30 05:26:00,-1.701015,17.91926,0.5995058,16.06253,0.5355582,0.5308013,0.6047912,840.5443,60.68922,15.26571,61.66215,15.1739,7.198467,9.677272,454.465,56.51185,22.28512,49.62828,21.36141,20.38627,28.66898,-1.490058,17.16445,0.9434681,14.512,0.9567555,0.9826716,0.9338197,227.3268,63.1053,11.84141,53.8136,10.48478,5.709107,6.200542
2025-12-30 05:27:00,-1.675515,17.93714,0.6118349,16.03717,0.584608,0.5257931,0.5683178,846.8717,60.89409,15.23482,61.83088,15.131,7.181006,9.609819,457.9763,56.47081,22.33373,49.62481,21.09697,20.25637,28.60854,-1.409712,17.39325,0.9833695,14.44879,0.96996,0.9764762,0.967551,228.2274,63.11921,11.67374,53.82966,10.51218,5.715727,6.149854
2025-12-30 05:28:00,-1.56459,17.92093,0.6111187,16.12988,0.5798312,0.5235466,0.5667123,852.6498,60.99218,15.28338,61.98677,15.22486,7.269392,9.657133,461.4723,56.49171,22.34338,49.62525,21.0491,20.35746,28.63951,-1.362103,17.32906,0.959968,14.47534,0.9781268,0.9710453,0.9196195,229.3639,63.11811,11.79857,53.84394,10.48468,5.650503,6.22329
2025-12-30 05:29:00,-1.468112,17.82655,0.595856,16.09279,0.5721064,0.5506085,0.5792769,854.9268,60.42717,15.2669,61.87617,15.18813,7.227405,9.64445,460.9453,56.49013,22.25335,49.62133,21.46814,20.07585,28.54412,-1.455067,17.33682,0.9268599,14.45556,0.9796596,0.9936195,0.9558619,229.7545,63.11263,11.72019,53.82763,10.47367,5.822829,6.300477
2025-12-30 05:30:00,-1.559775,17.92183,0.6012352,16.04671,0.5550408,0.5313262,0.6155532,851.2314,61.01619,15.29197,61.44165,15.16567,7.12629,9.676946,454.7806,56.49214,22.32126,49.60037,21.44654,20.45538,28.71381,-1.38168,17.31697,0.9555378,14.52244,0.975112,0.9721484,0.9581142,227.8693,63.10415,11.79805,53.82027,10.49023,5.809581,6.206116
2025-12-30 05:31:00,-1.662374,17.97345,0.6111948,16.14345,0.5573565,0.5154732,0.5531146,848.5175,60.76744,15.39014,61.44905,15.20317,7.203953,9.686216,453.3563,56.46182,22.19121,49.62523,21.22219,19.95458,28.59004,-1.676233,17.30135,0.956072,14.46246,0.9599188,0.9823158,0.961064,226.6372,63.0648,11.82254,53.83448,10.50457,5.764294,6.271491
2025-12-30 05:32:00,-1.533714,17.95536,0.6024785,16.10154,0.5791855,0.5230462,0.5606698,847.9379,60.94921,15.31609,61.42415,15.1151,7.249742,9.711931,455.2209,56.46313,22.28633,49.60704,21.4643,19.86087,28.6697,-1.552479,17.32131,0.9557064,14.55453,0.9823965,0.9686117,0.9644949,227.176,63.06684,11.66673,53.81067,10.50387,5.646375,6.066954
2025-12-30 05:33:00,-1.402725,17.93557,0.6223525,16.0813,0.5619991,0.5416411,0.5782726,847.5898,60.87864,15.34834,61.7792,15.22992,7.189666,9.639467,457.95,56.47066,22.22423,49.62469,21.12465,20.25913,28.61354,-1.419133,17.26633,0.9481348,14.46069,0.9694667,0.9875551,0.9427906,227.4543,63.08333,11.75571,53.80558,10.49822,5.710794,6.094453
2025-12-30 05:34:00,-1.496531,18.07991,0.6097457,15.99083,0.5775767,0.533506,0.6052582,848.2982,61.10654,15.27454,62.08666,15.17955,7.278761,9.677252,458.3792,56.47108,22.07584,49.61413,21.14936,19.99091,28.63709,-1.406147,17.38181,0.9496078,14.51446,0.9528524,0.9759178,0.9459175,227.4235,63.07056,11.8193,53.82862,10.51789,5.691328,6.058411
2025-12-30 05:35:00,-1.484146,17.94098,0.6164781,16.09072,0.5901106,0.5332836,0.5777988,845.9348,60.98974,15.22468,61.60695,15.1971,7.183388,9.677418,456.256,56.47293,22.30777,49.59396,21.24114,20.42193,28.66242,-1.378746,17.38431,0.9419034,14.50966,1.002983,0.9751175,0.9683072,227.657,63.09621,11.82839,53.79755,10.41956,5.676326,6.106554
2025-12-30 05:36:00,-1.511047,17.83261,0.6241117,16.02395,0.5744035,0.524949,0.5508515,842.0327,61.11109,15.24021,61.97964,15.08838,7.18666,9.689105,455.3943,56.47298,22.19189,49.60368,21.08388,20.03866,28.59996,-1.36174,17.17653,0.9394653,14.49564,0.9472508,0.9623181,0.9061806,227.6466,63.08955,11.78458,53.8185,10.51869,5.718482,6.133988
2025-12-30 05:37:00,-1.520274,17.83093,0.6228954,16.08227,0.5814269,0.5365205,0.5865613,840.5486,60.81039,15.29094,61.87305,15.14648,7.206782,9.673336,455.9062,56.46298,22.22936,49.62421,21.45654,20.31076,28.72209,-1.418802,17.20589,0.9502114,14.4824,0.9516518,0.9611788,0.9583689,227.5302,63.06735,11.78691,53.8146,10.4206,5.655542,6.064517
2025-12-30 05:38:00,-1.566171,17.89602,0.6536672,16.0931,0.5692868,0.5298055,0.5851687,839.8278,60.99266,15.25801,62.06072,15.19036,7.265108,9.662414,456.9021,56.4446,22.281,49.61695,21.25754,20.10596,28.59155,-1.493752,17.2261,0.9440612,14.50037,0.9474623,0.9659674,0.9399895,227.9177,63.09604,11.82171,53.79134,10.44181,5.738618,6.184247
2025-12-30 05:39:00,-1.622914,17.90394,0.6251872,16.09765,0.5821033,0.5296941,0.5764143,840.5563,60.58804,15.27857,61.69958,15.10164,7.276746,9.690918,456.8594,56.45321,22.2731,49.61692,21.47948,19.90337,28.65217,-1.407717,17.33256,0.9699872,14.48096,0.9764465,0.9969165,0.9090829,228.0729,63.08956,11.74035,53.77922,10.44771,5.705748,6.173814
2025-12-30 05:40:00,-1.490917,17.93858,0.5809632,16.02629,0.5843347,0.5319666,0.5782174,843.8104,60.90767,15.20385,61.45143,15.24093,7.287463,9.66301,457.5083,56.43229,22.40406,49.61507,21.61872,19.89618,28.71144,-1.525651,17.2256,0.9727082,14.50768,0.9730601,0.9729398,0.9431683,227.5146,63.08136,11.85386,53.78875,10.47815,5.803656,6.2823
2025-12-30 05:41:00,-1.524575,17.83273,0.5865422,16.09126,0.5735474,0.5310128,0.5808542,843.7238,60.66114,15.19752,61.76424,15.18075,7.175884,9.658432,456.4546,56.46739,22.47528,49.61122,21.39716,20.26085,28.67356,-1.447602,17.24796,0.962028,14.53973,0.9341543,0.9896785,0.9616401,227.3697,63.0884,11.92565,53.77846,10.55894,5.733536,6.210498
2025-12-30 05:42:00,-1.618891,17.94231,0.5910399,16.08428,0.5764819,0.5456097,0.5886195,847.7988,61.05798,15.22311,61.87644,15.09158,7.232754,9.664265,457.5847,56.42394,22.47991,49.62056,21.23885,20.25038,28.77897,-1.38329,17.3396,0.958114,14.50098,0.9768406,0.9848778,0.9239996,228.0844,63.07657,11.8539,53.80657,10.48619,5.69607,6.193038
2025-12-30 05:43:00,-1.401114,17.73457,0.6258971,15.99272,0.5777381,0.5241402,0.5774345,846.94,60.83154,15.24082,61.92458,15.15857,7.231469,9.692045,459.4359,56.44358,22.34131,49.61734,21.41226,20.18161,28.82635,-1.348163,17.25688,0.9539953,14.38812,0.9672635,0.982811,0.9307973,228.4137,63.09137,11.76487,53.79692,10.56018,5.730245,6.208809
2025-12-30 05:44:00,-1.485422,17.99366,0.6156946,16.07196,0.5831054,0.5228922,0.5804616,845.8889,60.99563,15.25174,61.38075,15.11495,7.173024,9.690684,460.2038,56.44439,22.46184,49.59681,21.68504,20.34326,28.85667,-1.536321,17.33382,0.9708741,14.43919,0.9616138,0.9914691,0.9335795,228.2464,63.08088,11.89582,53.76989,10.48042,5.818849,6.230465
2025-12-30 05:45:00,-1.503735,17.76497,0.6170544,16.0047,0.5595743,0.5361208,0.5533091,843.6354,60.66689,15.32784,61.86338,15.11917,7.221065,9.725286,458.98,56.44183,22.41244,49.60597,21.28079,20.38489,28.75079,-1.397367,17.27857,0.9658125,14.46402,0.9684798,0.9756472,0.9379706,227.8183,63.07548,11.90833,53.77283,10.52069,5.889355,6.184223
2025-12-30 05:46:00,-1.499283,17.92994,0.5877452,16.08059,0.5513601,0.5310008,0.5389356,846.1096,60.87868,15.18828,61.85685,15.1463,7.206617,9.703872,459.0209,56.44437,22.43327,49.62506,21.20805,20.17262,28.7956,-1.441925,17.31653,0.9901518,14.5438,0.9606105,1.013116,0.9496679,227.6498,63.08536,12.01655,53.79581,10.61783,5.802895,6.17421
2025-12-30 05:47:00,-1.542714,18.00274,0.6012185,15.99016,0.5780061,0.5308005,0.6008509,844.8633,60.68842,15.24211,61.53622,15.17924,7.191039,9.695108,459.9471,56.45089,22.57394,49.61443,21.44061,20.14086,28.78772,-1.425531,17.28326,0.9438525,14.4396,0.970248,0.9999953,0.9257871,227.8101,63.07414,11.9144,53.7886,10.52793,5.720273,6.272017
2025-12-30 05:48:00,-1.49394,17.93736,0.6063112,16.06007,0.5623589,0.5304034,0.5980397,843.6634,61.03568,15.23721,61.43462,15.18973,7.166329,9.661938,459.4904,56.43103,22.56972,49.61189,21.71318,20.4594,28.82589,-1.539745,17.27989,0.9592308,14.45137,0.935658,0.9672464,0.9275908,227.8647,63.05603,11.73467,53.79059,10.5571,5.849106,6.210838
2025-12-30 05:49:00,-1.399188,17.87529,0.5807914,16.07381,0.5642868,0.5333315,0.5819073,843.4684,61.1507,15.1706,61.82757,15.12162,7.177918,9.661778,458.665,56.42894,22.585,49.61361,21.40409,20.1714,28.78058,-1.376793,17.27954,0.9845323,14.50899,0.9685767,0.9606786,0.9358731,227.7606,63.07909,11.78699,53.76513,10.55906,5.696233,6.296458
2025-12-30 05:50:00,-1.603157,17.86974,0.6235111,16.07688,0.5569589,0.5286957,0.6061189,843.5755,60.80314,15.20701,61.81956,15.21104,7.147196,9.653287,457.6033,56.43044,22.77304,49.6242,21.47112,20.36106,28.80773,-1.517273,17.28645,0.9632022,14.45747,0.9646249,0.9795529,0.932011,227.3461,63.05214,11.73903,53.76561,10.47686,5.719804,6.235952
2025-12-30 05:51:00,-1.499098,17.97743,0.6289737,16.14332,0.5804116,0.5294305,0.5533144,844.5509,60.73062,15.26891,61.77899,15.20339,7.247213,9.663711,457.9397,56.41051,22.72866,49.62194,21.78345,20.34716,28.97244,-1.23783,17.31801,0.9657907,14.44831,0.9526364,0.9889078,0.9609361,227.581,63.04429,11.75014,53.73706,10.44544,5.736003,6.065954
2025-12-30 05:52:00,-1.603263,17.88391,0.612535,16.04249,0.5504171,0.5322012,0.5850404,842.8791,60.75579,15.25753,61.87665,15.13658,7.168554,9.635542,458.1351,56.40504,22.72101,49.61183,21.57028,20.70096,28.98277,-1.548453,17.34529,0.9466852,14.45127,0.988361,0.9831865,0.9157321,227.9362,63.05071,11.78946,53.7521,10.61387,5.809595,6.165324
2025-12-30 05:53:00,-1.518797,17.93627,0.6177809,16.07866,0.5579552,0.5185187,0.5860998,844.5261,60.88046,15.29082,61.69058,15.14025,7.19842,9.659842,459.8997,56.42051,22.27689,49.59145,21.22461,20.25358,28.85832,-1.458592,17.23457,0.9769513,14.46161,0.9515699,0.9987569,0.9104604,227.9275,63.05745,11.73568,53.75897,10.48002,5.800652,6.236889
2025-12-30 05:54:00,-1.576655,18.07168,0.6026438,16.04996,0.5463714,0.5171306,0.5737026,845.0416,61.08461,15.24325,61.86591,15.12366,7.186968,9.656422,459.479,56.43791,22.53227,49.6109,21.50039,20.19389,28.87271,-1.363291,17.23941,0.9456416,14.48594,0.9581749,0.9770093,0.9655294,227.8279,63.03813,11.79802,53.74654,10.49179,5.59952,6.110394
2025-12-30 05:55:00,-1.654138,17.9319,0.6286806,16.02408,0.5708944,0.5563449,0.5711699,846.8976,60.79167,15.24226,61.87265,15.11582,7.173475,9.70974,459.2547,56.40903,22.54198,49.58975,21.6345,20.53425,29.0069,-1.368939,17.41463,0.8594296,14.46795,0.9792231,0.9763744,0.9233818,227.9366,63.0579,11.75657,53.74206,10.5665,5.691496,6.0782
2025-12-30 05:56:00,-1.5842,17.84543,0.5857126,16.00522,0.5626234,0.5311817,0.5797684,846.1771,60.27139,15.20368,61.78447,15.1435,7.230695,9.70482,457.7751,56.41681,22.40998,49.53946,21.22295,20.6772,28.98837,-1.46213,17.31201,0.9343207,14.50051,1.003473,0.9659557,0.9819384,228.6257,63.06104,11.64585,53.74708,10.44891,5.703944,6.037318
2025-12-30 05:57:00,-1.574856,17.97723,0.5917398,16.06016,0.59364,0.5302635,0.5791537,846.8515,60.76389,15.22589,61.78148,15.07659,7.288685,9.695348,458.1082,56.38789,22.41797,49.54617,21.14932,20.19939,28.82303,-1.427367,17.2239,0.9478023,14.47539,0.9581025,0.9907397,0.9710759,228.1449,63.04992,11.79287,53.75916,10.5598,5.766538,6.239038
2025-12-30 05:58:00,-1.69418,17.78566,0.5915685,16.09857,0.5525298,0.5304589,0.5689906,846.5945,60.6562,15.30064,61.80698,15.12347,7.203505,9.645712,458.3318,56.40634,22.38162,49.51245,21.57663,20.4061,28.99486,-1.45004,17.27462,0.9379368,14.43592,0.9507915,0.9707858,0.9365945,228.0643,63.04878,11.66451,53.74551,10.47564,5.630621,6.11148
2025-12-30 05:59:00,-1.647803,17.93721,0.6268587,16.04801,0.5759461,0.5526987,0.5778334,844.5027,60.58537,15.16551,61.72825,15.1171,7.2301,9.659012,457.7447,56.43684,22.18199,49.53494,21.36678,20.53598,28.88163,-1.403662,17.18326,0.938834,14.50873,0.91758,0.9727737,0.9444435,228.38,63.03577,11.64609,53.73693,10.47745,5.745863,6.116261
2025-12-30 06:00:00,-1.649559,18.02885,0.6538299,16.09497,0.5614446,0.5205273,0.5867295,844.2853,60.84634,15.27163,61.65584,15.15647,7.376261,9.642427,457.1383,56.42041,22.25963,49.50843,21.25809,20.08849,28.79794,-1.577507,17.27248,0.9723464,14.41463,0.9827852,0.9648221,0.9876351,228.5006,63.05965,11.7068,53.77129,10.4493,5.67254,6.089623
2025-12-30 06:01:00,-1.465476,17.99103,0.6509107,16.14806,0.5431445,0.5313466,0.6022621,847.1768,61.20551,15.2706,61.79217,15.10822,7.284561,9.711162,457.4001,56.43209,22.37084,49.51809,21.3097,20.56732,28.94457,-1.225104,17.23154,0.9217023,14.39328,0.9447652,0.9282629,0.985976,228.0309,63.06117,11.7447,53.75287,10.51248,5.757809,6.097504
2025-12-30 06:02:00,-1.49309,17.84364,0.6212489,16.05835,0.5632752,0.5256478,0.5737324,845.7037,61.08387,15.22583,62.00858,15.11456,7.163956,9.676023,457.3245,56.41666,22.57978,49.50736,21.64069,20.47446,28.90651,-1.559956,17.36756,0.9571866,14.45618,0.9485266,0.992205,0.9423735,227.4415,63.04447,11.71521,53.75976,10.5153,5.724933,6.110966
2025-12-30 06:03:00,-1.4671,17.84796,0.6205108,16.00744,0.5970886,0.5302778,0.5387883,847.8199,60.89032,15.2771,61.81248,15.21411,7.199644,9.657756,457.8273,56.4217,22.39012,49.49985,21.30758,20.67216,28.86089,-1.481077,17.36152,0.939429,14.45376,0.9797395,0.9647577,0.9672263,227.8895,63.04052,11.80538,53.76465,10.4664,5.695484,6.097648
2025-12-30 06:04:00,-1.567833,17.90372,0.6276982,16.10469,0.5797078,0.5325837,0.5589093,848.8922,61.09486,15.15522,61.60158,15.09896,7.220052,9.701761,459.2125,56.41642,22.20207,49.50074,21.41156,20.06008,28.79817,-1.509324,17.33752,0.9684272,14.46476,0.9504657,0.9629064,0.933966,228.688,63.04741,11.8491,53.74947,10.58382,5.594546,6.152539
2025-12-30 06:05:00,-1.664338,18.01982,0.6100467,16.04668,0.5600339,0.5317912,0.5874085,848.8478,60.58142,15.19963,61.78621,15.30122,7.202017,9.669734,458.3055,56.41923,22.38198,49.50339,21.62134,20.13948,28.94764,-1.346466,17.22608,0.9562035,14.37627,0.9640101,0.960862,0.9646356,228.2553,63.04612,11.82362,53.76934,10.45141,5.735103,6.093042
2025-12-30 06:06:00,-1.554407,17.7857,0.6287349,16.09434,0.5754398,0.5319052,0.5818151,847.3803,60.82827,15.19649,61.82453,15.18925,7.181744,9.642914,457.0607,56.40748,22.21277,49.50441,21.43716,20.43034,28.84108,-1.376786,17.23575,0.918546,14.49643,0.9447288,0.9701143,0.9421011,227.7115,63.03143,11.82667,53.7372,10.48289,5.727183,6.150551
2025-12-30 06:07:00,-1.549703,17.80789,0.5968102,15.99984,0.565661,0.5272369,0.5870426,847.7103,60.91531,15.18885,61.67373,15.24541,7.119697,9.637838,456.1573,56.40982,22.13722,49.51224,21.17779,20.02013,28.81287,-1.417196,17.30782,0.9607739,14.42849,0.9874681,0.9537529,0.9319766,227.6432,63.02784,11.83699,53.74018,10.49675,5.717817,6.105023
2025-12-30 06:08:00,-1.486694,17.72795,0.6318423,15.98391,0.5772044,0.5291519,0.5458322,847.6457,60.54023,15.19751,61.75283,15.14874,7.17249,9.658832,457.2614,56.41861,22.52844,49.5059,21.45124,20.48282,28.84066,-1.541566,17.34462,0.9467113,14.42195,0.9480615,0.9645957,0.9506652,228.3533,63.0198,11.82245,53.73079,10.46849,5.788766,6.160501
2025-12-30 06:09:00,-1.698767,17.8159,0.6104611,16.06546,0.5846297,0.5310038,0.5968961,848.371,60.61673,15.23563,61.61934,15.24253,7.177831,9.646832,458.0995,56.41021,22.20727,49.50105,21.23748,20.60382,28.91692,-1.563206,17.18596,0.964649,14.47422,0.9441018,0.9730428,0.9701195,228.3367,63.02592,11.92064,53.72417,10.4898,5.819185,6.292217
2025-12-30 06:10:00,-1.557231,17.96887,0.6156373,16.09558,0.5552251,0.5483895,0.5825462,849.2627,60.60815,15.21586,61.96875,15.22014,7.292347,9.682387,458.8857,56.41454,22.39167,49.5234,21.23554,20.00507,28.84963,-1.422423,17.26563,0.9721743,14.43286,0.9435095,0.9812284,0.9658735,228.0052,63.04183,11.70395,53.73267,10.44224,5.632136,6.13446
2025-12-30 06:11:00,-1.482143,17.88738,0.6499437,16.01411,0.5760545,0.5315291,0.5597483,849.6147,60.96512,15.18935,61.80368,15.15837,7.249189,9.681073,458.3412,56.42803,22.35011,49.50733,21.34663,20.22306,28.81999,-1.390307,17.16201,0.9647713,14.48413,0.9530246,0.9976838,0.9318702,227.7668,63.04456,11.97403,53.72993,10.48141,5.620168,6.254768
2025-12-30 06:12:00,-1.496324,17.7872,0.6102082,16.10148,0.5576025,0.5310279,0.5807785,849.4044,60.93605,15.17249,61.6573,15.16751,7.136957,9.687811,459.7389,56.40844,22.40558,49.51162,21.50884,20.149,28.89278,-1.459683,17.16763,0.9645367,14.44437,0.9557223,0.9794092,0.9453003,228.2982,63.03127,11.69487,53.73925,10.50099,5.730561,6.2143
2025-12-30 06:13:00,-1.67091,17.91721,0.6374743,16.08264,0.5709992,0.5310485,0.5840176,847.2995,60.61921,15.17098,61.54531,15.24232,7.177086,9.665797,459.4426,56.43428,22.48057,49.50039,21.40235,20.58074,28.88243,-1.449074,17.2665,0.9584882,14.50864,0.9746653,0.9659739,0.9287407,228.4405,63.01599,11.81549,53.70367,10.57129,5.782966,6.347943
2025-12-30 06:14:00,-1.550818,17.89667,0.6101058,16.02538,0.5438715,0.5326125,0.5551921,848.6459,60.7836,15.17437,61.78727,15.18798,7.200486,9.716216,458.7309,56.40806,22.65549,49.50293,21.35305,20.4408,28.85067,-1.348196,17.19545,0.9554801,14.51748,0.9828156,0.9868122,0.9364629,227.7735,63.01452,11.86785,53.70973,10.58075,5.815668,6.265407
2025-12-30 06:15:00,-1.545453,17.90202,0.6084931,16.07079,0.5750247,0.5309961,0.5724341,847.6171,60.8235,15.18116,61.75112,15.12769,7.118882,9.692312,457.5204,56.42358,22.66645,49.50228,21.66821,20.0295,28.87045,-1.377047,17.24595,0.9440871,14.4171,0.9255316,0.9559495,0.9045026,227.6376,63.00612,11.90024,53.72706,10.44281,5.729283,6.273031
2025-12-30 06:16:00,-1.661806,17.93595,0.5807885,16.00627,0.5768385,0.5310131,0.5644351,848.8862,60.69738,15.27783,61.40165,15.21416,7.216396,9.668211,457.8252,56.41376,22.49299,49.50806,21.59293,20.43797,28.92953,-1.417666,17.1773,0.9605124,14.51534,0.9518417,0.9619061,0.9060723,228.0329,62.99729,11.78219,53.70769,10.52755,5.788093,6.196522
2025-12-30 06:17:00,-1.51803,17.863,0.6053873,16.03033,0.5896572,0.5153149,0.582396,847.5635,60.79012,15.14627,61.77369,15.17859,7.142843,9.660313,459.3095,56.39182,22.38434,49.50706,21.08618,20.44594,28.88699,-1.354353,17.23726,0.937473,14.42223,0.9426527,0.9607811,0.9630986,228.6967,62.97343,11.68308,53.70376,10.47092,5.734928,6.198106
2025-12-30 06:18:00,-1.439107,17.86097,0.6198766,16.00505,0.576844,0.530979,0.5818435,847.4411,60.77178,15.15379,61.84323,15.22723,7.156631,9.665346,459.7008,56.43615,22.42033,49.53095,21.16689,20.51258,28.96603,-1.489043,17.23645,0.9496241,14.44995,0.9044437,1.000922,0.9199375,228.702,62.97366,11.74782,53.70077,10.4853,5.736782,6.271581
2025-12-30 06:19:00,-1.650277,17.85893,0.6083382,16.10587,0.5742874,0.5139822,0.5780172,848.4781,60.78465,15.16967,61.75476,15.16465,7.238086,9.664642,459.8681,56.39378,22.4353,49.50495,21.318,20.18301,28.89647,-1.400733,17.30451,0.9432687,14.39279,0.9315722,0.9743709,0.9351459,228.3673,62.98241,11.72942,53.70507,10.46736,5.771732,6.171406
2025-12-30 06:20:00,-1.720919,17.93573,0.6052761,16.05996,0.5685678,0.5318307,0.6088082,848.2592,60.66256,15.26059,61.97349,15.20374,7.182206,9.678637,458.68,56.42984,22.5488,49.50777,21.67612,20.21095,28.90597,-1.35765,17.31097,0.9484552,14.44468,0.9796157,0.9934453,0.9208961,228.2495,62.99772,11.74466,53.69322,10.45979,5.687071,6.136371
2025-12-30 06:21:00,-1.641672,17.81899,0.6134039,16.02019,0.5536944,0.5314732,0.5840738,847.7235,60.47828,15.152,61.79723,15.22188,7.276305,9.689445,459.1628,56.431,22.38489,49.50458,21.27462,20.63638,28.95208,-1.559875,17.19852,0.9523042,14.411,0.9439556,0.98421,0.9251235,228.172,63.00596,11.63741,53.69326,10.37834,5.711613,6.165868
2025-12-30 06:22:00,-1.554913,17.95109,0.5981057,16.0212,0.5675305,0.5310133,0.6084198,848.0165,60.7519,15.18243,61.57882,15.19396,7.175562,9.66478,459.8223,56.42765,22.3165,49.50675,21.08345,20.62203,28.94363,-1.481209,17.21147,0.9789282,14.46195,0.9645309,0.9671252,0.9355407,228.5517,63.00819,11.72186,53.68932,10.4487,5.733069,6.092435
2025-12-30 06:23:00,-1.623554,17.83286,0.6058286,16.05283,0.5612724,0.5310116,0.5903788,847.9614,60.91945,15.09594,61.7636,15.21734,7.240546,9.715,459.2293,56.41658,22.16131,49.50678,20.97168,20.11606,28.80647,-1.36376,17.33337,0.981469,14.43046,0.9505212,0.9973957,0.9268169,227.9892,62.96282,11.67784,53.69389,10.44602,5.659714,6.160151
2025-12-30 06:24:00,-1.638091,17.84896,0.6163118,16.08121,0.5830069,0.5263519,0.5490298,847.7821,60.63722,15.18189,61.95132,15.17839,7.195098,9.689076,458.6087,56.40587,22.40406,49.50715,21.48635,20.37345,28.83079,-1.4757,17.23635,0.9434353,14.46376,0.9736784,1.012257,0.9421327,227.6084,62.94263,11.60257,53.70935,10.50162,5.671906,6.131422
2025-12-30 06:25:00,-1.465953,17.76747,0.6074385,15.90621,0.5748681,0.528568,0.5785177,848.3076,60.35764,15.25069,61.70097,15.08987,7.282712,9.710086,458.9815,56.40625,22.37993,49.50953,21.33078,20.5974,28.93286,-1.452677,17.33068,0.9698225,14.44833,0.9269661,0.983359,0.9339728,228.0598,62.96797,11.64312,53.68531,10.49116,5.72396,6.110758
2025-12-30 06:26:00,-1.51063,17.87567,0.618893,16.07208,0.574878,0.5241702,0.5644276,849.7466,60.80114,15.13008,61.82665,15.16701,7.258512,9.669517,460.8896,56.40945,22.49346,49.51929,21.00943,20.5721,28.85662,-1.388559,17.21992,0.9279535,14.40812,0.9732468,0.9653655,0.9192665,228.6743,62.95929,11.68897,53.67627,10.43378,5.630136,6.131853
2025-12-30 06:27:00,-1.524205,17.79465,0.6124914,15.99821,0.5687228,0.5107342,0.5742236,849.1609,60.85165,15.11099,61.42345,15.20159,7.223065,9.647326,460.8062,56.43031,22.30313,49.50945,20.86077,20.21417,28.91682,-1.435163,17.28763,0.9120806,14.4886,0.9582043,0.9465818,0.9404484,228.6872,62.95334,11.70314,53.68059,10.48431,5.714122,6.071148
2025-12-30 06:28:00,-1.609765,17.84628,0.619188,16.0875,0.5487024,0.5252184,0.5990337,848.6556,60.8985,15.26535,61.58076,15.1889,7.075193,9.703309,460.5241,56.39102,22.29167,49.50694,21.37534,20.08063,28.89002,-1.419142,17.27625,0.9225542,14.49448,0.9462896,0.9719075,0.939836,227.9754,62.9711,11.60991,53.69035,10.38163,5.672183,6.094415
2025-12-30 06:29:00,-1.57563,17.9742,0.605707,16.05498,0.5804448,0.5294376,0.5787228,847.1203,60.37087,15.39168,61.63714,15.16427,7.160488,9.688572,459.2993,56.40799,22.23325,49.52654,21.20645,20.20869,28.93962,-1.522937,17.24469,0.964467,14.45665,0.9531569,0.9680229,0.9458927,228.1486,62.97789,11.56505,53.6918,10.49126,5.737667,6.018624
2025-12-30 06:30:00,-1.485227,17.67654,0.6181648,16.04994,0.574065,0.5332319,0.5785362,846.6392,60.9214,15.29505,61.65236,15.2375,7.133818,9.697985,459.967,56.40226,22.25901,49.51829,21.40065,20.46559,28.94224,-1.539159,17.19972,0.9545674,14.44777,0.9355432,0.9662929,0.9509214,228.4342,62.99845,11.72753,53.66299,10.42517,5.561253,6.064188
2025-12-30 06:31:00,-1.593345,17.83032,0.6139985,16.02854,0.5527414,0.5218987,0.533969,848.1133,60.5257,15.12366,61.50681,15.17779,7.084819,9.675771,461.4871,56.41557,22.36955,49.51974,21.3771,20.77418,28.97636,-1.429363,17.17879,0.9544786,14.44351,0.9397455,0.9923298,0.9475439,228.6337,62.97962,11.73112,53.67732,10.48993,5.774627,6.098403
2025-12-30 06:32:00,-1.531789,17.77875,0.6263513,16.02852,0.5529267,0.5412135,0.5504251,848.245,61.00432,15.24938,61.45007,15.18366,7.20479,9.651626,460.9993,56.41121,22.24818,49.50834,21.01372,20.72851,28.89172,-1.569246,17.28176,0.9332695,14.37887,0.9633611,0.9239795,0.9152756,228.4629,62.96552,11.68224,53.67989,10.43702,5.63798,6.108189
2025-12-30 06:33:00,-1.494121,17.86452,0.6350474,15.95467,0.5447155,0.5343536,0.5792072,848.5004,60.67006,15.22055,61.53852,15.22785,7.207065,9.718622,459.8433,56.40893,22.33746,49.42988,21.12402,20.82157,28.83709,-1.45419,17.24093,0.9241399,14.49756,0.9750715,0.9624308,0.9375878,228.1071,62.957,11.78281,53.68499,10.43663,5.642007,6.12514
2025-12-30 06:34:00,-1.577032,17.78164,0.6123425,15.92378,0.5700729,0.5362511,0.5622094,847.9886,60.35895,15.2001,61.48957,15.19294,7.187148,9.705025,459.4147,56.40612,22.26589,49.42561,21.19031,20.19031,28.87556,-1.398867,17.24787,0.9589483,14.40722,0.9683073,0.9822446,0.9355716,228.4874,62.95081,11.77309,53.68568,10.53453,5.712291,6.116757
2025-12-30 06:35:00,-1.581761,17.89234,0.5852755,16.07365,0.5500215,0.5305634,0.5834063,847.8382,61.18073,15.19409,61.79594,15.20895,7.14764,9.674547,461.0844,56.39009,22.28553,49.49018,21.25624,20.37567,28.91005,-1.34652,17.28377,1.022317,14.38,0.9492728,0.9532221,0.9052823,228.9136,62.95062,11.78288,53.66794,10.4466,5.714633,6.104664
2025-12-30 06:36:00,-1.544042,17.77255,0.6240758,16.02605,0.5673203,0.5361514,0.5737591,847.4053,60.37011,15.23166,61.4665,15.14953,7.202474,9.711018,461.0209,56.39005,22.42562,49.50268,21.63294,20.18056,29.00616,-1.55807,17.1807,0.8741265,14.41689,0.96836,0.9617915,0.9352568,228.6994,62.96243,11.74083,53.67143,10.46003,5.721907,6.097922
2025-12-30 06:37:00,-1.594151,17.73918,0.6232438,16.0944,0.5670171,0.5247197,0.6037055,846.8116,60.81773,15.12405,61.46743,15.20058,7.219055,9.658945,460.7187,56.38581,22.47678,49.57542,21.7408,20.30783,28.96692,-1.44779,17.18456,0.9351606,14.45165,0.9732129,0.9634838,1.020239,228.5316,62.96284,11.7311,53.6563,10.50069,5.714367,6.146439
2025-12-30 06:38:00,-1.594699,17.84859,0.5973381,16.08173,0.551347,0.5308003,0.5750824,846.4887,60.23895,15.2516,62.07588,15.15907,7.130507,9.700554,459.9656,56.43687,22.4259,49.53497,21.24002,20.5698,28.95306,-1.47505,17.14061,0.9343933,14.41157,0.9557849,0.9615487,0.9180463,228.1707,62.97189,11.83711,53.69717,10.50312,5.661403,6.100101
2025-12-30 06:39:00,-1.703775,17.65606,0.6282671,16.01179,0.5426755,0.5204325,0.5985225,847.0511,60.50379,15.24772,61.85012,15.16982,7.173725,9.641399,461.0846,56.41404,22.41581,49.51804,21.2845,20.49514,28.9152,-1.397504,17.40903,0.9231387,14.41196,0.978771,0.9686379,0.9566659,228.8896,62.95839,11.6919,53.67379,10.54762,5.605882,6.148354
2025-12-30 06:40:00,-1.467584,17.79086,0.6215905,15.95785,0.5624827,0.5390006,0.5907615,847.6782,60.70597,15.13416,61.72606,15.22385,7.167439,9.716237,460.2626,56.38572,22.33881,49.4998,21.70034,20.48775,28.98538,-1.347167,17.29877,0.9368612,14.36824,0.9603938,0.9634066,0.9026444,228.1777,62.95205,11.81795,53.6748,10.49882,5.607952,6.128913
2025-12-30 06:41:00,-1.352401,17.76773,0.6119124,16.00896,0.5468453,0.5317637,0.5821947,839.3073,60.71749,15.14974,61.4015,15.13017,7.215775,9.678212,458.4788,56.41239,22.19114,49.51927,21.22931,20.09257,28.82788,-1.474471,17.19288,1.013938,14.3851,0.9319922,0.9430407,0.8679495,227.7447,62.99953,11.76934,53.65644,10.48593,5.709642,6.15379
2025-12-30 06:42:00,-1.696854,17.84664,0.6043504,16.09133,0.5612497,0.5516786,0.5802692,840.7347,60.5784,15.24598,61.54874,15.1588,7.135188,9.619873,460.2098,56.40441,22.30027,49.50056,21.29822,20.38347,28.95553,-1.354904,17.1762,0.9765747,14.46988,0.9474161,0.9640752,0.8786606,228.2484,63.00784,11.74415,53.6628,10.52788,5.570165,6.04057
2025-12-30 06:43:00,-1.659341,17.61695,0.6102539,15.95704,0.5623673,0.5307169,0.5573637,842.9036,60.48586,15.19753,61.74516,15.21151,7.184543,9.67176,461.6583,56.41643,22.3402,49.53467,21.57178,20.3062,29.00013,-1.510441,17.24975,0.8726779,14.38172,0.9473139,0.9695926,0.9452301,228.7324,62.97835,11.82872,53.6837,10.42732,5.505557,6.090773
2025-12-30 06:44:00,-1.47957,17.65965,0.6297883,16.02007,0.5843698,0.5282209,0.5699893,845.2001,60.5521,15.24242,61.83591,15.25172,7.272667,9.674993,461.117,56.38468,22.41968,49.50901,21.70727,20.51439,28.92921,-1.579551,17.14916,0.9488518,14.38425,0.9504502,0.9683467,0.9267864,228.7627,62.98375,11.77618,53.69652,10.46003,5.513963,6.210824
2025-12-30 06:45:00,-1.558913,17.82815,0.6136149,16.04359,0.561307,0.5287576,0.5776748,845.1667,60.53738,15.22914,61.47754,15.20293,7.260631,9.727334,459.2561,56.40411,22.26206,49.52204,21.03677,20.53813,28.96432,-1.448824,17.2754,0.9377949,14.38721,0.9422643,0.9671751,0.979778,228.2267,63.00707,11.88273,53.67966,10.4318,5.570431,6.145109
2025-12-30 06:46:00,-1.67486,17.84216,0.5983878,15.9664,0.5392984,0.5395485,0.5795875,847.3924,60.63842,15.24334,61.82281,15.19839,7.225377,9.730852,459.5388,56.39747,22.3677,49.50245,21.28662,20.11679,28.91091,-1.552789,17.27571,0.9550608,14.4547,0.956997,0.9643301,0.9519382,227.9928,62.96778,11.7784,53.67556,10.44493,5.697574,6.217211
2025-12-30 06:47:00,-1.633338,17.73145,0.6422032,16.07717,0.563991,0.5433943,0.5646116,848.7033,60.47625,15.14528,61.65614,15.12638,7.205832,9.70274,460.226,56.39563,22.41578,49.51086,21.64665,20.13595,28.88338,-1.448093,17.27252,0.9040213,14.42433,0.9670427,0.9643691,0.942658,228.6972,62.99757,11.78975,53.69409,10.47827,5.651229,6.205182
2025-12-30 06:48:00,-1.476478,17.64805,0.6017488,16.04257,0.5689483,0.5308679,0.5760918,847.7498,60.53539,15.11488,61.67226,15.19088,7.181769,9.738947,461.1711,56.43013,22.54879,49.50129,21.67087,20.66656,29.0412,-1.437578,17.18776,0.9425037,14.36818,0.9726406,0.9860052,0.9162615,228.6408,62.99382,11.80967,53.67669,10.51027,5.6784,6.134407
2025-12-30 06:49:00,-1.623703,17.76587,0.6122954,16.00229,0.5829174,0.5108639,0.5878152,847.7417,60.87241,15.09245,62.01042,15.23563,7.172894,9.682015,462.1361,56.41538,22.53886,49.5123,21.59552,20.63709,29.04454,-1.416352,17.1689,1.011391,14.44602,0.9704449,0.971177,0.8572623,228.4427,62.99681,11.87038,53.66947,10.44931,5.684345,6.269352
2025-12-30 06:50:00,-1.695868,17.79449,0.6444802,16.01808,0.598344,0.5240211,0.5808714,850.4882,60.758,15.23539,61.62103,15.14501,7.251262,9.664444,463.1928,56.41601,22.43713,49.49279,21.67571,20.27692,29.10286,-1.407957,17.12626,0.9620578,14.40493,0.9393563,0.9463303,0.8534163,228.3106,62.99154,11.86636,53.67213,10.50632,5.695433,6.111817
2025-12-30 06:51:00,-1.658637,17.75859,0.642558,16.00719,0.5685937,0.5304073,0.5738003,849.3577,60.57414,15.19404,61.80301,15.2203,7.25309,9.660588,461.7274,56.41779,22.33419,49.40041,21.49232,20.63342,29.05769,-1.551052,17.19097,0.9451907,14.41418,0.9477799,0.9833674,0.9162658,228.5617,62.98392,11.86368,53.67935,10.38232,5.733903,6.260108
2025-12-30 06:52:00,-1.551874,17.83346,0.6393372,16.01393,0.5528057,0.5306546,0.5791911,848.0417,60.75956,15.16397,61.64136,15.16902,7.200105,9.706498,460.8392,56.41442,22.19306,49.41267,21.38039,20.45584,29.01941,-1.499884,17.28279,0.965872,14.34513,0.9633102,0.9658818,0.9312781,228.7593,62.99179,11.79317,53.67081,10.5289,5.639645,6.168121
2025-12-30 06:53:00,-1.651884,17.88305,0.6264203,15.96621,0.5631213,0.5437655,0.5959587,848.0638,60.5589,15.22143,61.59166,15.17102,7.13125,9.666378,461.0407,56.43626,22.35497,49.45197,21.09016,20.52115,28.95966,-1.562275,17.1465,0.942022,14.40612,0.9382678,0.9650922,0.9362186,228.7661,62.96713,11.79122,53.68164,10.44995,5.626146,6.233987
2025-12-30 06:54:00,-1.577726,17.8056,0.6446941,15.97486,0.5616641,0.5317511,0.5778266,848.252,60.63295,15.11443,61.67783,15.12711,7.168617,9.680931,461.709,56.41861,22.29944,49.42399,21.09227,20.66075,29.10205,-1.457142,17.32147,0.9701558,14.42761,0.9748251,0.9635962,0.9314016,228.8392,62.98676,11.83369,53.685,10.45509,5.778128,6.2489
2025-12-30 06:55:00,-1.540325,17.87025,0.6084495,15.96896,0.5564019,0.5307139,0.5650984,846.0162,60.81772,15.27717,61.57005,15.17895,7.165082,9.683719,460.9025,56.42789,22.40623,49.42194,21.39226,20.14967,29.00215,-1.481128,17.13,0.9537149,14.38944,0.9578237,1.003523,0.9590716,228.8131,62.99583,11.75036,53.66677,10.58239,5.730856,6.153696
2025-12-30 06:56:00,-1.500728,17.86281,0.6402659,15.92171,0.5678522,0.525529,0.5579728,845.9864,60.73833,15.2447,61.85701,15.25245,7.122,9.677814,461.1991,56.42826,22.57875,49.42319,21.57846,20.09939,29.03836,-1.431204,17.40592,0.931151,14.4332,0.9663639,0.9868564,0.9386109,228.886,62.98114,11.83118,53.66718,10.4651,5.638853,6.23608
2025-12-30 06:57:00,-1.64391,17.8961,0.6114585,16.03209,0.561068,0.5179296,0.5440227,847.3386,60.63013,15.19234,61.71011,15.16096,7.228872,9.658865,461.4454,56.42959,22.52605,49.41651,21.41933,20.71572,29.10349,-1.370662,17.33339,0.9449227,14.4348,0.9410312,0.9790154,0.9388987,228.6425,62.99971,11.81817,53.69303,10.50332,5.74605,6.209617
2025-12-30 06:58:00,-1.57882,17.79365,0.6305664,16.0195,0.5632536,0.5206697,0.5812086,848.5866,60.54235,15.21543,61.78994,15.21547,7.222927,9.698591,461.5079,56.43619,22.48037,49.41786,21.60075,20.3774,29.13285,-1.530833,17.17034,0.9410163,14.38021,0.960172,0.9846245,0.9159084,228.3771,62.97267,11.8013,53.68939,10.44521,5.678356,6.211252
2025-12-30 06:59:00,-1.488342,17.84107,0.5939345,15.94199,0.577962,0.5220976,0.5920905,849.0287,60.77707,15.16457,61.71773,15.2145,7.197059,9.703182,462.5457,56.41588,22.50204,49.41409,21.4099,20.70917,29.11137,-1.377252,17.20361,0.9512258,14.47577,0.9505565,0.9813245,0.9545978,228.7552,62.98051,11.90974,53.69234,10.49444,5.570913,6.216305
2025-12-30 07:00:00,-1.643703,17.79041,0.6282911,15.89399,0.5512589,0.5440295,0.5745158,848.6583,60.77629,15.18622,61.9929,15.18432,7.198563,9.676062,463.2788,56.41238,22.65651,49.39944,21.5477,20.79029,29.13441,-1.530125,17.10993,0.960121,14.37529,0.9372696,0.9914742,0.9109334,229.3423,62.97892,11.75809,53.67305,10.42796,5.699168,6.196672
2025-12-30 07:01:00,-1.530403,17.81956,0.6158943,15.97935,0.5800383,0.5304763,0.5640156,846.942,60.64694,15.22639,61.62618,15.18591,7.256972,9.698206,462.5217,56.45006,22.7167,49.4561,21.69965,20.54762,29.14074,-1.560539,17.15732,1.001588,14.43447,0.948865,0.9761215,0.9444292,228.9913,62.98331,11.76787,53.68937,10.5222,5.656494,6.231784
2025-12-30 07:02:00,-1.627647,17.82997,0.595046,15.98205,0.5651422,0.5149893,0.5902358,846.3337,60.72735,15.24506,61.91993,15.16135,7.127131,9.687615,461.7798,56.4285,22.60889,49.49641,21.58504,20.68797,29.12284,-1.546181,17.15248,0.9300843,14.338,0.9639508,0.9792753,0.9212974,228.3244,62.97814,11.81516,53.68361,10.40913,5.643924,6.182293
2025-12-30 07:03:00,-1.491467,17.71828,0.6248521,16.05436,0.5739532,0.5310144,0.5711973,846.2291,60.71695,15.35039,62.013,15.10463,7.154683,9.666912,460.5815,56.45619,22.76721,49.42228,21.57479,20.37677,29.03449,-1.411597,17.35557,0.9517506,14.35747,0.9280481,0.9674648,0.959659,228.3034,62.98296,11.74311,53.67255,10.50129,5.8285,6.23705
2025-12-30 07:04:00,-1.535879,17.74356,0.6223435,15.96021,0.5771757,0.5347375,0.5650892,845.9728,60.76941,15.16748,61.97717,15.18169,7.226548,9.711929,460.5042,56.47327,22.72349,49.40544,21.43041,20.6274,29.08912,-1.41089,17.27746,0.943627,14.41827,0.9625455,0.9674907,0.9458173,228.5951,62.98544,11.79287,53.69425,10.4591,5.792055,6.178629
2025-12-30 07:05:00,-1.484378,17.82898,0.6012476,15.99609,0.5712108,0.525829,0.5860041,846.7871,61.01147,15.32481,61.99915,15.1576,7.212246,9.649222,461.2968,56.45607,22.81178,49.42444,21.47313,20.44775,29.07698,-1.445452,17.13794,0.9727841,14.41187,0.9458834,0.9877288,0.9419335,228.5625,62.96191,11.81703,53.68998,10.48516,5.679484,6.216343
2025-12-30 07:06:00,-1.688179,17.80368,0.6067013,16.10023,0.5529885,0.5365698,0.55981,846.6825,61.10562,15.22145,61.80159,15.25764,7.287192,9.67538,461.5099,56.44166,22.62838,49.40703,21.76332,20.42143,29.1142,-1.42178,17.18328,0.9583166,14.41256,0.955735,0.9737189,0.9325386,228.9706,62.9501,11.81781,53.6674,10.52068,5.756833,6.20752
2025-12-30 07:07:00,-1.577725,17.9317,0.6211317,15.91012,0.5539716,0.5338907,0.5774823,846.5702,60.81712,15.27565,61.92089,15.15722,7.215598,9.679172,462.4444,56.44193,22.6918,49.3994,21.59317,20.80568,29.20256,-1.568669,17.35121,0.9211367,14.37143,0.9448182,1.024069,0.9555904,228.8698,62.94596,11.77261,53.6725,10.5147,5.740465,6.219541
2025-12-30 07:08:00,-1.670504,17.69198,0.6140465,15.99999,0.5778659,0.5239033,0.5717972,845.8636,60.6119,15.21149,61.50523,15.16822,7.172937,9.632369,461.2212,56.43757,22.55317,49.41518,21.642,20.61325,29.11449,-1.443963,17.294,0.9507986,14.35833,0.9584201,0.9765961,0.921815,228.7725,62.96769,11.77839,53.66954,10.48967,5.759287,6.259542
2025-12-30 07:09:00,-1.560002,17.72424,0.6223148,15.91684,0.5679654,0.5520927,0.5552437,846.2183,60.49018,15.12453,61.6054,15.19452,7.080451,9.661584,460.7591,56.44492,22.64101,49.42316,21.59912,20.49065,29.14539,-1.457078,17.15078,0.9894985,14.3696,0.9545949,0.9781705,0.9513293,228.6736,62.93271,11.71001,53.67701,10.46386,5.753903,6.269033
2025-12-30 07:10:00,-1.510251,17.7672,0.6298425,15.96098,0.5658569,0.5310145,0.5811959,847.1538,60.62708,15.23093,61.5873,15.14,7.250113,9.712873,461.3215,56.4243,22.53492,49.41034,21.60467,20.75859,29.17084,-1.451918,17.17102,0.9471026,14.4087,0.9642177,0.992341,0.9101838,228.622,62.92854,11.8304,53.6887,10.43265,5.778123,6.2167
2025-12-30 07:11:00,-1.432925,17.81165,0.633258,15.94991,0.5483478,0.5307321,0.5747209,848.8711,60.71184,15.16919,61.51892,15.1194,7.193671,9.698995,462.3955,56.45197,22.61568,49.41415,21.68877,20.30399,29.1331,-1.449795,17.07793,0.9605121,14.38577,0.9283131,0.9813452,0.9909678,228.898,62.92931,11.78992,53.64388,10.49148,5.741852,6.158974
2025-12-30 07:12:00,-1.592897,17.76832,0.6145747,16.00027,0.5616917,0.5320203,0.5858972,848.7528,61.06514,15.19406,61.49215,15.14507,7.187881,9.685324,462.7176,56.42297,22.72443,49.39379,21.43005,20.83947,29.15288,-1.522826,17.24543,1.047372,14.41852,0.9737453,0.9715081,0.9190519,229.1559,62.94839,11.71253,53.65128,10.45047,5.642157,6.115389
2025-12-30 07:13:00,-1.38637,17.76257,0.6279842,15.92026,0.5683491,0.5288606,0.5795865,849.9435,60.31279,15.32648,62.00615,15.15353,7.20369,9.623464,463.834,56.423,22.75019,49.51725,21.72945,20.75084,29.17946,-1.458589,17.19495,1.003966,14.45093,0.9364921,0.9821548,0.9281281,229.1446,62.9575,11.70433,53.672,10.45105,5.649498,6.085517
2025-12-30 07:14:00,-1.639246,17.80724,0.6228867,15.93016,0.5717542,0.553423,0.5784667,849.7291,60.8099,15.26466,61.7522,15.14285,7.131384,9.688399,462.8916,56.4575,22.96215,49.53606,21.43657,21.02034,29.2295,-1.464714,17.28472,0.9641941,14.40118,0.944863,0.96952,0.9823068,229.2479,62.95164,11.69502,53.67434,10.44744,5.843362,6.112681
2025-12-30 07:15:00,-1.503872,17.7952,0.6095753,15.95916,0.5450359,0.5294449,0.5609685,846.9309,61.05811,15.23427,61.46798,15.2312,7.242843,9.713406,461.8132,56.42302,22.5211,49.49968,21.43318,20.88205,29.13787,-1.349851,17.22863,0.9957029,14.44437,0.9729219,0.9829367,0.9447852,228.4781,62.92866,11.76545,53.67503,10.4449,5.822914,6.081927
2025-12-30 07:16:00,-1.469453,17.63834,0.6283744,15.84891,0.5785217,0.5300063,0.5366881,847.6752,60.68309,15.34064,61.94889,15.12527,7.203099,9.680889,461.5572,56.44115,22.45141,49.50518,21.07709,20.64085,29.05462,-1.452308,17.20576,0.8965045,14.37043,0.9624199,1.002805,0.9455456,228.7585,62.92337,11.70413,53.69744,10.50118,5.81734,6.224684
2025-12-30 07:17:00,-1.530108,17.66754,0.6041154,16.03764,0.5788559,0.5316796,0.560491,848.6909,60.38675,15.15416,61.74761,15.21975,7.198281,9.735593,462.7814,56.43003,22.33822,49.51665,20.94382,20.88271,29.19245,-1.457287,17.13027,0.9422091,14.31662,0.9248427,0.9687449,0.8699779,229.7371,62.92879,11.73756,53.67795,10.47215,5.754298,6.228894
2025-12-30 07:18:00,-1.690827,17.81987,0.6289657,15.94985,0.5630651,0.5445744,0.5882052,847.9144,60.79843,15.2018,61.56551,15.24527,7.15667,9.689501,462.4106,56.4271,22.48029,49.50572,21.45851,20.68166,29.06863,-1.522149,17.20919,0.9388911,14.36394,0.935528,0.9685482,0.9306026,229.3005,62.96114,11.652,53.69782,10.41151,5.827188,6.190932
2025-12-30 07:19:00,-1.520302,17.76959,0.593372,15.95525,0.578732,0.5276726,0.5702547,847.7729,60.66125,15.28159,61.80925,15.27684,7.202424,9.70789,462.2919,56.45584,22.64808,49.51117,21.46119,20.72484,29.12335,-1.45953,17.08573,0.9191788,14.36662,0.9439083,0.9662405,0.9390676,228.8617,62.96227,11.72471,53.68599,10.51854,5.691615,6.117259
2025-12-30 07:20:00,-1.7083,17.69732,0.6166317,15.93019,0.5713311,0.5307245,0.5826926,845.951,60.71695,15.21978,62.08052,15.11798,7.165516,9.698807,461.5702,56.46851,22.43799,49.51,21.52771,20.72751,29.09706,-1.465186,17.22994,0.9360904,14.3189,0.9682436,0.9805131,0.923571,228.7592,62.93952,11.71218,53.64993,10.54921,5.857993,6.154838
2025-12-30 07:21:00,-1.708116,17.65432,0.6197551,15.94327,0.5737736,0.5330172,0.5765271,846.2352,60.85313,15.13936,62.00112,15.1861,7.184821,9.686073,461.2767,56.45818,22.57466,49.51717,21.15331,20.63523,29.06567,-1.460468,17.09585,0.9675611,14.43166,0.9753427,0.9859623,0.9565753,228.6255,62.91556,11.66843,53.66167,10.4117,5.834344,6.161224
2025-12-30 07:22:00,-1.692244,17.7413,0.6008134,15.98385,0.5648881,0.529156,0.5764695,844.9072,60.95634,15.152,61.29283,15.1569,7.222665,9.698251,461.0605,56.45806,22.44719,49.50504,21.14589,20.38536,28.96767,-1.351144,17.18471,0.9276465,14.34757,0.9424127,0.9867347,0.9752496,229.228,62.92808,11.72697,53.67348,10.51244,5.64817,6.069602
2025-12-30 07:23:00,-1.493953,17.74063,0.5831275,15.9772,0.5608936,0.5193998,0.5914787,843.9303,61.01948,15.27799,61.52989,15.17795,7.160421,9.683851,461.7021,56.46886,22.61714,49.5199,21.37428,20.4773,28.95296,-1.389254,17.2889,0.9487083,14.35651,0.9642529,0.9904361,0.9537562,228.8685,62.92664,11.62155,53.68593,10.43766,5.675264,6.027199
2025-12-30 07:24:00,-1.544492,17.61341,0.624818,15.9634,0.5572919,0.5373721,0.5969077,845.5235,61.14128,15.17696,61.77354,15.26762,7.22099,9.724001,461.8348,56.446,22.75187,49.51458,21.56829,20.35502,29.08945,-1.486687,17.14247,0.9331279,14.43921,0.9296861,0.9693829,0.9945959,228.7059,62.9363,11.71367,53.67284,10.43351,5.692341,6.104738
2025-12-30 07:25:00,-1.603973,17.70922,0.6211782,16.03876,0.563103,0.5284297,0.5739493,845.9009,60.76847,15.13505,61.42581,15.18912,7.147204,9.670646,461.6046,56.48279,22.5673,49.53266,21.77215,20.27742,29.08882,-1.38915,17.22327,0.9474017,14.35967,0.9460347,0.9793255,0.9508873,228.8525,62.93481,11.71112,53.66379,10.5405,5.697395,6.129215
2025-12-30 07:26:00,-1.496437,17.78629,0.6188465,15.96485,0.5568157,0.5290211,0.551506,845.5688,60.76619,15.21938,61.91152,15.14758,7.273125,9.713225,460.3812,56.46767,22.68846,49.50966,21.58059,20.45479,29.12867,-1.443987,17.07024,0.9293203,14.36027,0.9521849,0.9614404,0.9424539,228.7238,62.95303,11.62989,53.67294,10.3745,5.696025,6.188851
2025-12-30 07:27:00,-1.400085,17.77451,0.6200033,15.93445,0.5778505,0.5170361,0.5713647,846.3633,60.5841,15.19055,61.5104,15.09936,7.168492,9.644682,461.9773,56.48171,22.65193,49.50705,21.66208,20.66424,29.12861,-1.558258,17.19493,0.94234,14.33977,0.9676245,0.977484,0.9585288,228.9581,62.96938,11.72236,53.65665,10.40245,5.729224,6.117555
2025-12-30 07:28:00,-1.642746,17.77158,0.6527792,15.96941,0.5534499,0.5309911,0.6095086,846.8867,60.95421,15.14911,61.54932,15.21044,7.166668,9.679522,462.9066,56.46741,22.57577,49.51102,21.67115,20.37025,29.17495,-1.432996,17.1733,0.9409912,14.35968,0.9410473,0.9441465,0.96002,228.9402,62.94465,11.6567,53.66529,10.41534,5.584797,6.108572
2025-12-30 07:29:00,-1.668445,17.73078,0.6355112,15.96987,0.5513316,0.5309212,0.5611576,846.6794,60.98949,15.23025,61.99956,15.19198,7.232603,9.684633,462.6223,56.46648,22.42339,49.50561,21.74429,20.51529,29.07838,-1.383426,17.19364,0.9329233,14.31884,0.9389809,0.9782305,0.9462453,229.0854,62.94698,11.7111,53.67025,10.42604,5.758895,6.069121
2025-12-30 07:30:00,-1.630651,17.78628,0.621371,15.87137,0.5772493,0.5445067,0.5505303,846.5898,60.75802,15.21023,61.62891,15.21194,7.102249,9.682987,462.7482,56.46426,22.6233,49.50046,21.73588,20.24996,29.11064,-1.419914,17.31319,0.9903893,14.34002,0.9636424,0.9630959,0.9700952,229.2342,62.94395,11.67292,53.66967,10.41228,5.67688,6.053799
2025-12-30 07:31:00,-1.563549,17.67304,0.6356519,15.88127,0.5921084,0.5324135,0.582059,846.6287,60.58833,15.11677,61.56597,15.18153,7.231262,9.694583,461.4267,56.4673,22.61256,49.5001,21.6946,20.60501,29.1065,-1.423868,17.26263,0.9727442,14.41562,0.9747998,0.9763918,0.9724645,228.8537,62.97344,11.63412,53.67353,10.42345,5.685302,6.072677
2025-12-30 07:32:00,-1.670637,17.72566,0.606999,15.93769,0.5410104,0.5185716,0.5754572,846.6516,60.74329,15.23695,61.73761,15.22366,7.229476,9.687077,461.0638,56.46362,22.42405,49.50364,21.5272,20.58389,29.114,-1.47108,17.12576,0.976768,14.32928,0.9425442,0.9575932,0.9562656,228.6357,62.94496,11.76206,53.65936,10.45547,5.726776,6.095399
2025-12-30 07:33:00,-1.538462,17.68974,0.6051931,15.90358,0.5568427,0.5310121,0.6023766,846.8288,60.85786,15.30019,61.93821,15.20698,7.250534,9.694581,462.3326,56.45918,22.49545,49.50885,21.18649,20.68373,29.12514,-1.428035,17.0336,0.9450149,14.35725,0.9468701,0.9641022,0.9461171,229.1264,62.9565,11.73353,53.67665,10.48402,5.833539,6.141436
2025-12-30 07:34:00,-1.535005,17.6881,0.6361684,15.99222,0.557403,0.5309472,0.5453449,847.491,60.63201,15.23669,61.79541,15.24285,7.204857,9.704676,461.9992,56.48487,22.42837,49.50599,21.35389,20.68911,29.06349,-1.431395,17.23301,0.9435217,14.36887,0.9699166,0.9799264,0.9610314,229.1361,62.96819,11.81108,53.68523,10.50477,5.652855,6.101022
2025-12-30 07:35:00,-1.64043,17.76863,0.6176549,15.97934,0.5771567,0.5327805,0.5897253,847.566,60.78763,15.23957,61.6876,15.14771,7.213971,9.721964,461.9114,56.46502,22.40565,49.50754,21.54515,20.39651,29.07393,-1.533398,17.19022,0.9796582,14.37089,0.980537,0.9582335,0.9428474,229.0284,62.94164,11.76737,53.64936,10.42539,5.678482,6.141891
2025-12-30 07:36:00,-1.583879,17.75399,0.6219262,15.97086,0.5520852,0.528335,0.5884387,848.1859,60.81434,15.20179,61.91839,15.2174,7.220969,9.707177,461.8313,56.46331,22.3776,49.5062,21.21707,20.36659,29.03947,-1.512489,17.1213,0.9667725,14.3331,0.9634652,0.9699829,0.9325321,228.7491,62.93171,11.73543,53.66094,10.43727,5.706069,6.061569
2025-12-30 07:37:00,-1.536976,17.73609,0.6317645,15.91311,0.5733632,0.5462368,0.5977677,846.7186,61.06068,15.23661,61.84013,15.14007,7.203873,9.648272,461.1262,56.46501,22.456,49.50277,21.21089,20.2674,28.99041,-1.449861,17.13618,0.9508834,14.37263,0.9521555,0.9760684,0.9685612,228.8974,62.92942,11.68962,53.65997,10.51351,5.702386,6.108134
2025-12-30 07:38:00,-1.649966,17.75066,0.6015644,15.89946,0.5931924,0.5400693,0.5745445,847.5885,60.62888,15.23703,61.67295,15.16627,7.161327,9.735497,461.8749,56.49946,22.48684,49.50233,21.24275,20.45618,29.03362,-1.420382,17.21133,0.9360723,14.30265,0.9732618,0.9610671,0.9645347,229.2561,62.94036,11.8043,53.66399,10.5125,5.616955,6.194896
2025-12-30 07:39:00,-1.612182,17.77797,0.6265268,15.84588,0.54656,0.5458707,0.5694121,848.3424,61.11177,15.14847,61.77221,15.26428,7.245542,9.693707,463.1227,56.4469,22.37529,49.50677,21.24948,20.12633,28.98533,-1.490111,17.23748,0.9564365,14.3078,0.9564885,0.9658242,0.9553401,229.4147,62.90767,11.69776,53.65134,10.44086,5.754843,6.128042
2025-12-30 07:40:00,-1.63788,17.62287,0.6042193,15.88189,0.5515878,0.5469483,0.5908897,847.364,60.68658,15.17476,61.84672,15.23458,7.188244,9.659462,463.7716,56.47196,22.30218,49.50673,21.17131,20.54219,28.96646,-1.439049,17.10295,0.9686409,14.39957,0.957444,0.9376379,0.9521224,229.2185,62.89802,11.83445,53.63658,10.45849,5.727707,6.142346
2025-12-30 07:41:00,-1.648005,17.77498,0.5998107,15.87525,0.5683677,0.5464998,0.5950361,847.6556,60.88267,15.21943,61.56455,15.14004,7.215234,9.688067,463.2565,56.47015,22.44442,49.5137,21.37992,20.5556,28.98355,-1.4536,17.07912,0.9355087,14.41498,0.9822842,0.9644026,0.9398934,229.4433,62.91095,11.84059,53.66822,10.49031,5.704884,6.146169
2025-12-30 07:42:00,-1.533688,17.69303,0.613657,15.90738,0.5705248,0.5306732,0.590719,847.4598,60.74371,15.24409,61.84461,15.11942,7.213531,9.696046,461.6053,56.47173,22.41701,49.50773,21.34507,20.3371,29.01583,-1.381145,17.08336,0.9865111,14.35023,0.9690103,0.9902117,0.9479908,228.9646,62.90667,11.8252,53.65264,10.50482,5.760232,6.176815
2025-12-30 07:43:00,-1.601044,17.77028,0.6334931,15.89367,0.5605752,0.5192041,0.6009763,846.9315,60.97905,15.16476,61.5843,15.22805,7.289747,9.740882,460.9985,56.47491,22.53296,49.51691,21.30878,20.25283,28.98823,-1.45983,17.06391,0.9979015,14.39781,0.9643598,0.9661843,0.9295709,228.9134,62.93005,11.70314,53.66491,10.43239,5.77913,6.133107
2025-12-30 07:44:00,-1.560039,17.67659,0.6212912,15.89479,0.5798361,0.5307682,0.6046749,847.6686,60.94936,15.28545,61.76096,15.17998,7.228809,9.728864,461.8639,56.47109,22.4801,49.50743,21.59453,20.19707,29.01927,-1.437969,17.22279,0.9570151,14.42228,0.9639083,0.9834617,0.9579696,229.085,62.94757,11.77063,53.68388,10.44555,5.663421,6.207842
2025-12-30 07:45:00,-1.498453,17.76979,0.6136127,15.91817,0.5595254,0.5292073,0.5614956,847.9933,60.73019,15.16298,61.79717,15.15473,7.236227,9.726923,463.2951,56.48858,22.44064,49.53335,21.51886,20.34784,28.99006,-1.38767,17.13934,0.9529055,14.34917,0.9727544,0.9736426,0.9501269,229.403,62.96218,11.86403,53.67305,10.52201,5.818319,6.270841
2025-12-30 07:46:00,-1.376194,17.65638,0.6206791,15.88102,0.5755599,0.5462013,0.5720671,848.97,60.52753,15.2443,61.61374,15.17232,7.217893,9.701191,464.1588,56.48266,22.45939,49.52248,21.67444,20.16429,29.02979,-1.475878,17.04723,1.014154,14.35046,0.9672571,1.001773,0.9390593,229.5189,62.96555,11.91974,53.65157,10.45997,5.697084,6.068562
2025-12-30 07:47:00,-1.789294,17.65545,0.6319828,15.9968,0.5627209,0.5291907,0.5770668,849.134,60.51258,15.08402,61.62315,15.19987,7.240241,9.69259,463.7464,56.45882,22.50695,49.51341,21.56674,20.30631,29.03952,-1.545153,17.01281,0.9744909,14.36352,0.9857071,0.9903321,0.9331353,229.2673,62.9624,11.85206,53.65917,10.49312,5.674723,6.106706
2025-12-30 07:48:00,-1.618708,17.72384,0.6375779,15.86209,0.565657,0.5408128,0.581679,849.6463,61.17869,15.10876,61.73171,15.23265,7.15129,9.707008,463.4163,56.49175,22.44009,49.50796,21.29088,20.41155,28.99852,-1.55512,17.22784,0.9532023,14.39609,0.9733136,1.006579,0.9638962,229.2119,62.97925,11.78591,53.65575,10.51757,5.668027,6.123305
2025-12-30 07:49:00,-1.478335,17.74805,0.6187602,15.9505,0.5678941,0.5459107,0.5806691,849.3557,60.5859,15.16888,62.02094,15.18959,7.194161,9.678458,462.8994,56.47996,22.43034,49.50354,21.19426,20.65975,28.98679,-1.384916,17.18562,0.9656825,14.35456,0.980053,1.001567,0.9278602,229.0742,62.96655,11.79266,53.66166,10.48748,5.595124,6.300739
2025-12-30 07:50:00,-1.503518,17.6436,0.5927728,15.9543,0.5415477,0.5329933,0.6041356,849.5647,60.57494,15.26142,61.75314,15.19563,7.119195,9.650716,463.7536,56.48394,22.38751,49.51623,21.3701,20.44476,28.97486,-1.362111,17.12731,0.9757568,14.34852,0.9725892,0.9872529,0.9541991,229.3225,62.96202,11.68948,53.66799,10.44318,5.682734,6.177526
2025-12-30 07:51:00,-1.651857,17.60247,0.6237375,15.91212,0.543405,0.5277417,0.5786619,848.85,61.09193,15.21545,61.91719,15.26132,7.175049,9.685674,463.4355,56.49294,22.40707,49.50237,21.10882,20.53148,28.95962,-1.422546,17.08744,0.9962267,14.27878,0.964843,0.9834923,0.9656115,229.4174,62.97574,11.77015,53.65071,10.4744,5.683216,6.199684
2025-12-30 07:52:00,-1.531681,17.70291,0.6032107,15.86794,0.5427879,0.5147352,0.5715173,847.2448,60.83577,15.18473,61.81988,15.19098,7.318205,9.701174,462.991,56.48727,22.39813,49.5079,21.15597,20.36948,28.96445,-1.510094,17.05781,0.9362327,14.3241,0.9673283,1.006639,0.9631692,229.2064,62.96782,11.80954,53.65827,10.48095,5.665571,6.228342
2025-12-30 07:53:00,-1.699106,17.7073,0.6097323,15.86064,0.5787687,0.5360212,0.5839107,846.7059,60.88633,15.25023,61.76337,15.15039,7.164268,9.668639,462.3462,56.48568,22.59835,49.50016,21.08765,20.4672,28.97687,-1.460553,17.09512,0.9177454,14.35621,0.9555851,0.999305,1.012777,228.9379,62.97509,11.73445,53.66493,10.53516,5.691155,6.293078
2025-12-30 07:54:00,-1.631266,17.7433,0.5900664,15.958,0.5711178,0.5261136,0.5947602,847.906,61.02044,15.18956,61.81402,15.24933,7.150638,9.714458,462.0841,56.49411,22.48985,49.49963,21.26767,20.2085,28.91602,-1.463447,17.21197,0.902751,14.34799,0.9640726,0.9800125,0.9256692,229.2497,62.9639,11.8679,53.66705,10.43755,5.639279,6.26896
2025-12-30 07:55:00,-1.465863,17.55279,0.6146123,15.88467,0.5661181,0.5306852,0.5613706,847.9093,60.60484,15.3108,61.53157,15.14037,7.119296,9.695732,461.9523,56.47598,22.57607,49.50872,21.22434,20.30266,28.90487,-1.499369,17.08227,0.9639004,14.40827,0.9902613,0.9786457,0.8573681,229.4893,62.98057,11.72455,53.66246,10.44648,5.853321,6.193798
2025-12-30 07:56:00,-1.650793,17.71942,0.6043037,15.95962,0.5892245,0.5186152,0.5981729,848.2084,60.90879,15.33214,61.89757,15.19204,7.269735,9.661788,461.8534,56.47781,22.48159,49.50149,21.17913,20.04974,28.95529,-1.544182,17.00532,1.023849,14.25773,0.9842933,0.9349974,0.8996446,229.2071,62.97475,11.85376,53.66277,10.46436,5.746826,6.121262
2025-12-30 07:57:00,-1.79011,17.71744,0.607757,15.94439,0.5771753,0.5256156,0.57288,848.9718,60.63958,15.20616,61.64883,15.17051,7.18496,9.698968,463.2965,56.47788,22.54351,49.50156,21.25492,20.2703,28.86237,-1.356422,17.03874,0.9007961,14.28632,0.9398769,1.002191,0.9965919,229.3417,62.98692,11.81522,53.66592,10.38772,5.693744,6.113503
2025-12-30 07:58:00,-1.531008,17.56836,0.5931304,15.90983,0.5784209,0.5295177,0.5856807,849.216,60.81279,15.34786,61.67989,15.19027,7.277808,9.718971,464.6419,56.47664,22.64544,49.51742,21.50295,20.71405,29.00126,-1.231554,17.15556,0.9609271,14.3984,0.9823621,0.9478171,0.9642742,230.2767,62.98774,11.79214,53.66157,10.49949,5.642386,6.095489
2025-12-30 07:59:00,-1.467714,17.89445,0.6040353,15.92318,0.5678207,0.5082157,0.5958723,848.3065,60.25682,15.17279,61.62888,15.17723,7.140975,9.68768,465.4854,56.50259,22.57376,49.5074,21.51855,20.86822,29.0366,-1.362765,17.29749,1.019441,14.4068,0.9517018,0.9680907,0.9570636,229.9965,62.94138,11.84564,53.66115,10.47216,5.740989,6.229037
2025-12-30 08:00:00,-1.575778,17.74205,0.5984147,15.88059,0.5757433,0.5313511,0.5793068,850.3195,60.8791,15.1667,62.17581,15.1699,7.16631,9.72312,464.7284,56.49458,22.58632,49.50898,21.80015,20.81095,29.02601,-1.462379,17.18808,0.9714464,14.32353,0.9758834,0.9779226,0.9702814,230.0814,62.97148,11.87971,53.65217,10.47191,5.742495,6.270382
2025-12-30 08:01:00,-1.467531,17.75869,0.5923988,16.03269,0.5795655,0.4891752,0.5572869,849.231,61.28809,15.22442,62.08265,15.14858,7.203515,9.647244,462.5701,56.50558,22.31504,49.51093,21.45131,20.77483,29.10202,-1.462157,17.03782,0.9710062,14.39089,0.9618574,1.00926,0.9535403,229.4273,62.92965,11.7965,53.68572,10.49206,5.84101,6.188266
2025-12-30 08:02:00,-1.561881,17.7009,0.6169295,15.90646,0.5667496,0.5304264,0.5782687,849.8223,60.62953,15.12028,61.61007,15.19657,7.200444,9.696563,463.0671,56.52325,22.35966,49.50455,21.35709,20.87007,29.0859,-1.367807,17.08562,0.9966046,14.42707,0.970785,0.962054,0.9335822,229.551,62.96279,11.72614,53.67939,10.44733,5.572121,6.175032
2025-12-30 08:03:00,-1.617289,17.68339,0.6093932,15.83394,0.5609877,0.53613,0.5865836,848.9383,61.02892,15.15892,61.79418,15.08437,7.16013,9.684751,463.1833,56.53533,22.4178,49.49031,21.33963,20.60375,29.05737,-1.456627,17.08146,0.9557607,14.40793,0.9442145,1.018298,0.9113197,229.8587,62.9547,11.61343,53.69265,10.39928,5.731744,6.140488
2025-12-30 08:04:00,-1.614732,17.69506,0.6220365,15.86238,0.5562918,0.5310112,0.5938594,848.0395,60.73459,15.25811,61.38321,15.1693,7.293768,9.704265,463.4404,56.50532,22.70988,49.522,21.46112,20.3819,29.07952,-1.374515,17.30219,0.9459005,14.25685,0.9660957,0.9765581,0.9582071,229.8006,62.97051,11.66425,53.68374,10.49816,5.840338,6.150702
2025-12-30 08:05:00,-1.694601,17.74382,0.619064,15.8764,0.5627882,0.518253,0.5847355,846.4627,60.45819,15.2041,61.81796,15.17361,7.265649,9.698191,462.8743,56.50832,22.50144,49.50187,21.54031,20.36311,28.98012,-1.449378,17.13983,0.9608487,14.38062,0.9563335,0.9996818,0.9441345,229.0745,62.94925,11.68144,53.69591,10.44739,5.70274,6.131246
2025-12-30 08:06:00,-1.456177,17.70979,0.639239,15.89834,0.5752817,0.5310254,0.562206,847.5839,60.75573,15.31211,61.88636,15.18236,7.178165,9.682899,462.244,56.50224,22.52101,49.51629,21.44349,20.18866,29.00478,-1.410252,17.1447,0.9654264,14.32391,0.9948744,1.01219,0.9662411,229.3643,62.95503,11.65281,53.69333,10.47307,5.73666,6.178113
2025-12-30 08:07:00,-1.518264,17.66562,0.6144988,15.89916,0.5440277,0.5348647,0.5606949,846.8763,60.54471,15.16561,61.99532,15.24393,7.194573,9.710564,463.3406,56.49975,22.44609,49.51422,21.49909,20.37273,28.94721,-1.533494,17.05198,0.9819164,14.37098,0.9527668,1.01112,0.9675555,229.4214,62.94319,11.67693,53.6924,10.49293,5.796694,6.190195
2025-12-30 08:08:00,-1.53827,17.77421,0.5842308,15.89176,0.538218,0.5321103,0.5813546,846.436,60.54014,15.17408,61.67901,15.11311,7.21263,9.674723,462.9933,56.5161,22.51282,49.51418,21.46089,20.27223,29.01274,-1.426214,17.09286,0.9554892,14.30973,0.9681368,0.9687563,0.9695649,229.3753,62.96284,11.64041,53.6977,10.49662,5.747822,6.176904
2025-12-30 08:09:00,-1.634966,17.67013,0.6220131,15.87909,0.5785573,0.5208533,0.5974432,846.1212,60.8028,15.20348,61.4831,15.19588,7.131169,9.672219,462.826,56.5083,22.48948,49.51059,21.30229,20.30431,28.94071,-1.385155,17.15609,0.9440053,14.32608,0.9443059,0.9868804,0.9818422,229.5691,62.9491,11.62797,53.7135,10.46073,5.702756,6.054572
2025-12-30 08:10:00,-1.691885,17.69054,0.6092985,15.93573,0.5561543,0.5374291,0.5778723,846.5657,60.74763,15.15963,61.67952,15.21678,7.244088,9.680973,464.664,56.46773,22.33868,49.5206,21.07038,20.54278,28.97895,-1.430814,17.17574,0.9679935,14.33821,0.9751108,1.021069,0.9562963,230.2398,62.97764,11.60721,53.70213,10.39802,5.736952,6.229931
2025-12-30 08:11:00,-1.468714,17.70193,0.6053298,15.83021,0.5872032,0.5404881,0.5816293,847.52,60.79612,15.13622,61.36163,15.24019,7.133446,9.677958,463.6849,56.48903,22.21016,49.51285,21.11911,20.28182,28.95293,-1.352186,17.09481,0.9572977,14.26754,0.9713873,0.9551967,0.9255705,230.207,62.97167,11.68782,53.70214,10.45627,5.81516,6.08174
2025-12-30 08:12:00,-1.555264,17.71519,0.6161559,15.92706,0.5515864,0.5349723,0.5547095,848.829,60.90208,15.2052,61.89427,15.18003,7.155661,9.689746,464.1412,56.48058,22.4874,49.44783,21.15743,20.49448,29.00065,-1.384221,17.15732,0.9658355,14.31329,0.9720473,0.9858795,0.9725387,230.0886,62.96866,11.59368,53.70077,10.41841,5.641453,6.087803
2025-12-30 08:13:00,-1.534002,17.62273,0.6173585,15.98627,0.5694327,0.5238971,0.5694799,849.0356,60.93754,15.20104,61.43538,15.18518,7.137884,9.67537,464.5485,56.48719,22.25702,49.45391,21.27051,20.28916,29.00734,-1.383431,17.01499,0.9658368,14.36395,0.9739131,1.016143,0.9550676,230.3646,62.965,11.68093,53.68808,10.47631,5.716232,6.086805
2025-12-30 08:14:00,-1.582839,17.63595,0.6101137,15.88852,0.5768782,0.5177623,0.5876912,850.0305,60.9999,15.26177,61.84524,15.10632,7.20965,9.679719,466.0237,56.50299,22.32025,49.43035,21.15483,20.45771,28.97848,-1.434988,17.16324,0.9563352,14.34097,0.9644101,0.992754,0.9533413,230.3727,62.96931,11.66091,53.71135,10.44294,5.73244,6.178201
2025-12-30 08:15:00,-1.526085,17.58278,0.6420109,15.88431,0.5611087,0.5300516,0.5816526,849.3065,60.84958,15.17999,61.67936,15.15366,7.283706,9.670892,465.1614,56.48495,22.40992,49.4079,21.32874,20.28734,28.93024,-1.369188,17.18917,0.963419,14.37375,0.9565117,0.983879,0.9900294,230.6157,62.98696,11.69206,53.68961,10.46368,5.673419,6.055832
2025-12-30 08:16:00,-1.595225,17.71412,0.6252887,15.86475,0.5485264,0.5310722,0.5843903,850.3335,60.71465,15.23394,61.8671,15.16259,7.175283,9.696876,465.3218,56.51954,22.38516,49.46557,21.16903,20.75092,29.01076,-1.559193,17.21236,0.9680246,14.31177,0.973144,0.9865723,0.9685104,230.7323,62.96664,11.72638,53.69319,10.54711,5.736781,6.044626
2025-12-30 08:17:00,-1.480137,17.63216,0.608659,15.85162,0.5607933,0.516695,0.5717973,849.5386,60.85001,15.28773,61.60222,15.12993,7.209462,9.679435,464.4169,56.49119,22.60754,49.40564,21.57352,20.80758,28.96422,-1.323123,17.05154,0.9466885,14.35091,0.9572247,1.012891,0.9902898,230.2703,62.9538,11.75266,53.67747,10.44955,5.731137,6.144168
2025-12-30 08:18:00,-1.64829,17.6192,0.6279641,15.8799,0.5740045,0.5309429,0.5801401,851.5039,60.82856,15.23134,61.46554,15.13806,7.127475,9.688988,464.612,56.49674,22.35657,49.40459,21.13994,20.7802,29.03482,-1.52622,17.01204,0.9565471,14.25906,0.963182,0.9797131,0.9660031,230.3954,62.96167,11.7085,53.69259,10.39677,5.629207,6.132845
2025-12-30 08:19:00,-1.495011,17.75818,0.6227255,15.89408,0.5771011,0.5274813,0.5983146,851.9432,61.05169,15.2048,61.79684,15.21633,7.181431,9.661158,464.6706,56.50272,22.42769,49.41302,21.6476,20.44982,29.00323,-1.383177,17.05339,0.9642509,14.30305,0.9968042,0.9706509,0.9600979,230.6521,62.96913,11.76782,53.64823,10.4768,5.730921,6.088463
2025-12-30 08:20:00,-1.491186,17.70129,0.6332077,15.82987,0.5578707,0.5449069,0.604938,851.812,60.87003,15.22351,61.63371,15.17947,7.156144,9.672315,466.2031,56.51004,22.44352,49.4063,21.62514,20.58641,29.00526,-1.446731,17.14945,0.9922925,14.36755,0.9565931,0.9502794,0.9543175,230.9303,62.97108,11.7557,53.67831,10.49924,5.716726,6.146876
2025-12-30 08:21:00,-1.533435,17.66462,0.6016361,15.86836,0.5672799,0.5293263,0.6058805,851.0672,60.802,15.20986,61.5754,15.18625,7.317599,9.651818,466.4195,56.49763,22.4385,49.40232,21.55249,20.61037,29.03912,-1.443914,17.02715,0.9886494,14.31624,0.9618335,0.9721677,0.9525307,230.6338,62.96619,11.84523,53.68803,10.5093,5.718717,6.057081
2025-12-30 08:22:00,-1.562645,17.59613,0.6305478,16.00403,0.575745,0.550779,0.5857277,853.3894,60.68407,15.19372,61.88927,15.20281,7.185842,9.718225,465.5599,56.50974,22.13534,49.40525,21.44438,20.29923,28.98971,-1.383199,17.18314,0.9575372,14.33346,0.956745,0.9813133,0.9846011,230.4097,62.96807,11.82847,53.67189,10.54844,5.706933,6.088158
2025-12-30 08:23:00,-1.357402,17.71352,0.6286781,15.88007,0.572084,0.53811,0.5793812,851.0934,60.85141,15.22148,61.50721,15.23304,7.110384,9.651912,465.0327,56.50217,22.25385,49.39069,21.21466,20.33012,29.00444,-1.518296,17.0702,0.9772371,14.2809,0.9703049,1.002818,0.9420703,230.6811,62.96651,11.69754,53.66357,10.38219,5.659819,6.14697
2025-12-30 08:24:00,-1.769821,17.54009,0.6220318,15.9408,0.573962,0.5309533,0.5908577,850.0573,60.7513,15.20232,62.11841,15.19044,7.229495,9.700667,464.4233,56.48348,22.29346,49.39575,21.48768,20.28116,28.92541,-1.521806,17.06846,0.9755087,14.35697,0.9579002,0.9667068,0.9686487,230.5256,62.99641,11.6597,53.68448,10.4081,5.723703,6.046681
2025-12-30 08:25:00,-1.488409,17.67611,0.6420652,15.89886,0.5487598,0.5304752,0.5808502,850.3499,61.00176,15.27067,61.64602,15.22104,7.149291,9.649925,465.2768,56.51068,22.44414,49.40619,21.29108,20.38451,28.93789,-1.459722,17.03058,0.9704872,14.32624,0.9645084,1.000816,0.9779158,230.3994,62.97977,11.77469,53.68227,10.47327,5.62847,6.111466
2025-12-30 08:26:00,-1.358513,17.75651,0.6336101,15.85014,0.556407,0.522059,0.5829807,848.7587,60.77654,15.25352,61.77653,15.24749,7.212294,9.739214,466.1299,56.51009,22.52538,49.4056,21.43079,20.17618,28.92755,-1.472753,17.10916,0.9708496,14.35636,0.9959019,0.994078,0.9439901,230.5538,62.96859,11.73477,53.67141,10.3933,5.639851,6.128695
2025-12-30 08:27:00,-1.561279,17.70291,0.6271812,15.90175,0.5977241,0.5356607,0.5810045,849.6545,60.87428,15.24046,61.96202,15.1677,7.215178,9.647007,466.0865,56.50284,22.42491,49.42435,21.12468,20.75183,28.94222,-1.355591,17.09532,0.994314,14.31693,0.9514515,0.9760125,0.9243898,230.7644,62.96515,11.71878,53.6756,10.37866,5.702107,6.134726
2025-12-30 08:28:00,-1.625254,17.56444,0.6145998,15.88097,0.5652105,0.5265273,0.5813556,849.2675,60.54176,15.26582,61.57276,15.11856,7.230992,9.643226,465.0062,56.50134,22.29125,49.50524,21.09193,20.64359,29.00475,-1.394738,16.99883,0.9644228,14.38129,0.9784504,0.9694019,1.000789,230.5971,62.97652,11.78415,53.66886,10.4313,5.658621,6.147739
2025-12-30 08:29:00,-1.500511,17.59244,0.6275377,15.88065,0.5540303,0.5319828,0.5617242,848.2166,61.15255,15.1111,61.64878,15.23885,7.238676,9.704656,464.1451,56.49948,22.24033,49.51596,21.25735,20.74796,28.95457,-1.430433,17.18187,0.9933981,14.28598,0.9820634,1.016207,0.9439448,230.0844,62.98484,11.77116,53.66697,10.46,5.63062,6.173497
2025-12-30 08:30:00,-1.519327,17.686,0.6128193,15.90669,0.5790446,0.5195067,0.5795285,850.0662,60.54609,15.17676,61.48123,15.28329,7.19199,9.722528,462.9447,56.47981,22.5876,49.42232,21.51932,20.62998,29.00836,-1.382234,17.11556,0.9655851,14.30805,0.9450426,0.9666948,0.9640645,229.9158,62.97342,11.79971,53.67697,10.44603,5.571812,6.159044
2025-12-30 08:31:00,-1.582438,17.62693,0.6140825,15.86437,0.5558385,0.5370647,0.5898798,848.1455,60.56636,15.29767,61.37944,15.18984,7.197942,9.68522,464.0135,56.47927,22.28618,49.41401,21.05401,20.90519,29.05447,-1.354227,17.15865,0.9378866,14.23335,1.008896,0.9839939,0.9380862,229.9966,62.9646,11.83237,53.65219,10.48276,5.521544,6.21841
2025-12-30 08:32:00,-1.240839,17.64382,0.6203906,15.86684,0.5795739,0.5292237,0.6088773,847.6965,60.85661,15.29088,61.73977,15.22806,7.133637,9.600423,464.0497,56.49339,22.41298,49.40645,21.30888,20.28174,28.95125,-1.444708,16.98228,0.9620665,14.36774,0.9628514,0.9721288,0.9526666,229.9276,62.97025,11.84486,53.66312,10.52556,5.708093,6.279846
2025-12-30 08:33:00,-1.656085,17.51574,0.6444986,15.96463,0.555537,0.5191714,0.5911285,848.6927,61.20055,15.22924,62.06224,15.26987,7.247823,9.659798,464.9041,56.45844,22.19194,49.40579,20.94533,20.60261,28.95025,-1.235679,17.12409,0.9522202,14.35185,0.9526702,0.9923292,0.9419554,230.1629,62.97418,11.7705,53.68274,10.47524,5.671271,6.205462
2025-12-30 08:34:00,-1.595368,17.65008,0.6210555,15.89964,0.5603153,0.5229326,0.6009092,847.884,61.2467,15.25798,61.88719,15.28435,7.24865,9.737681,465.0294,56.47549,22.43025,49.40673,21.08771,20.26847,28.85858,-1.399581,17.04963,0.9589002,14.26816,0.9514629,0.9717523,0.9690238,230.0096,62.96784,11.73125,53.63933,10.48451,5.614163,6.303854
2025-12-30 08:35:00,-1.587196,17.55076,0.6028506,15.90257,0.5793535,0.5339819,0.5563041,849.2411,60.38899,15.24411,61.597,15.1668,7.13536,9.735155,465.3073,56.47588,22.47124,49.41865,21.06754,20.55599,28.93423,-1.464562,17.12047,0.9166597,14.30973,0.9695269,0.974717,0.9667301,229.6389,62.96392,11.906,53.62551,10.54211,5.608653,6.154023
2025-12-30 08:36:00,-1.470957,17.50718,0.6031542,15.95741,0.5357358,0.5464353,0.5627363,849.0082,60.71984,15.10203,61.95832,15.23477,7.148143,9.676455,464.4983,56.48526,22.44926,49.39853,21.03308,20.29475,28.98746,-1.470957,17.13066,0.9802036,14.27376,0.9689416,1.015152,0.9538913,230.1721,62.98373,11.86124,53.66228,10.52583,5.592542,6.206059
2025-12-30 08:37:00,-1.523348,17.7414,0.6522133,15.90347,0.5681424,0.5293702,0.5581207,850.0723,60.64489,15.08171,61.62334,15.19341,7.20118,9.621957,466.0859,56.47659,22.14555,49.39659,21.09721,20.99756,29.03713,-1.581838,17.11655,0.9611686,14.37302,1.010737,1.009547,0.9368195,230.6478,62.97557,11.71322,53.68551,10.48511,5.629932,6.163014
2025-12-30 08:38:00,-1.452611,17.6175,0.5899757,15.91278,0.5555493,0.5318288,0.6035172,848.1083,60.73702,15.14958,61.81186,15.13505,7.140145,9.656619,465.813,56.46464,22.46408,49.41267,21.51619,20.882,29.00873,-1.378868,17.21006,0.9594126,14.31061,0.9592217,0.9766924,0.9446656,230.5517,62.9602,11.80181,53.66281,10.40263,5.711638,6.232025
2025-12-30 08:39:00,-1.503062,17.69422,0.6398765,15.93136,0.5798774,0.5190958,0.6239824,850.5933,60.58759,15.22457,61.66065,15.10124,7.200386,9.688218,464.9784,56.46336,22.49588,49.37468,21.43511,20.88201,29.01454,-1.445735,17.05229,0.9418666,14.27015,0.9560933,0.9745961,0.9834187,229.921,62.97802,11.80605,53.66845,10.54744,5.612287,6.117975
2025-12-30 08:40:00,-1.539175,17.58252,0.6115624,15.86078,0.5944023,0.5274937,0.6272116,850.2663,60.90912,15.31345,61.49569,15.0977,7.287742,9.679399,465.1053,56.46814,22.27952,49.42242,21.59714,20.34289,29.03222,-1.393126,17.05481,0.9739076,14.25358,0.9671757,1.008249,0.9646041,230.3032,62.96939,11.79268,53.65924,10.48561,5.64221,6.195793
2025-12-30 08:41:00,-1.391254,17.70623,0.6134936,15.96333,0.5755191,0.5336112,0.5615933,850.1192,60.84757,15.13038,61.68655,15.16648,7.263722,9.642722,464.5903,56.50948,22.49835,49.39328,21.43113,20.8477,29.04773,-1.318533,17.0564,0.9614238,14.26573,0.9736971,0.9483486,0.9691451,230.1467,62.97365,11.76812,53.64697,10.45841,5.652918,6.226888
2025-12-30 08:42:00,-1.438069,17.56644,0.6165624,15.85206,0.5791104,0.5132542,0.5778452,850.3497,61.01913,15.14383,61.34304,15.18718,7.179208,9.700987,464.9461,56.4618,22.4189,49.4177,21.55121,20.49492,29.04499,-1.43628,17.10223,0.985783,14.22184,0.9397128,0.9929039,0.9341145,230.3831,62.95737,11.7523,53.66046,10.39268,5.691433,6.196215
2025-12-30 08:43:00,-1.673767,17.60359,0.6008783,15.79567,0.5683713,0.5262135,0.5750681,848.8018,60.92676,15.29606,61.71674,15.22038,7.193136,9.690947,464.9738,56.44667,22.69341,49.41061,21.43502,20.851,29.05214,-1.429627,17.12409,0.9699217,14.32677,0.9805639,0.9453498,0.951094,230.1345,62.9587,11.84656,53.65507,10.45662,5.76899,6.271829
2025-12-30 08:44:00,-1.642539,17.71887,0.6017032,15.9194,0.5392636,0.5326626,0.5889575,847.9194,60.74309,15.17419,61.38953,15.17147,7.186574,9.626456,464.7356,56.43087,22.61377,49.41294,21.62348,20.65323,29.15165,-1.245138,17.19965,0.9592386,14.27164,0.9800866,0.9961619,0.9512365,229.8383,62.95358,11.73337,53.64434,10.52778,5.841712,6.239505
2025-12-30 08:45:00,-1.458797,17.66614,0.6137153,15.92347,0.5723006,0.5273356,0.6016726,848.9724,60.80751,15.28458,61.57465,15.19765,7.193896,9.700686,464.3859,56.43418,22.56676,49.41619,21.44822,20.93336,29.12373,-1.417145,17.06878,0.9672702,14.29093,0.9717113,0.9787205,0.9329559,229.8185,62.96653,11.78166,53.65824,10.43316,5.628795,6.201494
2025-12-30 08:46:00,-1.551339,17.57734,0.6256995,15.77872,0.5551484,0.5261636,0.6039436,849.7008,60.77846,15.27291,62.0285,15.2112,7.144674,9.697346,465.7441,56.45218,22.39464,49.42413,21.54329,20.73934,29.21301,-1.429268,17.07422,0.9905174,14.31026,0.968658,0.9871976,0.925087,230.2065,62.95023,11.75736,53.65926,10.47347,5.842655,6.236565
2025-12-30 08:47:00,-1.512999,17.54661,0.6280444,15.91499,0.5795419,0.5211541,0.6107969,849.7704,60.95225,15.29666,61.67454,15.21481,7.194022,9.662915,467.4362,56.40726,22.39022,49.41931,21.44855,20.95505,29.15105,-1.363719,17.26218,0.9732386,14.3267,0.9669522,0.9899004,0.972944,230.4668,62.94117,11.70946,53.64574,10.43686,5.763293,6.19995
2025-12-30 08:48:00,-1.682008,17.70969,0.606715,15.90977,0.5745676,0.5281705,0.6042225,849.2452,60.86757,15.18945,61.87812,15.15418,7.20565,9.692695,466.6414,56.43667,22.63171,49.39063,21.4358,20.41742,29.14461,-1.519252,16.96004,0.9588791,14.21446,0.9518659,0.9941908,0.9501539,230.3603,62.95829,11.75613,53.66874,10.47471,5.658935,6.140468
2025-12-30 08:49:00,-1.499345,17.63166,0.6088892,15.94212,0.5621337,0.5311072,0.6063419,849.5233,60.7098,15.21123,61.71034,15.11906,7.199688,9.655241,466.5734,56.44439,22.36341,49.42472,21.12983,20.49042,29.1534,-1.430342,17.01587,0.9388794,14.35169,0.9469624,1.007806,0.9734228,230.4401,62.94821,11.79365,53.6446,10.49122,5.638457,6.190317
2025-12-30 08:50:00,-1.359835,17.58937,0.6181928,15.77206,0.5792031,0.5395119,0.5954832,850.7024,60.51348,15.2407,61.57168,15.14785,7.172508,9.658298,466.2399,56.44696,22.58688,49.41444,21.4132,20.68727,29.20699,-1.542456,17.0598,0.9796173,14.31589,0.9537831,0.9964653,0.9434962,230.6308,62.93076,11.80093,53.65817,10.54289,5.701309,6.201766
2025-12-30 08:51:00,-1.420502,17.64804,0.6082188,15.85836,0.5740097,0.5135301,0.5850367,851.3178,60.58221,15.16393,61.82971,15.17187,7.143663,9.658313,464.9214,56.43084,22.35648,49.41461,21.3416,20.51673,29.14638,-1.376761,17.08624,0.9808393,14.21481,0.9615379,0.9947155,0.9615194,230.3383,62.94389,11.82373,53.62816,10.50896,5.792863,6.126314
2025-12-30 08:52:00,-1.384366,17.64535,0.6256371,15.92754,0.557886,0.5321532,0.5757794,855.0058,60.83564,15.18505,61.53514,15.12839,7.261615,9.639026,464.4037,56.43084,22.56957,49.42,21.26549,20.69752,29.18515,-1.506436,17.10659,0.9672021,14.29691,0.9354993,1.001907,0.9275664,230.1896,62.93603,11.84056,53.65425,10.48258,5.614084,6.220123
2025-12-30 08:53:00,-1.396657,17.55091,0.6334988,15.84134,0.5682792,0.5237404,0.5895011,857.688,60.85181,15.14743,61.86515,15.2542,7.217094,9.678934,464.2737,56.42898,22.43208,49.42163,21.41319,20.52206,29.17577,-1.41096,16.97198,0.9555162,14.27604,0.95845,0.9966205,0.9552915,229.7579,62.93406,11.79929,53.65133,10.52293,5.658769,6.19056
2025-12-30 08:54:00,-1.647093,17.54347,0.6094265,15.86209,0.5553552,0.5331423,0.5953866,863.6544,60.89752,15.2635,61.38908,15.13224,7.122004,9.60388,465.6718,56.43676,22.51185,49.40598,21.34715,20.67811,29.27891,-1.466556,16.92669,0.9943228,14.35998,0.9879814,0.979773,0.9585377,230.226,62.9465,11.78568,53.64388,10.49333,5.723526,6.21088
2025-12-30 08:55:00,-1.397287,17.79559,0.6339994,15.87919,0.5691972,0.5231505,0.5736107,870.181,61.03793,15.22202,61.63697,15.16212,7.292418,9.611704,465.729,56.42999,22.34209,49.41669,21.38951,20.63577,29.2592,-1.360102,17.13346,0.9785391,14.28125,0.9513856,1.010631,0.9614933,230.0871,62.91231,11.65327,53.63945,10.44195,5.667935,6.174449
2025-12-30 08:56:00,-1.396936,17.62184,0.6155456,15.93218,0.5434988,0.5417669,0.5665627,884.6969,60.59238,15.07574,61.79682,15.10087,7.187471,9.690769,466.3408,56.46564,22.61879,49.41814,21.19605,20.83332,29.28473,-1.481189,17.16826,1.000746,14.27313,0.9762672,1.000708,0.9302984,230.073,62.91737,11.7665,53.64874,10.5006,5.68509,6.222883
2025-12-30 08:57:00,-1.510526,17.72798,0.600499,15.92246,0.5664769,0.5160611,0.5872557,898.3299,60.53755,15.1685,62.2043,15.27953,7.214524,9.74896,466.2942,56.43429,22.4904,49.41642,21.20994,20.90259,29.24617,-1.44635,17.04953,0.9573154,14.23501,0.9577277,0.9932175,0.9879407,229.9579,62.92084,11.62299,53.63184,10.45337,5.766093,6.175745
2025-12-30 08:58:00,-1.501913,17.64718,0.6141633,15.85771,0.5709792,0.5322995,0.5786124,905.9147,60.65073,15.21171,61.7449,15.16955,7.200564,9.677996,464.6025,56.45196,22.59895,49.39958,21.31745,21.11777,29.27968,-1.413897,16.98786,0.9827791,14.28874,0.9667751,0.9938684,0.9540407,230.2205,62.92621,11.76132,53.64328,10.51084,5.798179,6.274319
2025-12-30 08:59:00,-1.565388,17.63409,0.5919189,15.92862,0.5614312,0.530964,0.572205,911.9366,60.80656,15.19883,61.66717,15.20916,7.16901,9.708332,464.0873,56.45537,22.46035,49.41656,21.29565,21.1074,29.31773,-1.40726,17.00722,0.9606867,14.28983,0.9383308,0.9749455,0.9693189,230.1389,62.90931,11.77051,53.6444,10.49402,5.724922,6.204638
2025-12-30 09:00:00,-1.380852,17.62429,0.5967901,15.84166,0.5751457,0.5279077,0.5818311,922.4284,61.02607,15.29761,61.56612,15.2598,7.286697,9.724595,463.7596,56.43428,22.64814,49.41773,21.20702,21.02818,29.28073,-1.483724,17.1313,0.9515067,14.30215,0.9731724,1.001516,0.9541997,229.7753,62.95631,11.7308,53.64061,10.47745,5.798668,6.26252
2025-12-30 09:01:00,-1.430797,17.62315,0.6219377,15.92507,0.5704814,0.5260392,0.5806581,938.9947,60.67567,15.17703,61.66531,15.16171,7.208386,9.706867,463.8343,56.42231,22.28629,49.41487,21.12218,21.20783,29.2931,-1.542902,17.07203,0.9735982,14.25806,0.9813136,1.016273,0.9347207,229.8002,62.91642,11.79664,53.6587,10.50759,5.740234,6.181331
2025-12-30 09:02:00,-1.50107,17.59372,0.6019852,15.82132,0.5603221,0.5312967,0.5621172,950.4611,60.37601,15.30816,61.56095,15.22701,7.275418,9.740032,463.607,56.40802,22.3636,49.40854,21.32176,20.82191,29.38593,-1.422527,17.05657,0.9735563,14.29309,0.9643523,1.007029,0.9612,229.5609,62.92362,11.66018,53.64628,10.51876,5.793913,6.250318
2025-12-30 09:03:00,-1.575626,17.6429,0.618082,15.83183,0.5699497,0.5310131,0.5608177,954.6348,60.89952,15.27683,61.43407,15.1572,7.223848,9.703785,464.9086,56.41452,22.48917,49.41916,21.29908,20.86133,29.40613,-1.385309,17.04667,0.9712983,14.25549,0.9708038,0.9913533,0.9548828,229.7543,62.90957,11.75809,53.65985,10.52573,5.807124,6.188417
2025-12-30 09:04:00,-1.663123,17.52673,0.6205092,15.92873,0.5759985,0.52878,0.5847024,955.2908,60.38037,15.34906,61.70987,15.20491,7.199096,9.700296,465.9741,56.40495,22.54839,49.41535,21.46601,20.83304,29.37099,-1.49519,16.95493,0.960601,14.26509,0.9774768,0.9752343,0.942894,229.804,62.92232,11.73968,53.63806,10.49028,5.617165,6.194439
2025-12-30 09:05:00,-1.635788,17.47559,0.6401699,15.8615,0.5588672,0.5267004,0.6072234,950.9766,60.46226,15.2757,61.59492,15.17712,7.203117,9.679491,466.5821,56.4046,22.50215,49.40247,21.24965,21.09291,29.47303,-1.428245,17.06541,0.9658854,14.31757,0.9443027,0.9712204,0.9456993,229.8877,62.9016,11.63486,53.65231,10.51053,5.687556,6.217598
2025-12-30 09:06:00,-1.567895,17.59306,0.6310575,15.84474,0.5766996,0.5115641,0.5814901,925.2289,60.51915,15.28359,61.54272,15.16615,7.111071,9.670433,467.0384,56.43343,22.57359,49.42049,21.19868,21.1227,29.50681,-1.450983,17.04569,0.9814721,14.24992,0.9962777,1.005752,0.9668982,230.3787,62.89448,11.88102,53.62821,10.45529,5.837948,6.21021
2025-12-30 09:07:00,-1.483205,17.64688,0.6206928,15.91653,0.5822415,0.5070327,0.5802417,871.5452,60.84612,15.13219,61.58133,15.16081,7.223112,9.69541,465.982,56.4132,22.47453,49.41869,21.325,21.23244,29.4628,-1.550057,17.09946,0.961511,14.29864,1.0033,1.01247,0.9655474,230.0883,62.89254,11.7583,53.6218,10.44177,5.719043,6.099866
2025-12-30 09:08:00,-1.619285,17.6302,0.6165482,15.76285,0.5572461,0.5013437,0.5796683,848.3091,60.6981,15.34903,61.68297,15.11119,7.093368,9.686682,463.1298,56.39489,22.65581,49.41092,21.7721,21.23584,29.49444,-1.285446,17.04082,0.9680427,14.2519,0.9803184,1.000246,0.9599518,229.3357,62.91183,11.71875,53.62743,10.42775,5.725567,6.181467
2025-12-30 09:09:00,-1.694848,17.59295,0.6239207,15.80956,0.5495633,0.5364001,0.5756187,848.3131,60.68927,15.24786,61.72599,15.21883,7.204159,9.670988,460.7747,56.38801,22.48421,49.39343,21.27878,21.34797,29.49748,-1.654544,17.00193,0.9539651,14.26929,0.9699126,0.9686655,0.9809178,229.3069,62.89153,11.66774,53.60232,10.52287,5.791763,6.110121
2025-12-30 09:10:00,-1.647032,17.471,0.6273993,15.86469,0.5528019,0.5274558,0.5705916,854.9047,60.68362,15.21019,61.83906,15.16226,7.144236,9.611686,461.6562,56.40138,22.67653,49.41854,21.41269,20.76272,29.47553,-1.568203,16.97167,0.9797275,14.31764,0.9637479,0.9733113,0.971928,229.6312,62.90122,11.75828,53.62033,10.45781,5.742043,6.232066
2025-12-30 09:11:00,-1.500968,17.60488,0.6295447,15.95549,0.5348849,0.5153759,0.5393076,859.004,60.53753,15.38829,61.71749,15.22861,7.249139,9.681656,463.666,56.4113,22.5921,49.3966,21.46745,20.76403,29.47693,-1.392373,17.03418,0.9809316,14.27236,0.9634262,0.9796164,0.9842284,230.3673,62.91409,11.68506,53.61387,10.54086,5.746123,6.180059
2025-12-30 09:12:00,-1.708571,17.63307,0.5986685,15.84774,0.5499223,0.5309235,0.5611783,860.7133,60.58062,15.0694,61.77946,15.15514,7.107702,9.640241,463.7388,56.43919,22.69485,49.40134,21.18222,20.88506,29.52584,-1.46449,16.97397,0.9675197,14.26389,0.9662774,0.9721745,0.9650251,230.7604,62.90284,11.64007,53.59412,10.411,5.75919,6.21922
2025-12-30 09:13:00,-1.473143,17.54525,0.6126589,15.81366,0.5510735,0.5285928,0.5827171,855.771,60.35012,15.24872,61.82575,15.23219,7.133274,9.638303,462.4761,56.42054,22.87346,49.39787,21.87804,20.77925,29.60026,-1.229003,17.0698,0.9681009,14.26995,0.9667119,0.985741,0.9404644,230.0459,62.89146,11.62988,53.61077,10.42144,5.617684,6.125395
2025-12-30 09:14:00,-1.541975,17.45901,0.6017365,15.7701,0.5731782,0.5173519,0.5804743,854.7454,60.9826,15.28779,61.74577,15.17064,7.214713,9.618653,460.9686,56.41607,22.4623,49.42144,21.67035,21.25752,29.54518,-1.374206,16.83694,0.9626892,14.23555,0.9580234,0.9705088,0.9756952,229.8217,62.90335,11.70926,53.60005,10.44157,5.639654,6.163217
2025-12-30 09:15:00,-1.399557,17.58857,0.6094807,15.84263,0.5483394,0.4952465,0.5776972,853.8416,61.01149,15.26302,61.54327,15.19446,7.258306,9.621813,461.2297,56.41833,22.51132,49.4237,21.49998,21.32288,29.57093,-1.356229,16.97259,0.9547125,14.23887,0.9829835,0.9898805,1.019273,229.8217,62.92553,11.71636,53.59058,10.52658,5.80847,6.216992
2025-12-30 09:16:00,-1.625283,17.55193,0.6001941,15.91128,0.5680488,0.5293986,0.5688924,853.5731,60.80119,15.1794,61.91595,15.15887,7.222394,9.631954,462.9202,56.40015,22.76753,49.42597,21.85293,21.28827,29.56751,-1.375238,17.12645,0.9700963,14.30361,0.9592934,0.9561641,0.9544457,229.795,62.90077,11.76141,53.58503,10.44136,5.666866,6.119711
2025-12-30 09:17:00,-1.585201,17.56302,0.6021482,15.80093,0.5511184,0.5358757,0.5682867,852.0999,60.56534,15.11978,61.3685,15.1448,7.208356,9.687838,463.3701,56.42327,22.66685,49.42175,21.6123,21.28883,29.59794,-1.680456,17.07732,0.9613989,14.26927,0.9747334,0.9875372,0.9760106,229.5753,62.88668,11.68998,53.58315,10.49037,5.631842,6.119574
2025-12-30 09:18:00,-1.678865,17.57066,0.6062714,15.88813,0.5559255,0.5295997,0.6014003,852.9261,60.9899,15.24407,61.53838,15.20551,7.12307,9.682756,463.0072,56.39063,22.64338,49.41013,21.66196,20.98492,29.47499,-1.495499,17.14445,0.9445112,14.16971,0.9726678,1.000582,0.9653324,230.1295,62.88131,11.73458,53.58598,10.51816,5.679502,6.146386
2025-12-30 09:19:00,-1.581389,17.56065,0.6231613,15.83979,0.5486141,0.5286886,0.5882441,852.6949,60.40199,15.13429,61.80891,15.22746,7.195121,9.69959,463.0967,56.39142,22.54321,49.42292,21.3504,21.16357,29.54996,-1.231734,17.15916,0.9586026,14.25648,0.92404,0.9835693,0.9677046,229.794,62.88796,11.75733,53.58199,10.43863,5.683605,6.068655
2025-12-30 09:20:00,-1.348662,17.60515,0.6271955,15.76759,0.575246,0.5310187,0.5912074,851.9582,60.81404,15.26554,61.43763,15.12142,7.200775,9.68152,460.3342,56.38604,22.50326,49.40884,21.35785,20.66046,29.46511,-1.470732,17.02319,0.9550375,14.30925,0.9826907,0.9654897,0.9654879,229.4551,62.87901,11.74595,53.60226,10.4249,5.555569,6.099082
2025-12-30 09:21:00,-1.661387,17.60172,0.5850865,15.77655,0.5846127,0.5309908,0.5912902,849.303,61.07068,15.26224,61.74275,15.12413,7.167337,9.716952,457.0139,56.40104,22.5321,49.42472,21.92479,21.10741,29.5544,-1.367821,16.94733,0.9877442,14.23737,1.003456,0.96588,0.9702162,228.5115,62.85938,11.72448,53.59632,10.47485,5.690942,6.087743
2025-12-30 09:22:00,-1.49203,17.59957,0.6200574,15.80694,0.5506441,0.5185246,0.578394,845.4838,60.52442,15.15018,61.87414,15.11335,7.192673,9.708357,455.7871,56.37934,22.61774,49.41835,21.41857,21.17154,29.4501,-1.40211,17.01685,0.9675298,14.23365,0.9686051,0.9722611,0.9763343,227.7529,62.87701,11.7379,53.59334,10.43691,5.625461,6.213184
2025-12-30 09:23:00,-1.550839,17.54254,0.6358907,15.90382,0.5590594,0.5246035,0.5683221,844.3104,60.79483,15.21286,61.75399,15.08451,7.182881,9.71027,454.7735,56.37775,22.51834,49.41226,21.96116,20.93302,29.57125,-1.426506,17.08111,0.9821339,14.25598,0.9677711,0.9850082,0.9342381,227.4673,62.87156,11.7318,53.59534,10.53751,5.713465,6.263894
2025-12-30 09:24:00,-1.496975,17.64846,0.6286699,15.75333,0.5779625,0.5308954,0.5740826,839.6831,60.791,15.24302,61.38612,15.13054,7.212221,9.708131,452.5274,56.35042,22.52229,49.41278,21.41148,21.25369,29.49839,-1.529993,16.87268,0.9594254,14.23019,0.9525975,0.9547392,0.9640768,227.0328,62.87395,11.85859,53.59212,10.48449,5.766512,6.142344
2025-12-30 09:25:00,-1.482946,17.58543,0.6375927,15.8798,0.5792583,0.5399911,0.593312,839.4288,60.62831,15.15374,61.4208,15.27046,7.222648,9.72286,454.4307,56.37878,22.64704,49.42355,21.9305,21.31122,29.56289,-1.44083,17.06272,0.9619296,14.25585,0.9471383,0.9538167,0.9719945,227.6562,62.86255,11.80495,53.59926,10.45593,5.734638,6.384338
2025-12-30 09:26:00,-1.632389,17.61682,0.6135526,15.85066,0.5798166,0.5362138,0.5830321,846.6192,60.69572,15.19485,61.81306,15.15906,7.209134,9.724865,458.0838,56.3604,22.60527,49.39093,21.44055,21.04266,29.56431,-1.38116,17.12405,0.9991145,14.22338,0.9927077,0.9639884,0.9870381,228.87,62.84657,11.82865,53.57859,10.60871,5.61413,6.264915
2025-12-30 09:27:00,-1.663367,17.58748,0.6432025,15.78423,0.5798004,0.5393515,0.5660275,852.5842,60.84337,15.24535,61.69023,15.15553,7.21559,9.639875,462.7266,56.33532,22.65027,49.39843,21.52598,20.96919,29.6207,-1.434693,17.06941,0.9624978,14.23924,0.9663584,0.9770192,0.9577723,230.0282,62.84537,11.85602,53.57894,10.56073,5.689102,6.221293
2025-12-30 09:28:00,-1.469292,17.63172,0.6273455,15.80033,0.5533339,0.5230889,0.5689387,856.9684,60.60524,15.15033,61.93188,15.21553,7.127981,9.691309,464.6618,56.35942,22.60281,49.40344,21.4213,21.11777,29.60285,-1.381981,17.17141,1.011316,14.24975,0.9456045,0.9689068,0.9561056,230.992,62.84652,11.82256,53.58663,10.56439,5.654616,6.265173
2025-12-30 09:29:00,-1.665933,17.49478,0.6230117,15.9065,0.5783159,0.535329,0.5669815,861.3702,60.85952,15.24805,61.74916,15.17284,7.196043,9.668106,464.4262,56.34928,22.70212,49.40038,21.75117,21.05687,29.67692,-1.556352,16.97545,0.956873,14.31569,0.9641688,0.9866034,0.9731782,231.2904,62.84475,11.75448,53.5695,10.52249,5.661506,6.254343
2025-12-30 09:30:00,-1.457905,17.53079,0.5940608,15.82515,0.5529075,0.5495457,0.5876685,857.1153,60.74368,15.1239,61.78416,15.19542,7.255397,9.732831,458.901,56.33902,22.83827,49.42505,21.93957,21.27248,29.73434,-1.489375,17.09237,0.9670036,14.25285,0.9522108,0.981009,0.9486901,229.1623,62.83604,11.79493,53.58956,10.51861,5.720438,6.17979
2025-12-30 09:31:00,-1.496903,17.62196,0.5862949,15.85166,0.5872641,0.5287815,0.5424301,855.4108,60.47557,15.22226,61.78986,15.24192,7.182393,9.649904,457.6999,56.33416,22.87079,49.41277,21.90954,21.70349,29.79514,-1.374833,17.03843,0.9839686,14.24218,0.9679285,0.994526,0.9264601,228.3435,62.82639,11.79241,53.56603,10.5465,5.771954,6.220411
2025-12-30 09:32:00,-1.652883,17.54793,0.6282663,15.77602,0.5531277,0.5163967,0.5911454,855.0958,60.7304,15.25894,61.52722,15.20243,7.269262,9.688478,460.0401,56.33051,22.70847,49.41637,21.59383,21.14448,29.71538,-1.363158,17.00407,0.978402,14.26812,0.9681766,0.9595829,0.9568407,228.5802,62.81592,11.84547,53.57083,10.50165,5.689484,6.159339
2025-12-30 09:33:00,-1.582636,17.62133,0.6076363,15.75591,0.5426864,0.5370537,0.5697705,855.5609,60.77263,15.17519,61.77882,15.15026,7.239879,9.738733,462.3175,56.34445,22.72856,49.30757,21.69329,21.24286,29.75728,-1.428859,17.06358,0.9696611,14.24376,0.9465517,0.9927761,0.9648643,229.1107,62.8237,11.69203,53.56781,10.50452,5.840144,6.094077
2025-12-30 09:34:00,-1.518615,17.53188,0.6071029,15.8408,0.5682923,0.529542,0.5923828,855.6533,60.80759,15.32139,61.41368,15.18376,7.224864,9.711132,462.5951,56.34251,22.87814,49.30741,21.89544,21.26335,29.75058,-1.499116,17.09807,0.9882932,14.29465,0.9729255,1.012783,0.984202,229.4102,62.83642,11.70761,53.56139,10.57665,5.663246,6.155139
2025-12-30 09:35:00,-1.575366,17.51583,0.5995225,15.76649,0.5910489,0.5206906,0.5411764,852.1638,60.98321,15.20179,61.76668,15.20603,7.122293,9.721191,460.781,56.33739,22.7306,49.23648,21.8848,21.61606,29.83546,-1.261674,17.08245,0.9553354,14.24449,0.9609445,0.9800938,0.9449007,229.0646,62.82031,11.68359,53.57814,10.54156,5.582362,6.121103
2025-12-30 09:36:00,-1.642408,17.65636,0.6175727,15.7737,0.5588774,0.523517,0.5725767,848.6885,60.64869,15.10581,61.40528,15.20416,7.25363,9.722403,459.6014,56.33933,22.55775,49.30312,21.48681,21.67127,29.77079,-1.498437,17.07043,0.9753568,14.22176,0.9521883,0.9812149,0.9659039,228.7953,62.8212,11.76543,53.55962,10.55561,5.81068,6.090523
2025-12-30 09:37:00,-1.523272,17.52533,0.6046798,15.85403,0.5542684,0.5261702,0.5941268,846.5026,60.46539,15.17865,61.33773,15.16122,7.224775,9.672232,459.6118,56.32996,22.70379,49.27155,21.60485,21.21525,29.72124,-1.338713,16.85868,0.9727183,14.23584,0.9658456,0.9878814,0.9704422,229.0951,62.82213,11.77153,53.5437,10.51899,5.658432,6.165584
2025-12-30 09:38:00,-1.666804,17.58561,0.6311396,15.81685,0.569688,0.5409393,0.5669801,845.9933,60.58349,15.12645,61.39144,15.24906,7.047715,9.679537,461.6768,56.34572,22.80959,49.30607,21.8226,21.24551,29.77956,-1.528862,16.9976,0.9597757,14.29753,0.9683542,0.9814619,0.9640104,229.3433,62.8447,11.57978,53.55515,10.50077,5.702538,6.148659
2025-12-30 09:39:00,-1.518863,17.46437,0.6129479,15.85393,0.5767748,0.5279379,0.5609933,847.4941,61.06436,15.1452,61.38206,15.14619,7.175618,9.709195,463.6767,56.32528,22.8083,49.30399,21.80585,21.34751,29.83262,-1.410825,17.0297,0.9501478,14.22738,1.005271,0.9708842,0.968977,229.8115,62.8364,11.6337,53.55905,10.46269,5.739535,6.091975
2025-12-30 09:40:00,-1.519207,17.61578,0.6142045,15.79996,0.5441932,0.5324842,0.5708945,847.3311,60.73797,15.21081,61.35464,15.21545,7.132719,9.673476,462.1748,56.33342,22.60486,49.31028,21.97067,21.47032,29.87591,-1.485209,16.94645,0.9681167,14.30662,0.9551994,0.9803208,0.9602762,229.5193,62.85143,11.66661,53.52953,10.51566,5.743003,6.225733
2025-12-30 09:41:00,-1.477123,17.44624,0.6175627,15.86621,0.5398622,0.5284704,0.5801651,847.3379,60.92958,15.23568,61.74787,15.22882,7.214272,9.720805,461.3452,56.32096,22.6494,49.33101,21.80468,21.45207,29.83109,-1.503262,16.84756,0.9622681,14.25303,0.9635618,0.9890425,0.9780234,229.2289,62.83207,11.67057,53.5362,10.50459,5.749986,6.14596
2025-12-30 09:42:00,-1.562455,17.61843,0.6285366,15.75806,0.5539823,0.5278757,0.5726408,848.3402,60.38847,15.16493,61.51265,15.26239,7.211414,9.735456,460.8987,56.3147,22.58149,49.39745,21.45141,21.52756,29.82125,-1.355123,16.99586,0.9913497,14.22777,0.9609862,0.9871584,0.9604998,229.3067,62.85133,11.71198,53.54978,10.48916,5.6163,6.154664
2025-12-30 09:43:00,-1.422989,17.50271,0.6204529,15.70696,0.5522534,0.5001144,0.5605587,848.5509,60.92084,15.24768,61.90812,15.22786,7.318621,9.737799,462.7944,56.30159,22.49438,49.39031,21.33932,21.62307,29.84384,-1.575351,16.99319,0.9823021,14.31616,0.9562725,0.9712014,0.9694617,229.6226,62.84303,11.65129,53.54032,10.51472,5.858299,6.202608
2025-12-30 09:44:00,-1.614522,17.56115,0.5878662,15.8206,0.5819212,0.5309508,0.581373,849.2156,60.35091,15.12756,61.89506,15.11492,7.206723,9.692004,464.7355,56.31238,22.51623,49.37075,21.53735,21.20667,29.76499,-1.41367,17.03059,1.028549,14.2657,0.956714,0.9887511,0.9602277,229.8702,62.83589,11.74798,53.53689,10.56972,5.627151,6.13338
2025-12-30 09:45:00,-1.559398,17.54653,0.5991872,15.84984,0.5384392,0.5133697,0.5852354,849.3807,60.60018,15.26703,61.46141,15.25383,7.218066,9.699068,464.6887,56.30691,22.57094,49.33292,21.35326,21.32364,29.77267,-1.397806,16.96202,0.9784374,14.32091,0.9862005,0.9517593,0.9534794,229.7033,62.85031,11.75542,53.53058,10.49419,5.769365,6.137638
2025-12-30 09:46:00,-1.628292,17.52084,0.6249738,15.84097,0.5775453,0.5286078,0.6033251,849.7682,61.09088,15.19,61.88058,15.17322,7.197913,9.725705,463.439,56.33275,22.63023,49.31445,21.35066,21.48359,29.85092,-1.487526,16.97453,0.9767815,14.26457,0.9739703,0.9706075,0.9810694,229.3729,62.84049,11.76598,53.51848,10.41971,5.731923,6.176755
2025-12-30 09:47:00,-1.690747,17.57466,0.6296166,15.79421,0.5732319,0.5317292,0.5408037,849.6641,60.59678,15.22272,61.89002,15.1576,7.225402,9.725486,461.861,56.29944,22.62806,49.36119,21.4007,21.18851,29.87052,-1.38736,16.92365,0.9705567,14.14564,0.9754159,0.9687799,0.965313,229.8244,62.83532,11.76381,53.52965,10.55528,5.80021,6.149175
2025-12-30 09:48:00,-1.483789,17.57935,0.6457703,15.80485,0.5637657,0.5306433,0.5747632,850.5712,60.83512,15.26619,61.63257,15.17608,7.217986,9.713333,462.9961,56.3194,22.62324,49.33226,21.72369,21.19807,29.87598,-1.548819,17.00642,0.9817549,14.2446,0.9666315,1.011002,0.9756799,229.3367,62.81359,11.77549,53.51941,10.52376,5.711407,6.173626
2025-12-30 09:49:00,-1.559088,17.46741,0.5990422,15.70003,0.5669866,0.5335376,0.5871847,849.8876,60.68906,15.21603,61.80766,15.1668,7.154953,9.718446,463.8326,56.32529,22.46296,49.38133,21.65816,21.17719,29.92936,-1.427169,16.97989,0.9805292,14.18068,0.9519987,0.9525408,0.9487944,229.4742,62.81072,11.73399,53.54847,10.56583,5.701699,6.278134
2025-12-30 09:50:00,-1.488638,17.63626,0.6167639,15.85546,0.5679255,0.4989604,0.581764,850.299,60.63607,15.09749,61.11802,15.21797,7.164632,9.696644,465.6976,56.31342,22.66035,49.40915,21.94605,21.33855,29.90153,-1.350705,16.92215,0.9650758,14.26332,0.9761623,0.9564177,0.9657667,229.3032,62.81659,11.77131,53.53925,10.53677,5.566854,6.047507
2025-12-30 09:51:00,-1.527492,17.58068,0.6370108,15.76809,0.5931007,0.5265279,0.5568488,850.5588,60.57431,15.21346,61.61076,15.22524,7.229914,9.713513,464.8017,56.31205,23.06518,49.41441,22.11667,21.29111,30.00611,-1.555403,17.08255,0.9613711,14.25798,0.9913222,1.031832,0.9413254,229.4072,62.8158,11.81079,53.505,10.51055,5.630513,6.1766
2025-12-30 09:52:00,-1.655749,17.6049,0.6322694,15.76096,0.5636672,0.4979782,0.5768486,851.2421,60.61959,15.21812,61.25811,15.20741,7.252804,9.705279,462.8998,56.31445,22.93273,49.39997,21.87969,21.644,29.93926,-1.356015,16.98235,0.9634025,14.18716,0.9368109,0.953908,0.9677792,229.5409,62.79445,11.68777,53.50874,10.50318,5.743071,5.997988
2025-12-30 09:53:00,-1.580272,17.51282,0.6712908,15.8453,0.5562527,0.5004958,0.5571432,851.1497,60.79791,15.18343,61.55063,15.17498,7.175489,9.764775,461.6002,56.32441,22.69964,49.39064,21.8389,21.69328,29.94974,-1.57936,17.01668,0.9805417,14.20998,0.9917957,0.9813387,0.9900605,229.2007,62.78275,11.79229,53.52585,10.46276,5.56836,6.046549
2025-12-30 09:54:00,-1.587055,17.52316,0.655835,15.80196,0.5774612,0.529554,0.5778762,852.0499,60.76372,15.15529,61.6516,15.18328,7.11923,9.719785,461.4271,56.31106,22.61268,49.42616,21.73889,21.55458,30.00137,-1.586773,17.12937,0.9675437,14.26846,0.9795642,0.9940924,0.964012,229.3698,62.8173,11.70006,53.50344,10.47172,5.642189,6.091652
2025-12-30 09:55:00,-1.646062,17.55155,0.6538181,15.85664,0.5568804,0.5358552,0.5880365,851.3538,60.38493,15.22716,61.72987,15.23834,7.227966,9.748068,463.4718,56.30416,22.59882,49.31877,21.30849,21.72877,29.94336,-1.345028,16.92987,0.9656593,14.25506,0.9740454,0.9917043,0.9800093,229.9269,62.80495,11.63376,53.5042,10.39214,5.720971,6.121521
2025-12-30 09:56:00,-1.54643,17.56779,0.6309387,15.76819,0.5470011,0.5319076,0.5719674,851.5306,60.96486,15.08559,61.54532,15.20758,7.145875,9.755924,463.4926,56.32063,22.64666,49.32279,21.74817,21.72424,29.96974,-1.344559,16.90462,0.9270732,14.21894,0.977293,0.9527951,0.9615493,229.6196,62.7919,11.71779,53.49334,10.52367,5.751615,6.128131
2025-12-30 09:57:00,-1.483598,17.45767,0.6339951,15.80129,0.548278,0.5275323,0.5807959,849.5156,60.85722,15.09844,61.76009,15.18367,7.148145,9.702921,462.2427,56.3176,22.5915,49.37511,21.31832,21.65665,30.0011,-1.44609,17.0852,0.9777621,14.26885,0.9720592,0.9593225,0.9751543,229.3194,62.78639,11.72232,53.50968,10.52819,5.543116,6.134834
2025-12-30 09:58:00,-1.699973,17.60221,0.6292359,15.83592,0.5858787,0.5055851,0.5858718,850.6539,60.86874,15.13568,61.79748,15.04367,7.213063,9.747987,461.1923,56.328,22.65322,49.42424,21.35005,21.27367,29.89507,-1.360797,17.06168,0.9693158,14.26894,0.9875706,0.9686705,0.9823737,229.1828,62.79496,11.61546,53.51653,10.49389,5.641673,6.056708
2025-12-30 09:59:00,-1.443365,17.5101,0.6282141,15.77258,0.5537367,0.5472106,0.5767723,851.2136,60.32527,15.20837,61.85827,15.19935,7.212059,9.710617,462.0326,56.34635,22.61009,49.31902,21.62487,21.13131,29.94347,-1.460498,16.93393,0.9853208,14.21512,0.9390637,0.9898084,0.985796,229.3879,62.79326,11.77514,53.51519,10.55047,5.583519,6.180054
2025-12-30 10:00:00,-1.362323,17.4723,0.6537988,15.76025,0.5530667,0.5249693,0.5979515,851.7871,60.8423,15.21375,61.56296,15.19318,7.094851,9.706458,463.0927,56.3125,22.62016,49.30689,21.53561,21.30525,29.96203,-1.567364,16.98634,0.9767455,14.32214,0.9561089,1.007583,0.9738377,230.164,62.78549,11.68614,53.48096,10.46722,5.725181,6.196267
2025-12-30 10:01:00,-1.547802,17.51149,0.6222489,15.77058,0.6068688,0.5405268,0.5731885,853.3497,60.61383,15.12302,61.55849,15.18178,7.077561,9.693286,462.7656,56.31812,22.67089,49.35075,21.9029,21.17916,29.96776,-1.311357,17.13381,0.9667134,14.12279,0.9644681,1.0062,0.9934328,229.81,62.778,11.81552,53.50266,10.57379,5.587886,6.097574
2025-12-30 10:02:00,-1.48193,17.53181,0.6174321,15.79702,0.5555266,0.5310134,0.5690144,853.3864,60.73539,15.21196,61.60789,15.21705,7.272384,9.738531,462.0754,56.30069,22.81683,49.2332,21.91764,21.1707,30.02273,-1.391293,17.02188,0.9871634,14.2176,0.965245,0.9935734,0.9663569,229.2266,62.78247,11.87202,53.49207,10.56723,5.522254,6.219973
2025-12-30 10:03:00,-1.743423,17.51077,0.6386666,15.7851,0.5638537,0.5277786,0.592179,854.173,60.37624,15.24899,61.68166,15.03169,7.283107,9.737075,463.1423,56.30445,22.60558,49.23754,21.66828,21.56617,29.96073,-1.429637,16.93068,1.004203,14.27049,0.9938079,0.9681008,0.9768525,229.4496,62.76027,11.77493,53.48245,10.53655,5.634924,6.190033
2025-12-30 10:04:00,-1.694118,17.59161,0.6291494,15.78062,0.599024,0.5310155,0.5726363,852.4001,60.49513,15.19795,61.57668,15.17589,7.170781,9.732715,463.0981,56.28001,22.8505,49.23275,21.98632,21.50714,29.89911,-1.501972,16.94635,0.9867766,14.22094,0.9552904,0.9920691,0.9642399,229.9656,62.77279,11.69217,53.48646,10.48152,5.650512,6.184903
2025-12-30 10:05:00,-1.692003,17.45448,0.6279063,15.75434,0.5768314,0.5309321,0.5740334,854.1788,60.80173,15.22614,61.81689,15.15739,7.239959,9.710903,463.2113,56.27605,22.85559,49.21375,21.64988,21.662,30.04889,-1.442435,17.22392,0.9659832,14.17581,0.9602127,0.9954473,0.9567177,229.8373,62.77695,11.80803,53.49601,10.43699,5.60249,6.240364
2025-12-30 10:06:00,-1.547817,17.47927,0.6335761,15.86716,0.5370788,0.5319846,0.577522,853.5891,60.99087,15.1778,61.723,15.26135,7.207183,9.758437,463.1161,56.28099,22.7947,49.21696,22.05689,21.54851,30.10269,-1.295502,17.03217,0.9761859,14.18409,0.9793733,0.9714925,0.9676079,229.7899,62.77685,11.89723,53.49951,10.52102,5.779951,6.205964
2025-12-30 10:07:00,-1.508082,17.50164,0.62631,15.79275,0.5631759,0.5515112,0.5836799,852.2364,60.93653,15.20912,61.68318,15.20756,7.189777,9.748094,462.1139,56.28464,22.75877,49.21329,21.49593,21.77526,30.06598,-1.358423,17.02576,0.9643764,14.24367,0.960965,0.9651603,0.9834715,229.3223,62.76423,11.85304,53.47468,10.48276,5.693694,6.216938
2025-12-30 10:08:00,-1.372939,17.50008,0.6350744,15.70986,0.5543867,0.5108886,0.5730722,854.3961,60.42376,15.20766,61.70397,15.1944,7.262468,9.751187,463.6219,56.30236,22.88101,49.20953,21.59302,21.80338,29.99528,-1.52687,16.99429,0.9857858,14.25826,0.9759967,0.9784135,0.9647038,229.7912,62.78376,11.76575,53.4897,10.46498,5.767883,6.272886
2025-12-30 10:09:00,-1.65991,17.53577,0.6177614,15.77484,0.5823864,0.5277326,0.5851492,855.5583,60.62159,15.11812,61.82385,15.15023,7.313692,9.685129,463.8235,56.28186,22.65265,49.22418,21.7031,21.53326,29.98357,-1.427767,16.94329,0.9633694,14.25134,0.9428444,0.9911167,0.936964,230.5943,62.7704,11.88956,53.48625,10.49416,5.565397,6.127656
2025-12-30 10:10:00,-1.552479,17.53117,0.6466068,15.62007,0.5704121,0.5267928,0.5715552,854.8615,60.88328,15.12723,61.80351,15.22569,7.236666,9.723864,464.7837,56.2899,22.5341,49.20138,21.28142,21.62476,30.05083,-1.38056,17.09454,0.9898808,14.19819,0.9557359,0.9894555,0.9472926,229.9041,62.75979,11.72547,53.48073,10.5138,5.728868,6.188355
2025-12-30 10:11:00,-1.533733,17.43596,0.6068684,15.85704,0.5519415,0.5462325,0.5629175,853.3334,60.85353,15.14211,61.51365,15.20223,7.137389,9.7307,462.8852,56.29072,22.77042,49.21569,21.56598,21.3372,30.03252,-1.569744,16.96946,0.9769135,14.23676,0.9619797,0.9950624,0.9624313,229.6576,62.75621,11.76301,53.47556,10.50394,5.718984,6.218367
2025-12-30 10:12:00,-1.532301,17.45935,0.6034653,15.76225,0.5661352,0.5311162,0.5635186,854.7619,60.64091,15.13669,61.54536,15.16465,7.184892,9.759624,462.2719,56.26429,22.72705,49.19331,21.43402,21.26655,30.01412,-1.528962,17.09217,1.002294,14.26898,0.9410771,0.9881915,0.9372584,229.4703,62.76181,11.77808,53.47588,10.46955,5.775583,6.186587
2025-12-30 10:13:00,-1.552456,17.54398,0.6426381,15.76861,0.5730538,0.5362799,0.5562745,854.1639,60.64965,15.0844,61.52896,15.23071,7.241617,9.721084,463.6458,56.27726,22.65392,49.22201,21.62719,21.23699,30.04844,-1.39434,17.00624,0.9846354,14.22137,0.9456849,0.9659637,0.9627823,229.8862,62.75336,11.85756,53.47383,10.56128,5.677494,6.183604
2025-12-30 10:14:00,-1.601118,17.51021,0.643213,15.81244,0.5532738,0.5329599,0.5913901,853.3368,60.82338,15.13999,61.58519,15.22987,7.176777,9.770607,463.3318,56.2687,22.62174,49.22023,21.42716,21.34985,30.04557,-1.518777,16.98793,0.9715666,14.15384,0.9785894,0.9815389,0.9500204,229.8567,62.7549,11.73208,53.46538,10.41346,5.66821,6.135767
2025-12-30 10:15:00,-1.525611,17.57425,0.6473958,15.74814,0.5633806,0.5310587,0.573971,852.6574,60.72949,15.05899,61.30899,15.23213,7.205706,9.789858,462.7287,56.28385,22.81177,49.30823,21.33449,21.30701,30.09728,-1.447786,16.96416,0.9765255,14.18651,0.9540972,0.9753963,0.9518536,229.5617,62.7538,11.70813,53.47309,10.48618,5.689757,6.240113
2025-12-30 10:16:00,-1.521239,17.46629,0.6343847,15.70971,0.5775698,0.5547432,0.5616008,851.9294,61.01821,15.14274,61.72888,15.17941,7.211954,9.778367,461.9783,56.28283,22.83822,49.31145,21.65378,21.4429,30.07848,-1.411046,16.97314,0.9463825,14.25129,0.955787,0.9885139,0.9477798,229.2555,62.75304,11.73393,53.48462,10.39845,5.726884,6.145216
2025-12-30 10:17:00,-1.529669,17.50406,0.6474754,15.7359,0.5795904,0.5235563,0.5680336,853.157,60.71209,15.17869,61.91162,15.25209,7.23928,9.718398,462.5795,56.26587,22.80399,49.32613,21.49084,21.69511,30.12931,-1.400018,17.05028,0.9760801,14.17293,0.9462058,0.9835913,0.9302972,229.866,62.73513,11.6853,53.47976,10.48474,5.836003,6.263454
2025-12-30 10:18:00,-1.621038,17.46446,0.6286883,15.80801,0.5753472,0.5224852,0.5702947,853.002,60.50037,15.1152,61.52439,15.17284,7.323792,9.699694,464.2494,56.2542,22.92892,49.31129,21.98932,21.348,30.14587,-1.364673,16.96282,0.9759402,14.26326,0.9577548,0.977346,0.9654353,229.8895,62.73867,11.77891,53.47716,10.48495,5.852765,6.215248
2025-12-30 10:19:00,-1.667362,17.47,0.6375891,15.74901,0.565619,0.5283197,0.5776072,853.2971,60.58225,15.09835,61.55598,15.16918,7.296307,9.713693,465.395,56.27802,22.82101,49.30895,21.7366,21.74929,30.28726,-1.414728,17.04137,0.9745383,14.19796,0.9701238,0.9935978,0.9647182,230.353,62.73924,11.69799,53.47747,10.4664,5.70779,6.108772
2025-12-30 10:20:00,-1.62493,17.44881,0.6162689,15.83357,0.578034,0.5461345,0.595768,853.5935,60.42794,15.17507,61.32394,15.17987,7.094439,9.703863,465.1828,56.26936,22.94758,49.30472,21.9471,21.51573,30.27,-1.445836,16.9996,0.969226,14.25739,0.9487486,0.9655381,0.9446427,229.9275,62.71147,11.6927,53.4771,10.50219,5.748118,6.094588
2025-12-30 10:21:00,-1.665995,17.40676,0.6212156,15.72064,0.5817189,0.5288138,0.5941384,853.366,60.73469,15.1778,61.49266,15.2014,7.28353,9.716604,463.8262,56.28903,22.74657,49.32152,21.61886,21.8338,30.31552,-1.508663,16.98896,0.9863817,14.23219,0.9451617,1.001399,0.9577369,229.6751,62.72763,11.68782,53.4747,10.50849,5.848031,6.112436
2025-12-30 10:22:00,-1.692377,17.57119,0.6271299,15.73601,0.5832249,0.5304709,0.5830034,853.6554,60.87029,15.14411,61.49871,15.22083,7.193393,9.676996,463.8034,56.29006,22.76404,49.32105,21.8114,21.42943,30.28277,-1.388308,16.97225,0.9595161,14.21595,0.9679383,0.9616703,0.9457079,229.6635,62.70151,11.64708,53.46342,10.40682,5.733387,6.175022
2025-12-30 10:23:00,-1.563361,17.44465,0.624335,15.76908,0.5814557,0.521844,0.5909078,855.1775,60.98888,15.03848,61.99212,15.16587,7.147273,9.712149,464.3581,56.26571,22.93419,49.31287,21.60707,21.60383,30.27143,-1.369093,17.08904,1.014996,14.27869,0.957824,1.032144,0.968105,230.5381,62.74179,11.64755,53.48134,10.51813,5.717621,6.165009
2025-12-30 10:24:00,-1.698842,17.53864,0.6301572,15.73725,0.5802808,0.5040498,0.5745339,852.5772,60.93817,15.08423,61.92012,15.26138,7.228236,9.737204,464.3528,56.25915,22.88635,49.30162,21.37994,21.80332,30.27064,-1.535983,16.93272,0.9737886,14.28642,0.9516947,1.018139,0.9517666,229.9334,62.76385,11.62001,53.47189,10.52068,5.703457,6.107936
2025-12-30 10:25:00,-1.617105,17.39294,0.6051337,15.7628,0.5798216,0.5440145,0.5807623,853.6276,60.4401,15.12445,61.49783,15.22988,7.147906,9.687915,464.6098,56.27113,22.82871,49.30389,21.55101,22.15429,30.2648,-1.303397,16.92646,0.9626709,14.26978,0.9428937,0.9700732,0.9585067,230.105,62.76424,11.7885,53.46287,10.59146,5.665937,6.171672
2025-12-30 10:26:00,-1.608581,17.47211,0.5969046,15.84615,0.5737201,0.5397841,0.5847043,853.7026,60.59507,15.15508,61.5276,15.18616,7.125689,9.710155,464.2172,56.2575,22.83755,49.30028,21.47483,21.8887,30.27284,-1.543538,17.00947,0.9644125,14.20688,0.9671813,0.9681789,0.9818073,230.0411,62.76422,11.67441,53.46463,10.49288,5.584252,6.074748
2025-12-30 10:27:00,-1.50878,17.60669,0.6282635,15.82727,0.5658717,0.5212327,0.5942728,853.4033,60.47716,15.19695,61.98339,15.13284,7.275467,9.738189,463.79,56.27147,23.01247,49.33177,21.7603,21.94503,30.32583,-1.547847,16.93615,0.9926028,14.26481,0.9624885,0.9895381,0.9337257,230.0801,62.75751,11.69296,53.45862,10.55616,5.731465,6.234426
2025-12-30 10:28:00,-1.61903,17.48079,0.6214495,15.70321,0.571692,0.5346711,0.5645295,853.5856,60.74528,15.15059,61.61693,15.2024,7.3146,9.730456,464.8951,56.28114,22.69656,49.30291,21.4434,22.01264,30.26542,-1.37489,17.02351,0.961611,14.17911,0.967344,0.9880967,0.9928576,229.9214,62.7391,11.67569,53.45811,10.5337,5.730378,6.177144
2025-12-30 10:29:00,-1.470491,17.54235,0.6020143,15.66933,0.5623646,0.5369847,0.5791119,856.0565,60.86172,14.99051,61.89525,15.20571,7.126795,9.718365,466.6429,56.2578,22.61728,49.2804,21.76734,21.64381,30.23602,-1.431544,17.05781,1.004955,14.22686,0.9924723,1.006619,0.9533658,230.4587,62.74081,11.64379,53.47787,10.44692,5.706461,6.123292
2025-12-30 10:30:00,-1.594957,17.59038,0.626869,15.76167,0.567905,0.5310107,0.5618468,855.6444,60.61382,15.15817,61.74445,15.13029,7.220576,9.687555,465.7366,56.29383,22.76122,49.30962,21.39557,21.78836,30.24908,-1.456801,17.03486,0.9503304,14.21632,0.9905547,0.9932753,0.9436052,230.3094,62.75675,11.81839,53.46083,10.5056,5.798472,6.171265
2025-12-30 10:31:00,-1.477801,17.55317,0.5900926,15.74375,0.5776144,0.4979867,0.5550368,855.848,60.9287,15.13344,61.47198,15.20904,7.17399,9.692925,465.6693,56.2833,22.72446,49.30011,21.72693,21.48023,30.29081,-1.349275,16.946,0.9924945,14.25711,0.9704835,0.9828293,0.9097851,230.6433,62.75541,11.63236,53.46923,10.46408,5.708518,6.18531
2025-12-30 10:32:00,-1.663452,17.49976,0.5962551,15.81946,0.5434427,0.5309021,0.5979028,855.3859,60.347,15.12484,61.36129,15.14667,7.207822,9.693428,465.5596,56.27343,22.82862,49.31602,21.30802,21.44184,30.18005,-1.424545,17.00145,0.973199,14.21046,0.9281899,0.9962615,0.970754,230.2552,62.7437,11.64346,53.45328,10.4326,5.668072,6.17015
2025-12-30 10:33:00,-1.807162,17.49643,0.6287412,15.71583,0.5709516,0.5300283,0.6162765,855.6385,60.27914,15.25939,61.45507,15.20854,7.260586,9.763521,466.583,56.27544,22.60657,49.29875,21.42105,21.5725,30.24347,-1.440951,16.93278,0.9567982,14.16699,0.9264457,0.9992652,0.9598191,230.1461,62.75515,11.6441,53.44443,10.4451,5.6689,6.170809
2025-12-30 10:34:00,-1.698687,17.55364,0.6494169,15.74562,0.5513675,0.530995,0.5848536,854.6348,60.70299,15.25962,61.7799,15.23488,7.098236,9.727991,466.5045,56.27596,22.45763,49.29964,21.18426,21.47367,30.19349,-1.353071,17.07602,0.9731832,14.22189,0.9519768,1.007204,0.9838458,230.7047,62.72032,11.66338,53.44444,10.52835,5.768593,6.130316
2025-12-30 10:35:00,-1.588846,17.52348,0.627499,15.65768,0.5852911,0.5542771,0.5814396,856.304,60.67928,15.24574,61.32145,15.12879,7.237172,9.746906,466.3388,56.28762,22.69447,49.31208,21.86181,21.62809,30.19827,-1.402516,17.07955,0.9668345,14.21713,1.000333,0.9811566,0.9638898,230.375,62.74395,11.51108,53.46641,10.38102,5.759439,6.129815
2025-12-30 10:36:00,-1.705473,17.59249,0.6286556,15.78837,0.556869,0.5373012,0.5811689,853.498,61.23391,15.19092,61.4031,15.2488,7.256011,9.750764,465.5943,56.2859,22.72604,49.3162,21.59654,21.74803,30.3153,-1.227726,16.79498,0.9608065,14.26102,0.9644641,0.9993563,0.9881852,229.9344,62.73908,11.59899,53.47865,10.48753,5.736818,6.092592
2025-12-30 10:37:00,-1.35206,17.56594,0.6281025,15.72046,0.579713,0.5082095,0.588451,854.7648,60.73196,15.11944,61.36362,15.19788,7.229737,9.767696,464.947,56.31052,22.6689,49.29883,21.81329,21.37655,30.16854,-1.399485,16.88944,0.998922,14.15491,0.942481,0.9958459,0.9636925,230.0609,62.75521,11.76217,53.45573,10.44373,5.650548,6.194438
2025-12-30 10:38:00,-1.489283,17.55593,0.6510096,15.80326,0.5382648,0.5328139,0.5808439,854.2881,60.77597,15.0975,61.20864,15.24811,7.187472,9.731034,466.0962,56.31017,22.59538,49.3001,21.35276,21.88603,30.26029,-1.348523,16.90465,0.9725692,14.21626,0.9345138,0.9730067,0.9556844,230.2841,62.74147,11.59275,53.45325,10.40298,5.744596,6.218673
2025-12-30 10:39:00,-1.469695,17.47124,0.6047527,15.69895,0.5770044,0.4933481,0.5873539,855.3779,60.37567,15.21122,61.69919,15.1837,7.083185,9.718441,467.4129,56.30323,22.76369,49.31303,21.34609,21.75536,30.27908,-1.360514,17.05894,1.00852,14.27291,0.9307548,0.9995152,0.9833586,230.8239,62.74591,11.70092,53.45145,10.45637,5.772075,6.133935
2025-12-30 10:40:00,-1.663592,17.53281,0.6343669,15.75282,0.5770285,0.5292276,0.5943952,854.5971,60.65203,15.1589,61.93013,15.21879,7.25406,9.7242,464.7815,56.30338,22.81656,49.3118,21.73874,21.70816,30.27642,-1.365633,17.01731,0.9468768,14.19302,0.9642877,1.010531,0.9728523,230.1701,62.72973,11.69811,53.44948,10.3767,5.654038,6.177201
2025-12-30 10:41:00,-1.734632,17.44454,0.622071,15.81839,0.5666785,0.5357632,0.5698258,851.344,60.7177,15.19254,61.64114,15.16564,7.150435,9.691132,463.9086,56.27878,22.71384,49.31013,21.54571,22.05602,30.32871,-1.45926,16.94018,0.9699247,14.22968,0.9572122,0.9660523,0.9705338,229.3227,62.71716,11.60795,53.45972,10.37173,5.686297,6.065049
2025-12-30 10:42:00,-1.650973,17.45343,0.6282151,15.6895,0.5652231,0.5381792,0.5473391,852.4746,60.30825,15.22559,61.56606,15.15486,7.20893,9.71134,466.1829,56.28331,22.76573,49.30446,21.86251,21.57962,30.25033,-1.365109,16.86879,0.9805065,14.18758,0.9442354,1.006916,0.9611332,230.064,62.72205,11.69107,53.45923,10.4143,5.727801,6.082465
2025-12-30 10:43:00,-1.689406,17.54582,0.6230354,15.7767,0.5737228,0.5240812,0.589892,854.985,60.59119,15.11412,61.72645,15.23943,7.279598,9.785677,468.3458,56.27782,22.62521,49.31451,21.78911,21.31353,30.24356,-1.323195,16.99469,0.9777211,14.16662,0.9559799,0.9864248,0.9805943,231.1977,62.73848,11.82472,53.44692,10.49122,5.721797,6.169639
2025-12-30 10:44:00,-1.668196,17.47721,0.6115203,15.74501,0.5765372,0.5126539,0.5520129,854.831,60.69575,15.19621,61.65972,15.18052,7.213138,9.737948,466.7667,56.28106,22.64188,49.31229,21.35596,21.85466,30.24927,-1.532062,16.86885,0.9545358,14.22391,0.944815,0.9993814,0.9722476,230.6849,62.73742,11.77244,53.43964,10.48143,5.704531,6.147041
2025-12-30 10:45:00,-1.669164,17.37147,0.5899135,15.70521,0.5769572,0.5212101,0.5655038,853.5737,60.60754,15.14463,61.61244,15.2405,7.245035,9.704185,466.061,56.30217,22.90246,49.30777,21.85006,21.93786,30.26502,-1.450321,16.77508,0.9939071,14.14228,0.9461564,0.9779418,0.9757966,229.9501,62.74161,11.69898,53.43985,10.39584,5.590034,6.188699
2025-12-30 10:46:00,-1.599231,17.46404,0.6025977,15.76406,0.5664185,0.5209598,0.5817388,854.8223,60.49989,15.10878,61.41702,15.1857,7.176204,9.724194,466.3068,56.30641,22.88443,49.29941,21.97287,21.51158,30.28164,-1.43171,16.8619,0.9737557,14.22056,0.9718404,1.004829,0.9608578,230.4194,62.75326,11.78751,53.42148,10.49538,5.711402,6.14467
2025-12-30 10:47:00,-1.631751,17.50832,0.6179371,15.69624,0.563931,0.5361779,0.5903832,852.6368,60.57202,15.13146,61.66136,15.21755,7.164863,9.735474,466.6309,56.28429,22.61221,49.30653,21.33591,21.41304,30.1925,-1.432155,16.81582,0.9860113,14.18899,0.9648435,0.9828554,0.9500397,230.2897,62.71649,11.70977,53.45684,10.46794,5.65503,6.101274
2025-12-30 10:48:00,-1.540548,17.51311,0.6134619,15.70697,0.5497176,0.5601514,0.5776951,851.7982,60.83239,15.12699,61.53338,15.1534,7.25256,9.730283,466.7975,56.26746,22.71869,49.30945,21.40976,21.61269,30.26684,-1.38914,16.96111,0.9708906,14.22914,0.9615788,0.9910378,0.9599963,230.5142,62.72436,11.72071,53.43481,10.43598,5.744879,6.064964
2025-12-30 10:49:00,-1.634644,17.50336,0.6199294,15.72394,0.5913901,0.5117872,0.566181,852.6557,60.7122,15.14899,61.58024,15.21301,7.28791,9.739191,466.0081,56.2832,22.51513,49.31482,21.43431,21.56414,30.27629,-1.455593,16.92287,0.9637995,14.21256,0.9577914,0.9917507,0.9397249,230.316,62.71495,11.63952,53.44849,10.44893,5.808457,6.106964
2025-12-30 10:50:00,-1.621964,17.497,0.6263925,15.68165,0.5584661,0.5234091,0.5978935,853.8992,60.61975,15.20258,61.64632,15.18209,7.233487,9.738402,466.0086,56.28487,22.4474,49.31121,21.28773,21.92801,30.26419,-1.44752,16.86012,0.9492081,14.18678,0.9421685,0.9586815,0.971779,230.2315,62.73367,11.68379,53.43201,10.43958,5.656476,6.09585
2025-12-30 10:51:00,-1.489816,17.47702,0.6253549,15.76697,0.571514,0.5391456,0.5699647,853.1441,60.88616,15.1119,61.52623,15.24444,7.202399,9.72059,465.6293,56.26327,22.60371,49.31164,21.77717,21.55828,30.22001,-1.426138,16.92929,0.957909,14.13893,0.9417959,0.9770952,0.968657,230.422,62.72716,11.67205,53.43497,10.40233,5.807668,6.164093
2025-12-30 10:52:00,-1.526565,17.45869,0.6235796,15.65109,0.589599,0.5340707,0.5747259,852.6584,60.47322,15.14265,61.52498,15.16247,7.127594,9.732868,467.7221,56.29021,22.62379,49.30735,21.75807,21.45011,30.18956,-1.35954,16.82235,0.9700651,14.17751,0.983435,0.9879181,0.9599168,230.7354,62.74428,11.76124,53.43322,10.49176,5.63823,6.044344
2025-12-30 10:53:00,-1.561454,17.55502,0.6093799,15.69517,0.5469182,0.5269942,0.5610682,852.9687,60.69163,15.21212,61.61279,15.15606,7.191182,9.713311,466.9808,56.25782,22.48485,49.2885,21.14936,21.47638,30.14965,-1.368234,16.81476,0.9707927,14.19951,0.9510802,0.9712877,0.954823,230.5895,62.72805,11.64789,53.43961,10.44542,5.581405,6.057657
2025-12-30 10:54:00,-1.570437,17.57726,0.6258218,15.69387,0.5510541,0.5280808,0.5914205,854.2274,60.67665,15.1649,61.91452,15.17612,7.194647,9.750393,466.5444,56.25965,22.47673,49.30239,21.23065,21.84518,30.17597,-1.398043,17.0207,0.9838148,14.09325,0.9708728,0.9675134,0.9504039,230.0689,62.73429,11.77236,53.46127,10.47637,5.596352,6.147884
2025-12-30 10:55:00,-1.535357,17.58192,0.6321225,15.73452,0.5697901,0.5277843,0.5817162,854.7047,60.8574,15.14698,61.73598,15.24578,7.217344,9.714668,466.4688,56.26088,22.763,49.30511,21.74961,21.57318,30.18027,-1.400649,16.99503,0.9529589,14.25957,0.9960583,0.9609392,0.9536467,230.3917,62.75472,11.72451,53.44468,10.463,5.589488,6.163846
2025-12-30 10:56:00,-1.651572,17.37244,0.5999304,15.75999,0.5681193,0.5128826,0.5799869,856.0718,60.82178,15.13035,61.6565,15.15295,7.2678,9.669744,466.2942,56.28289,22.77585,49.31749,21.7232,21.38143,30.20741,-1.432332,16.88345,0.9899693,14.14168,0.9334839,0.9897548,0.9566713,230.463,62.72387,11.79478,53.4481,10.45834,5.688084,6.132478
2025-12-30 10:57:00,-1.605023,17.41704,0.6255175,15.73004,0.549467,0.5135713,0.5861484,854.8812,60.95568,15.0949,61.51057,15.11824,7.108383,9.719028,467.9306,56.27094,22.6227,49.30551,21.33365,21.6594,30.26642,-1.392397,16.89615,0.9815655,14.16692,0.9236753,1.022344,0.9441079,230.5787,62.74908,11.75779,53.46185,10.52039,5.617054,6.056271
2025-12-30 10:58:00,-1.582894,17.47456,0.6177641,15.79839,0.5723277,0.532358,0.5671276,855.5147,60.49352,15.14202,61.84037,15.16828,7.189615,9.699928,467.0715,56.28852,22.76699,49.315,21.46199,21.84578,30.27308,-1.370774,16.87543,0.9513035,14.14624,0.9958624,0.9652985,0.9797978,230.6224,62.74134,11.74349,53.44554,10.46287,5.547237,6.116604
2025-12-30 10:59:00,-1.738546,17.44696,0.6260588,15.82532,0.5739127,0.5310043,0.6053631,855.1359,60.65176,15.13509,61.52866,15.17365,7.271764,9.70446,466.1734,56.28829,22.7229,49.29101,21.88492,21.80371,30.27935,-1.405719,16.93582,0.9680603,14.21592,0.9710714,0.9950615,0.9606983,230.5798,62.73169,11.7053,53.44613,10.43266,5.539671,6.123389
2025-12-30 11:00:00,-1.489396,17.47017,0.6372477,15.78081,0.571087,0.5309539,0.5862678,854.7058,60.73185,15.21354,61.62618,15.1756,7.292687,9.765857,465.5479,56.29401,22.59671,49.30827,21.64984,21.53729,30.26969,-1.399997,16.90405,0.9503202,14.20475,0.9503856,1.004898,0.9285018,230.2444,62.71781,11.70812,53.46425,10.46094,5.675242,6.143183
2025-12-30 11:01:00,-1.595799,17.45792,0.631267,15.75356,0.5642012,0.531274,0.5759238,853.0431,60.34874,15.09436,61.70005,15.23889,7.198982,9.800179,465.6017,56.27498,22.65751,49.32743,21.64492,21.60072,30.20802,-1.569199,16.80743,0.9978378,14.17103,0.9783248,0.965929,0.9483994,230.1773,62.73104,11.79417,53.43195,10.41285,5.515278,6.089104
2025-12-30 11:02:00,-1.629411,17.39739,0.6240279,15.7986,0.5549573,0.5475731,0.5543252,854.9542,60.86521,15.16692,61.29368,15.20252,7.163465,9.707469,466.9752,56.25014,22.72327,49.31044,21.70814,21.43271,30.27891,-1.539945,16.83356,0.9639277,14.17535,0.9401977,0.9666165,0.9616665,230.646,62.71946,11.70121,53.43813,10.42478,5.587481,6.173867
2025-12-30 11:03:00,-1.602067,17.498,0.6286705,15.66581,0.5684915,0.5260371,0.5808763,855.5301,60.67272,15.06744,61.85778,15.23482,7.175506,9.751914,467.341,56.30648,22.73379,49.31511,21.73966,21.81019,30.36115,-1.434498,17.10676,0.9669036,14.18602,0.9352983,0.999661,0.9765335,230.5543,62.71513,11.73236,53.45965,10.40751,5.661441,6.197106
2025-12-30 11:04:00,-1.658222,17.55148,0.6190653,15.70284,0.5708135,0.5312219,0.5800086,854.8632,61.06232,15.10819,61.85892,15.1578,7.197842,9.718483,466.2409,56.28548,22.77928,49.31487,21.78339,21.58931,30.27464,-1.658222,16.78316,0.9431093,14.20862,0.9194673,0.9811591,0.9527476,230.7922,62.72178,11.76275,53.42231,10.44842,5.654231,6.153197
2025-12-30 11:05:00,-1.65531,17.37396,0.6193843,15.69377,0.5704111,0.53067,0.5798855,853.8766,60.48059,15.2174,61.38886,15.13108,7.239679,9.688221,465.9652,56.28214,22.83668,49.33005,21.60486,21.39556,30.3239,-1.438006,16.78914,0.9621971,14.17705,0.9478964,0.9765027,0.9466878,230.3867,62.70832,11.68783,53.43246,10.4522,5.798976,6.166783
2025-12-30 11:06:00,-1.488953,17.38609,0.6416332,15.80381,0.5612677,0.5361341,0.6054425,855.1298,60.51524,15.21196,61.65523,15.19393,7.221265,9.701336,467.2282,56.26266,22.45063,49.30533,21.32961,21.6786,30.33841,-1.45436,17.04792,0.9491894,14.15021,0.979728,0.965641,0.9427732,230.8395,62.72214,11.82396,53.44133,10.47283,5.663931,6.17308
2025-12-30 11:07:00,-1.528508,17.49578,0.6611934,15.70817,0.5472918,0.5278583,0.5727625,853.9815,60.53712,15.2092,61.30355,15.1134,7.17414,9.734952,467.4438,56.27138,22.6968,49.30416,21.5844,21.79082,30.26988,-1.322546,16.90817,0.9497952,14.13098,0.9573228,0.9644556,0.9493178,230.8917,62.73267,11.87343,53.43422,10.50152,5.530202,6.19752
2025-12-30 11:08:00,-1.686035,17.45739,0.6389198,15.72642,0.5635818,0.5288402,0.5886172,856.0635,60.62809,15.11933,61.83973,15.21411,7.121334,9.699911,467.6968,56.25954,22.5617,49.32382,21.51121,21.55276,30.30886,-1.319824,17.13743,0.9516297,14.16493,0.9654346,0.960184,0.9829668,230.7922,62.74374,11.73135,53.44337,10.45521,5.71317,6.19956
2025-12-30 11:09:00,-1.691718,17.29413,0.6286803,15.75743,0.5820637,0.5280576,0.561437,855.2592,61.03664,15.16903,61.75241,15.2161,7.232347,9.766347,467.0965,56.26083,22.45701,49.306,21.22921,21.67655,30.3853,-1.447577,16.93975,0.9706662,14.13954,0.9652711,0.9660817,0.9843483,230.8387,62.75462,11.8828,53.43363,10.61572,5.672945,6.22899
2025-12-30 11:10:00,-1.69879,17.45834,0.5849457,15.71884,0.5437184,0.5382388,0.5774812,855.3264,60.67727,15.21122,61.77592,15.24239,7.20271,9.715597,467.4377,56.27594,22.64887,49.31771,21.18379,21.74898,30.3456,-1.399253,16.90828,0.9655942,14.25933,0.9323888,0.9582776,0.9438733,230.6234,62.74516,11.87337,53.4463,10.49071,5.734424,6.288153
2025-12-30 11:11:00,-1.559392,17.46454,0.5969526,15.66557,0.5714018,0.5369334,0.5902569,854.5997,60.57808,15.24121,61.38737,15.1878,7.134164,9.744448,465.9081,56.27421,22.55762,49.31713,21.63164,21.74727,30.29982,-1.361188,16.99963,0.9538723,14.2079,0.9902095,0.9527157,0.9684213,230.0685,62.76807,11.75715,53.44789,10.43819,5.62623,6.253155
2025-12-30 11:12:00,-1.476397,17.43727,0.63182,15.81771,0.5860127,0.531805,0.6031546,855.3063,60.46743,15.12711,61.1881,15.18073,7.166832,9.704409,466.863,56.28075,22.59599,49.3169,21.75749,21.58326,30.34469,-1.459067,16.99132,1.025741,14.21554,0.9527166,0.9657091,1.012066,230.6284,62.75526,11.67887,53.45011,10.48016,5.69663,6.13607
2025-12-30 11:13:00,-1.702185,17.33807,0.6231835,15.75928,0.5660636,0.5330003,0.5501345,856.1672,60.50526,15.0886,61.35709,15.13651,7.122502,9.72414,467.8385,56.275,22.66898,49.31221,21.30724,21.62216,30.29781,-1.544791,16.80197,0.9468266,14.20694,0.9739525,0.9651312,0.9110971,230.6668,62.70956,11.86915,53.45391,10.60853,5.787306,6.195814
2025-12-30 11:14:00,-1.588591,17.5377,0.6165338,15.71055,0.5781082,0.5324303,0.5913516,853.9258,60.40396,15.028,61.84239,15.23048,7.184515,9.666712,466.1294,56.27781,22.65659,49.31691,21.81705,21.83545,30.32748,-1.531938,17.03391,1.038138,14.19143,0.9728459,0.9597065,0.918331,230.3243,62.73159,11.72737,53.45425,10.47545,5.692132,6.235178
2025-12-30 11:15:00,-1.579213,17.47511,0.6333065,15.75614,0.5624341,0.5338498,0.5686496,854.6707,61.05057,15.14145,61.72006,15.20226,7.285194,9.733977,466.6438,56.30872,22.76308,49.31574,21.64614,21.38123,30.24924,-1.431995,16.91296,0.9345657,14.22961,0.9346497,0.9748996,0.9287905,230.2154,62.73766,11.88502,53.44161,10.53097,5.79085,6.280395
2025-12-30 11:16:00,-1.483338,17.47355,0.5930626,15.67932,0.5531209,0.5200576,0.5710832,854.9545,60.63904,15.21487,61.40176,15.19955,7.280034,9.723822,465.6611,56.28092,22.49536,49.30135,21.20093,21.37044,30.26646,-1.385246,17.0577,0.9444314,14.17725,0.9571652,0.9804023,0.9887018,230.4093,62.7341,11.8023,53.43737,10.39509,5.649842,6.20115
2025-12-30 11:17:00,-1.451005,17.30658,0.6044487,15.86324,0.5657086,0.5545052,0.5495,853.9935,60.71691,15.10699,61.66388,15.17434,7.25092,9.741386,466.8207,56.31094,22.52529,49.29913,21.18915,21.85931,30.36388,-1.376602,16.79233,0.9658883,14.23464,0.9395506,0.9681382,0.9707164,230.7235,62.72007,11.8427,53.43025,10.38188,5.604478,6.283488
2025-12-30 11:18:00,-1.585475,17.50316,0.6240559,15.73889,0.5567197,0.5463088,0.607722,852.6797,60.61102,15.10108,61.93154,15.29112,7.158102,9.718512,466.3459,56.29521,22.87016,49.32405,21.64352,21.91347,30.2997,-1.345651,17.02773,0.9648624,14.17182,0.9426133,0.9654193,0.9426616,230.5641,62.75592,11.85407,53.41782,10.48845,5.737762,6.210068
2025-12-30 11:19:00,-1.535673,17.40673,0.6361968,15.77561,0.5782616,0.5335671,0.5915437,854.6055,60.56716,15.22545,61.77739,15.20702,7.204277,9.726864,466.3383,56.32559,22.67682,49.31382,21.69532,21.47131,30.23704,-1.376866,16.8037,0.9876334,14.19917,0.9353197,0.9954698,0.9291397,230.84,62.74073,11.83738,53.40701,10.52714,5.739255,6.296464
2025-12-30 11:20:00,-1.624692,17.30457,0.646677,15.71818,0.5453058,0.5473303,0.5778247,853.5041,60.94451,15.12795,61.79251,15.15694,7.200861,9.702327,465.5326,56.30548,22.53329,49.32325,21.47422,21.44972,30.18951,-1.549137,16.99719,0.9586743,14.19126,0.9607732,0.976774,0.9369777,230.1084,62.74229,11.78398,53.41875,10.44876,5.563073,6.165305
2025-12-30 11:21:00,-1.58116,17.52019,0.6172907,15.70731,0.5449794,0.5309108,0.576187,854.0447,60.80014,15.21406,61.66078,15.17953,7.16413,9.73912,466.3083,56.28783,22.70269,49.30825,21.3041,21.81395,30.29597,-1.357621,17.00747,0.9158245,14.15107,0.9670267,0.9618846,0.9784706,230.5173,62.73647,11.81577,53.4257,10.44262,5.68283,6.202238
2025-12-30 11:22:00,-1.466221,17.31612,0.6222951,15.72228,0.5610378,0.5297303,0.5670978,856.1572,60.89934,15.18082,61.62373,15.19767,7.135872,9.734107,468.7451,56.28059,22.76308,49.31044,21.88474,21.63908,30.2887,-1.449726,16.892,0.9463643,14.23305,0.9479585,0.991315,0.9582886,230.9198,62.7667,11.91433,53.41811,10.53561,5.665278,6.272425
2025-12-30 11:23:00,-1.483742,17.49993,0.6254684,15.77535,0.5698203,0.5116959,0.5795025,855.7783,60.73056,15.10489,61.50331,15.21881,7.190871,9.722849,468.5539,56.27926,22.56306,49.31863,21.66745,21.24923,30.12599,-1.368357,16.82908,0.9834469,14.12326,0.9344007,0.9757897,0.968433,230.5403,62.74749,11.86899,53.4224,10.50061,5.669968,6.251541
2025-12-30 11:24:00,-1.62816,17.38453,0.6244375,15.75901,0.5518935,0.530444,0.5823441,856.0136,60.32501,15.14974,61.84508,15.22961,7.11807,9.751216,467.6693,56.28563,22.71623,49.30832,21.78767,21.64666,30.23169,-1.505256,17.03251,0.9896903,14.19692,0.9318046,0.9664587,0.9370824,230.4691,62.758,11.88206,53.4208,10.52045,5.717315,6.228112
2025-12-30 11:25:00,-1.670233,17.37547,0.6309446,15.73817,0.5791374,0.5133246,0.5575779,855.1924,60.57432,15.10871,61.55759,15.19183,7.163677,9.711453,466.0483,56.29854,22.72464,49.31157,21.86341,21.38618,30.15613,-1.545416,16.96575,0.9762547,14.22439,0.9592218,0.995689,0.925963,230.4051,62.75957,11.749,53.43433,10.50708,5.606867,6.204532
2025-12-30 11:26:00,-1.635301,17.43539,0.6273049,15.75199,0.5867431,0.5349663,0.5547395,853.0054,60.30978,15.18184,61.17959,15.11574,7.222457,9.736651,464.961,56.2833,22.6324,49.32489,21.52133,21.50125,30.23787,-1.554309,16.91066,0.9730878,14.18467,0.9749417,0.9882771,0.9455733,230.1009,62.76099,11.79844,53.44566,10.47309,5.645861,6.302993
2025-12-30 11:27:00,-1.572481,17.53518,0.6000397,15.75906,0.5609173,0.5392229,0.5864951,852.7919,60.75197,15.18425,61.91445,15.25601,7.346741,9.725562,465.0425,56.30536,22.74371,49.33139,21.65348,21.43892,30.10657,-1.456937,16.90955,0.9578712,14.09693,0.9306788,0.960104,0.9330562,230.5617,62.7491,11.82037,53.45837,10.4463,5.707735,6.243459
2025-12-30 11:28:00,-1.546961,17.46975,0.6042169,15.63283,0.5641688,0.524225,0.556324,852.6315,60.97346,15.12573,61.54957,15.16243,7.145698,9.710411,466.2921,56.30753,22.63789,49.32152,21.4021,21.82861,30.22709,-1.498105,16.88521,0.9340679,14.15001,0.9356117,0.973638,0.880888,230.3399,62.73427,11.82858,53.45081,10.47188,5.692626,6.211844
2025-12-30 11:29:00,-1.567884,17.39081,0.6164771,15.68357,0.5647137,0.5326632,0.5912892,851.0393,60.82938,15.09471,61.48638,15.22203,7.178051,9.729482,467.0317,56.27978,22.72501,49.31104,21.45894,21.8161,30.2223,-1.271082,16.90611,0.9377514,14.17774,0.9393491,0.9641168,0.9455208,230.3455,62.72698,11.90293,53.44852,10.49848,5.699558,6.193794
2025-12-30 11:30:00,-1.659412,17.33696,0.6163376,15.71685,0.563018,0.5510032,0.5791306,853.1088,60.5497,15.19138,61.54694,15.24844,7.21179,9.769544,467.6443,56.29824,22.84514,49.30125,21.71126,21.2691,30.17798,-1.410977,16.92923,0.9394214,14.17863,0.9378705,0.961462,0.922814,231.0105,62.73936,11.86116,53.43335,10.52912,5.665815,6.305821
2025-12-30 11:31:00,-1.481487,17.41749,0.6305289,15.75169,0.5727744,0.5320114,0.5579199,854.0002,60.65269,15.16414,61.68795,15.19578,7.221462,9.735186,467.5027,56.28162,22.65318,49.31176,21.62666,21.34933,30.16326,-1.438883,16.8689,0.9728349,14.19502,0.9590871,0.9769602,0.932295,230.7864,62.72589,11.87214,53.4303,10.48913,5.71643,6.339301
2025-12-30 11:32:00,-1.580119,17.32445,0.6085007,15.639,0.5641869,0.5212911,0.5735819,854.7048,60.37593,15.12187,61.85503,15.18103,7.182513,9.763395,466.5613,56.28392,22.81669,49.30031,21.79231,21.83728,30.23484,-1.410928,16.81489,0.9660829,14.12882,0.9466168,0.9996248,0.975046,230.5562,62.73045,11.78926,53.43554,10.51361,5.6322,6.188392
2025-12-30 11:33:00,-1.680012,17.39892,0.6037779,15.74,0.5917769,0.5309933,0.5971012,855.0493,60.84976,15.13969,61.5102,15.25861,7.165527,9.708224,466.6673,56.29472,22.91161,49.30244,21.57524,21.63612,30.19705,-1.428629,16.90623,0.9781061,14.18777,0.9682328,0.9898135,0.9516031,230.4905,62.7306,11.77291,53.43949,10.53906,5.648693,6.258449
2025-12-30 11:34:00,-1.616782,17.34777,0.6151348,15.7292,0.5733191,0.537977,0.5603796,854.7535,60.6414,15.12882,61.56908,15.18785,7.295243,9.729109,467.85,56.30323,22.83845,49.30802,21.59154,21.30243,30.15628,-1.447612,16.82963,0.9612469,14.22914,0.9211459,0.9913352,0.9664269,231.1104,62.71273,11.84822,53.46159,10.52153,5.760524,6.254532
2025-12-30 11:35:00,-1.529776,17.4925,0.6118261,15.6605,0.5655864,0.5524042,0.5635857,853.46,60.51323,15.13387,61.61271,15.24256,7.20383,9.709012,467.045,56.30268,22.83496,49.32828,21.75559,21.70201,30.25737,-1.39843,16.81568,0.9709171,14.12241,0.9471169,0.9775476,0.9272181,230.8285,62.70195,11.76736,53.4594,10.48575,5.66329,6.184268
2025-12-30 11:36:00,-1.52362,17.45816,0.6079405,15.68086,0.5758591,0.5319294,0.5785203,853.4863,60.48134,15.12588,61.49087,15.13758,7.251907,9.7132,466.0424,56.3011,22.65425,49.32898,21.85065,21.61732,30.20907,-1.484722,16.78762,1.030111,14.13824,0.9437432,0.9627128,0.976513,230.3879,62.72811,11.74788,53.45586,10.47768,5.758728,6.239124
2025-12-30 11:37:00,-1.658281,17.32973,0.6465948,15.67313,0.5475971,0.5393165,0.5730712,854.619,60.50875,15.1133,61.33104,15.17442,7.142185,9.681179,466.2321,56.32554,22.74417,49.30432,21.48705,21.52247,30.17804,-1.546068,16.72429,0.8814513,14.15905,0.9326929,0.9639488,0.9887983,230.2062,62.73653,11.80908,53.43731,10.49738,5.731188,6.268808
2025-12-30 11:38:00,-1.576905,17.40829,0.6082537,15.70953,0.5648622,0.5212896,0.5821813,855.5604,60.47792,15.16586,61.65436,15.25035,7.216452,9.757637,467.3254,56.29498,22.72292,49.32441,21.39927,21.46289,30.13643,-1.449817,16.77933,0.9496942,14.18793,0.9439635,0.9610529,0.941571,230.3931,62.74963,11.78797,53.42346,10.55186,5.749492,6.181852
2025-12-30 11:39:00,-1.485411,17.48365,0.6150335,15.74249,0.5581555,0.530795,0.5786324,853.3395,60.29394,15.15026,61.64577,15.14558,7.248302,9.742141,467.6275,56.30545,22.82285,49.30517,21.72422,21.56877,30.20397,-1.390324,16.91625,0.968177,14.15843,0.9753213,0.9776492,0.9175247,230.9761,62.75803,11.86641,53.44433,10.55649,5.75872,6.136488
2025-12-30 11:40:00,-1.537781,17.38754,0.6078442,15.74663,0.5751417,0.5399665,0.5816047,854.4579,60.48689,15.1635,61.26317,15.16546,7.211285,9.725348,467.5817,56.30968,22.88761,49.33003,21.95973,21.40917,30.14016,-1.444217,17.01943,0.921527,14.15149,0.9612582,0.9726567,0.8900272,230.4699,62.77764,11.76165,53.42422,10.50937,5.605506,6.272473
2025-12-30 11:41:00,-1.489315,17.41884,0.6025301,15.73971,0.5671629,0.5263101,0.591007,850.9769,60.75793,15.22696,61.61849,15.23402,7.30552,9.726488,466.1874,56.32206,22.77724,49.33149,21.60526,21.46791,30.11811,-1.422704,16.87861,0.9834719,14.13393,0.9503287,0.980966,0.9544162,230.0195,62.7612,11.85317,53.44724,10.4528,5.667065,6.221657
2025-12-30 11:42:00,-1.450644,17.56815,0.6522834,15.6908,0.550885,0.5321042,0.5966746,852.7868,60.63671,15.19076,61.85814,15.17524,7.240748,9.661738,465.831,56.30677,22.79349,49.30133,21.42919,21.99582,30.23732,-1.469606,16.88315,0.9421539,14.13036,0.949165,0.9726253,0.9077732,230.1857,62.76604,11.80387,53.45359,10.50672,5.557906,6.188573
2025-12-30 11:43:00,-1.48851,17.37905,0.6335219,15.66697,0.554943,0.5334238,0.5898141,855.2321,60.57082,15.06205,61.41731,15.20865,7.185909,9.717872,466.756,56.29628,22.91779,49.34616,21.7654,21.79172,30.19582,-1.48851,16.88305,0.8688081,14.11183,0.9606802,1.023765,0.9903631,230.683,62.72209,11.71912,53.44475,10.48308,5.745858,6.352687
2025-12-30 11:44:00,-1.511853,17.37148,0.6505327,15.75901,0.5769864,0.5083098,0.5920762,853.8143,60.6162,15.15768,61.38142,15.21514,7.241628,9.711351,467.0982,56.31828,22.87158,49.32915,21.72108,21.14903,30.05397,-1.483547,17.06821,0.9379296,14.09586,0.9599669,0.9711258,0.932212,230.8565,62.74043,11.75262,53.45353,10.4259,5.832347,6.192663
2025-12-30 11:45:00,-1.523679,17.42598,0.6087888,15.74837,0.5745404,0.5469933,0.5824268,855.9513,60.94794,15.14933,61.86826,15.19657,7.219936,9.712762,466.8528,56.31661,22.79478,49.30075,21.49356,21.7899,30.11788,-1.449055,16.82172,1.002599,14.21596,0.9502479,1.008235,0.9625441,230.5917,62.75024,11.77489,53.45617,10.49534,5.615278,6.216674
2025-12-30 11:46:00,-1.643977,17.45391,0.6082098,15.72028,0.5537426,0.5319837,0.5926556,855.2593,60.58109,15.18207,61.71202,15.12718,7.182312,9.675891,466.0871,56.29928,22.75141,49.32816,21.40345,21.78452,30.15532,-1.355266,16.97552,0.9574404,14.08877,0.9310552,0.9833825,0.9926282,230.1357,62.73443,11.83355,53.48119,10.46932,5.651731,6.196012
2025-12-30 11:47:00,-1.679431,17.3529,0.6067358,15.77328,0.5683207,0.5310017,0.5643535,856.2473,60.43298,15.15632,61.89742,15.26591,7.229949,9.743655,465.4188,56.31846,22.6831,49.31979,21.61529,21.23447,30.08527,-1.441817,16.81612,0.9573098,14.13433,0.9660499,0.9783955,0.9640756,230.2126,62.75184,11.74038,53.46905,10.40118,5.648831,6.169753
2025-12-30 11:48:00,-1.582305,17.39314,0.6271631,15.73696,0.5626036,0.5305242,0.554808,856.0509,60.60017,15.25609,61.70771,15.16526,7.216325,9.747889,465.4053,56.34578,22.55818,49.33403,21.64751,21.10114,30.11794,-1.413427,16.7673,0.9689368,14.11368,0.9195161,0.9542024,0.9614984,230.4437,62.73489,11.66133,53.46239,10.51306,5.830941,6.116918
2025-12-30 11:49:00,-1.517021,17.31217,0.6277461,15.77838,0.5758901,0.5029178,0.5832747,855.8071,60.61107,15.04427,61.32869,15.27091,7.246543,9.712331,465.9331,56.34531,22.7303,49.3253,21.29969,21.56402,29.99121,-1.35083,16.70996,0.9853244,14.16151,0.9418756,0.9745752,0.9489264,230.6002,62.73359,11.60369,53.46447,10.40733,5.711835,6.19605
2025-12-30 11:50:00,-1.467416,17.39709,0.6038709,15.75285,0.5845843,0.5282626,0.6081302,855.6898,60.5926,15.20558,61.41155,15.08202,7.18644,9.709883,466.579,56.32107,22.7577,49.31602,21.38988,21.62618,30.07467,-1.382532,16.85047,1.025083,14.11859,0.9294216,0.9972377,0.9290816,230.6101,62.7566,11.89118,53.47231,10.44569,5.607238,6.213628
2025-12-30 11:51:00,-1.465806,17.26865,0.6170627,15.76545,0.5521285,0.5151879,0.5792051,856.2021,60.90751,15.27761,61.4781,15.12704,7.13357,9.760677,466.337,56.34757,22.79139,49.31655,21.86071,21.26101,30.02834,-1.464292,16.99096,0.9768951,14.20826,0.9291124,1.001601,0.9530109,230.5199,62.76846,11.75587,53.46071,10.48741,5.635701,6.239296
2025-12-30 11:52:00,-1.586233,17.3488,0.6501877,15.74627,0.5773235,0.5308392,0.5852907,853.7621,60.61796,15.11917,61.90511,15.13051,7.131917,9.779954,466.1121,56.3473,22.69948,49.40689,21.74747,21.15474,29.96452,-1.463655,16.90887,0.9389469,14.0992,0.9580424,0.9807059,0.9466664,230.08,62.75637,11.74226,53.45905,10.55051,5.65984,6.106608
2025-12-30 11:53:00,-1.473965,17.41949,0.6634502,15.73928,0.5787757,0.5306574,0.5916665,856.2924,60.3773,15.18341,61.72348,15.15668,7.200784,9.786525,466.7122,56.34711,22.84551,49.40112,21.49075,21.76721,29.98774,-1.405496,16.94667,0.9485971,14.07781,0.9449094,0.9613657,0.9393964,230.6411,62.78024,11.63154,53.46033,10.48387,5.699543,6.152544
2025-12-30 11:54:00,-1.425233,17.38337,0.6405063,15.67111,0.5767972,0.5322053,0.6036,856.3717,60.73158,15.13471,61.94802,15.29491,7.21803,9.690391,467.651,56.34949,22.54944,49.35155,21.2195,21.52511,29.96319,-1.371086,16.94544,0.9266661,14.17328,0.9613997,1.005618,0.9217622,230.4543,62.7789,11.65009,53.46925,10.52406,5.653396,6.255561
2025-12-30 11:55:00,-1.57032,17.41784,0.627477,15.71836,0.5825937,0.5076097,0.607823,856.2676,60.56454,15.18379,61.74485,15.14407,7.300766,9.685173,468.6803,56.35469,22.6237,49.40547,21.26087,21.21068,29.95155,-1.400671,16.90072,0.936952,14.1545,0.9795635,0.9925823,0.9230039,230.8551,62.79882,11.87768,53.48687,10.57998,5.661837,6.189526
2025-12-30 11:56:00,-1.700193,17.24085,0.6337748,15.74048,0.5749704,0.5195629,0.5666482,858.3116,60.70063,15.13437,61.42925,15.33538,7.227606,9.707737,467.9133,56.34898,22.67324,49.42495,21.73668,21.65177,29.92962,-1.578123,16.85889,0.9182087,14.1181,0.9603453,1.007816,0.9376541,231.0652,62.78535,11.68611,53.46856,10.46378,5.726885,6.220158
2025-12-30 11:57:00,-1.585106,17.38777,0.6416512,15.66576,0.5798302,0.5316082,0.5627317,857.9029,61.04076,15.10032,61.88468,15.20365,7.224419,9.741378,467.8754,56.35563,22.91435,49.42573,21.83377,21.39349,29.98307,-1.442427,16.74018,0.9163533,14.14544,0.9383793,0.9820384,0.9097162,230.9841,62.7855,11.67699,53.45732,10.49753,5.634348,6.204485
2025-12-30 11:58:00,-1.533297,17.36674,0.6412603,15.72088,0.5719702,0.5317205,0.5602862,855.7624,60.35655,15.18226,61.6035,15.22254,7.250308,9.721226,467.312,56.37401,22.69785,49.4221,21.38267,21.14837,29.93406,-1.421236,16.84153,0.9689384,14.13853,0.9441641,0.975031,0.9907696,230.3049,62.79575,11.71222,53.48565,10.51923,5.585579,6.117961
2025-12-30 11:59:00,-1.658016,17.29487,0.6185994,15.75687,0.5712163,0.5310159,0.5747229,852.562,60.46426,15.21067,61.6896,15.15972,7.25481,9.729794,464.8864,56.35762,22.65215,49.38118,21.25675,21.63542,29.93273,-1.375818,16.86745,0.9513006,14.12239,0.9506339,0.9961883,0.9479108,229.9673,62.78737,11.75005,53.48611,10.54667,5.723511,6.211607
2025-12-30 12:00:00,-1.536807,17.44336,0.6521145,15.73316,0.5868617,0.5330779,0.5852187,852.0458,60.86391,15.13916,61.56811,15.17276,7.194602,9.733351,464.7539,56.36855,22.72921,49.4248,21.49862,21.55596,29.94046,-1.430666,16.73108,0.9443582,14.20789,0.9735442,1.001569,0.9919846,229.9336,62.80441,11.65743,53.47559,10.50896,5.57844,6.284206
2025-12-30 12:01:00,-1.628339,17.29802,0.6380358,15.75019,0.5689849,0.5256859,0.5604969,853.9255,61.12412,15.19247,61.59005,15.2257,7.17385,9.734299,465.6019,56.36254,22.84158,49.42003,21.74413,21.37719,29.89905,-1.39111,16.96446,0.9469619,14.18483,0.9534233,0.9740844,0.9407204,230.256,62.7909,11.62974,53.48886,10.58865,5.678875,6.239217
2025-12-30 12:02:00,-1.54876,17.3547,0.6529886,15.80191,0.5704682,0.5310434,0.5639277,852.7855,60.84251,15.09669,61.71341,15.18525,7.144788,9.725662,467.4175,56.37887,22.71657,49.41166,21.50459,21.25126,29.8881,-1.408958,16.74183,0.9606677,14.15396,1.002729,1.005624,0.9211456,230.1171,62.76961,11.79734,53.4891,10.5815,5.694644,6.200117
2025-12-30 12:03:00,-1.480362,17.41718,0.6741895,15.72148,0.5763006,0.5522183,0.5745806,853.4858,60.792,15.08981,61.86923,15.22989,7.128154,9.701968,467.3204,56.36155,22.7528,49.41764,21.29685,21.51992,29.87339,-1.449326,16.94078,0.9605156,14.179,0.9632447,0.9631902,0.9614972,230.1396,62.79929,11.67713,53.47606,10.51895,5.69942,6.192551
2025-12-30 12:04:00,-1.477403,17.47956,0.6290376,15.74687,0.5609211,0.5203552,0.5858836,853.3571,60.65525,15.25947,61.79303,15.14454,7.220584,9.759134,466.3112,56.35446,22.58823,49.41476,21.66954,21.17398,29.90914,-1.377032,16.89596,0.9518676,14.14743,0.9696972,0.9679313,1.008787,230.1031,62.79171,11.67777,53.49433,10.4614,5.800232,6.368294
2025-12-30 12:05:00,-1.549662,17.39906,0.6357685,15.69369,0.5438424,0.5159578,0.5926412,853.2651,60.42515,15.23161,61.91397,15.13505,7.245221,9.752051,465.047,56.36392,22.56746,49.41355,21.65471,21.22341,29.88482,-1.380025,16.72948,0.9315072,14.12783,0.9441689,0.9985938,0.8810539,230.2925,62.7994,11.69988,53.48645,10.47768,5.627868,6.317695
2025-12-30 12:06:00,-1.496426,17.36256,0.6296644,15.71137,0.5498864,0.5362052,0.5749989,852.7073,60.69477,15.18427,61.61866,15.21564,7.189556,9.699502,465.2409,56.35762,22.58955,49.41893,21.3848,21.06661,29.82937,-1.415817,16.94407,1.010337,14.11245,0.9723753,0.9450683,1.000693,230.5572,62.79961,11.60551,53.49013,10.45487,5.71382,6.192163
2025-12-30 12:07:00,-1.521136,17.32113,0.6393934,15.70519,0.5721206,0.5495587,0.5732441,855.5591,60.78331,15.24938,61.9045,15.21978,7.247161,9.733036,465.9708,56.33826,22.66338,49.40219,21.43641,21.07717,29.72569,-1.370514,16.90777,0.9426448,14.16083,0.9489148,0.9673066,0.9585958,230.1731,62.78143,11.65141,53.49065,10.41606,5.756796,6.231302
2025-12-30 12:08:00,-1.497874,17.46729,0.6359202,15.74801,0.5754978,0.5404879,0.5909792,853.4266,60.89905,15.12343,61.46689,15.19471,7.226108,9.760143,467.7599,56.37715,22.59672,49.42184,21.39736,21.49103,29.83434,-1.575955,16.79422,0.93227,14.13273,0.9537116,0.9849007,0.9609339,230.2468,62.77415,11.87407,53.4846,10.46305,5.645636,6.206197
2025-12-30 12:09:00,-1.518389,17.35969,0.6288031,15.71373,0.5665452,0.5281675,0.5896953,854.293,60.44713,15.11718,61.83488,15.19776,7.206674,9.761389,466.8954,56.35794,22.7392,49.41088,21.47018,21.51516,29.81957,-1.411299,16.93773,0.9524676,14.11342,0.9275125,0.9924948,0.9520197,230.4294,62.77541,11.57019,53.49426,10.45028,5.769328,6.264914
2025-12-30 12:10:00,-1.489495,17.43185,0.6286933,15.61077,0.5804797,0.5058046,0.5739418,853.646,60.64185,15.13906,61.66519,15.18437,7.157071,9.696898,466.0063,56.37898,22.63178,49.42112,21.60163,20.98097,29.76817,-1.443143,16.88243,0.9664816,14.12802,0.9353337,0.9591944,0.9366856,230.325,62.75621,11.71405,53.51576,10.4626,5.616353,6.162887
2025-12-30 12:11:00,-1.499813,17.35834,0.6101875,15.68295,0.5490251,0.5219807,0.5938005,852.295,60.84125,15.22737,61.55575,15.0807,7.183197,9.731627,464.6485,56.38164,22.66184,49.42102,21.31845,20.9526,29.77416,-1.367339,16.85482,0.9518941,14.12664,0.9328572,0.988341,0.9370673,229.9804,62.78078,11.72471,53.49872,10.4627,5.659053,6.078738
2025-12-30 12:12:00,-1.561473,17.30635,0.6320278,15.67123,0.5584956,0.5207682,0.5849178,851.71,60.87044,15.28685,61.89748,15.21694,7.246223,9.714445,463.7382,56.38955,22.86898,49.41843,21.33692,21.40597,29.76039,-1.401424,16.90719,0.9500588,14.107,0.9562167,0.9574282,0.9635228,229.7431,62.77867,11.69541,53.50864,10.44566,5.639021,6.160792
2025-12-30 12:13:00,-1.481037,17.39753,0.6321239,15.61539,0.5848814,0.5310193,0.6041054,850.8564,60.94446,15.18062,61.65092,15.18453,7.166656,9.6698,464.5177,56.39163,22.66699,49.34369,21.52339,21.46966,29.71047,-1.55054,16.85329,0.9214147,14.11955,0.982959,0.9686975,0.9204642,230.3912,62.75352,11.63925,53.48165,10.47416,5.709787,6.213437
2025-12-30 12:14:00,-1.601472,17.30058,0.6388353,15.71842,0.5799288,0.5322226,0.580348,850.7827,60.55003,15.21999,61.71883,15.20136,7.045544,9.711013,465.2249,56.38948,22.65688,49.31967,21.61412,21.38702,29.77651,-1.572039,16.92615,0.9875454,14.16914,0.9707106,0.9687387,0.915879,230.5262,62.76324,11.73613,53.51334,10.59171,5.738398,6.102173
2025-12-30 12:15:00,-1.516803,17.49911,0.6282346,15.67494,0.5657353,0.5200704,0.57544,852.9227,60.8514,15.18056,61.87635,15.20764,7.170394,9.704844,465.2736,56.3749,22.64931,49.32578,21.50783,21.25142,29.75043,-1.52096,16.74608,0.94103,14.094,0.9189659,0.9907398,0.936188,229.9305,62.78984,11.72139,53.53379,10.47867,5.792675,6.140345
2025-12-30 12:16:00,-1.414422,17.46995,0.6027022,15.74932,0.5556936,0.5231749,0.5453319,853.4437,60.81559,15.13489,61.83691,15.28132,7.272502,9.681532,465.4843,56.3789,22.63552,49.3141,21.67109,20.92565,29.67313,-1.378598,16.94701,0.9830852,14.14868,0.9361541,0.9546166,0.9292771,229.7507,62.78561,11.78371,53.51204,10.45144,5.667583,6.125165
2025-12-30 12:17:00,-1.644925,17.32752,0.6312873,15.7493,0.567277,0.5305771,0.584522,853.1479,60.84196,15.14061,61.80256,15.17853,7.134645,9.68801,464.7244,56.41644,22.6909,49.31707,21.37383,21.44395,29.70243,-1.556757,16.87567,0.9330602,14.15278,0.9837506,0.9506073,0.9689009,230.1028,62.7969,11.71821,53.51711,10.53011,5.795114,6.115585
2025-12-30 12:18:00,-1.470233,17.34552,0.6352422,15.69185,0.5473946,0.5289086,0.5802994,853.6168,60.66828,15.19854,61.69682,15.19106,7.291379,9.728016,466.9167,56.37801,22.59205,49.33072,21.48864,21.35818,29.74739,-1.355232,16.78691,0.970164,14.15391,0.9395598,0.9710706,0.9601786,230.5818,62.79545,11.69758,53.51067,10.51686,5.725701,6.178308
2025-12-30 12:19:00,-1.366447,17.43557,0.623495,15.6795,0.5476159,0.5306782,0.5565482,855.1337,60.7303,15.14461,61.42531,15.22421,7.11802,9.719787,466.5714,56.3742,22.42241,49.34168,21.46988,21.16149,29.68451,-1.422507,16.7646,1.039893,14.12833,0.9414172,0.9359393,0.9033855,230.382,62.81634,11.74708,53.51936,10.47018,5.676802,6.183347
2025-12-30 12:20:00,-1.493824,17.54754,0.6356319,15.67259,0.5754387,0.5316914,0.5946337,855.4542,60.85396,15.17525,61.59974,15.17884,7.275163,9.745518,466.1822,56.36721,22.50614,49.42379,21.45966,21.20089,29.63173,-1.388124,16.80861,0.908941,14.17065,0.9334335,0.9604392,1.018505,230.2188,62.80684,11.72231,53.50177,10.46145,5.715496,6.147416
2025-12-30 12:21:00,-1.512395,17.41208,0.6130229,15.67971,0.5521905,0.537037,0.5507041,854.5549,60.8885,15.20076,61.59847,15.1951,7.178567,9.723077,464.8863,56.36009,22.46241,49.40208,21.34034,20.81896,29.68996,-1.425654,16.91631,0.9307423,14.11652,0.9548514,0.9712934,0.9889714,229.9612,62.81686,11.72813,53.50818,10.48309,5.679274,6.088272
2025-12-30 12:22:00,-1.540142,17.47112,0.6273961,15.75813,0.5732409,0.5370542,0.60561,854.4193,60.63026,15.19162,61.76718,15.22874,7.203978,9.710776,464.9561,56.3586,22.41723,49.40996,21.10611,21.30698,29.70927,-1.518441,16.896,1.023084,14.2053,0.9438105,0.971854,0.915605,230.3514,62.80436,11.77287,53.53821,10.46068,5.620235,6.06305
2025-12-30 12:23:00,-1.498971,17.38292,0.6156617,15.77794,0.5786956,0.5302399,0.5596008,856.709,61.02872,15.13873,61.67921,15.23114,7.24787,9.76793,466.0283,56.34089,22.69948,49.40989,21.58621,21.24469,29.62132,-1.522762,16.79799,0.947714,14.08368,0.9570435,0.9314466,1.041466,230.6769,62.82639,11.75095,53.53844,10.54838,5.722707,6.183198
2025-12-30 12:24:00,-1.540952,17.35689,0.6009815,15.75649,0.5675449,0.5185748,0.5656381,856.7992,60.65182,15.25175,61.66833,15.19516,7.171572,9.694447,467.4622,56.36395,22.35165,49.51427,21.43906,20.91595,29.60329,-1.36965,16.68242,0.9089687,14.12481,0.9713309,0.9587247,0.93766,230.675,62.82433,11.8144,53.52546,10.46875,5.836538,6.209246
2025-12-30 12:25:00,-1.683848,17.36998,0.6648686,15.66063,0.5614803,0.5310128,0.5806788,855.7919,60.66446,15.13687,61.96935,15.12055,7.132915,9.638095,467.0482,56.37098,22.50737,49.42489,21.1064,21.12171,29.62495,-1.48998,16.87586,0.9194475,14.1255,0.9871439,0.9890708,1.019055,230.5549,62.81629,11.86384,53.52532,10.48797,5.67545,6.084285
2025-12-30 12:26:00,-1.488658,17.28203,0.6023156,15.69013,0.5688108,0.5167578,0.5809914,854.1706,60.88971,15.10341,61.7416,15.18154,7.086174,9.734725,465.906,56.34409,22.39221,49.51068,21.61655,21.23987,29.6674,-1.56537,16.92676,0.9296784,14.11922,0.9627116,0.962546,0.9246008,230.1663,62.81385,11.68538,53.53021,10.49278,5.564017,6.118947
2025-12-30 12:27:00,-1.490894,17.30701,0.6284207,15.65649,0.5657104,0.5211179,0.5785218,854.4092,60.93357,15.20274,61.72449,15.21074,7.155108,9.69221,466.956,56.35861,22.52742,49.40991,21.55641,21.18416,29.68435,-1.368824,17.07298,0.9742605,14.07263,0.9679109,0.9742813,0.9707943,230.3066,62.79647,11.9062,53.52688,10.56282,5.740016,6.089513
2025-12-30 12:28:00,-1.477705,17.45674,0.6158056,15.71525,0.5528888,0.5104469,0.5841337,853.6411,60.90568,15.1979,61.81552,15.14075,7.203158,9.691175,466.252,56.34574,22.4698,49.42435,21.33793,20.90503,29.57024,-1.540667,16.83116,0.9461198,14.12618,0.9335794,0.9739208,0.9094185,230.2529,62.80656,11.7428,53.53325,10.47424,5.717767,6.191286
2025-12-30 12:29:00,-1.49468,17.3639,0.5919855,15.66427,0.5780305,0.5306788,0.5788844,853.5859,60.48825,15.27796,61.79735,15.10208,7.245393,9.683645,467.4047,56.34847,22.45405,49.42045,21.20804,21.14742,29.66379,-1.348179,16.77999,0.9559355,14.19726,0.9407902,0.9888182,0.9582914,230.6446,62.81708,11.83515,53.52729,10.46146,5.57871,6.143741
2025-12-30 12:30:00,-1.465547,17.36922,0.6269438,15.61943,0.5334203,0.5365072,0.5773473,853.74,60.78353,15.12006,61.91311,15.1888,7.236213,9.695681,466.771,56.36634,22.4895,49.41728,21.64307,21.427,29.72676,-1.396379,16.85542,0.9804581,14.11762,0.9488887,1.000484,0.9549881,230.2744,62.81728,11.84333,53.5399,10.53094,5.626302,6.178832
2025-12-30 12:31:00,-1.359929,17.30797,0.6518018,15.66274,0.5747752,0.5196791,0.5603796,854.7535,60.47672,15.17371,61.38017,15.23856,7.225981,9.738552,466.2174,56.36725,22.60057,49.41942,21.7959,20.98793,29.70554,-1.399879,16.98189,0.9297367,14.1351,0.9842029,0.9803159,0.9165471,230.2529,62.83131,11.91445,53.53408,10.40106,5.714086,6.090793
2025-12-30 12:32:00,-1.524576,17.30982,0.6324462,15.65365,0.5708531,0.5255479,0.5599843,852.4094,61.16022,15.15023,61.5664,15.18391,7.213735,9.716632,465.5139,56.33616,22.44892,49.41921,21.2585,21.33863,29.59883,-1.355227,16.72276,0.9352838,14.11837,1.000059,0.9450155,0.9281143,229.8928,62.84055,11.70339,53.52854,10.49135,5.744455,6.198355
2025-12-30 12:33:00,-1.475967,17.41416,0.6291095,15.66509,0.5784417,0.5366232,0.5363187,853.2493,60.60368,15.17665,61.72654,15.20227,7.159809,9.719307,466.2865,56.3571,22.54738,49.42062,21.4013,21.36464,29.65323,-1.467306,16.57693,0.9263193,14.06834,0.9672903,0.9928414,0.9916227,229.9339,62.83588,11.74508,53.50564,10.53432,5.661064,6.19076
2025-12-30 12:34:00,-1.523148,17.36112,0.6286613,15.67704,0.5485052,0.5330841,0.5793262,852.5338,60.75873,15.11726,61.72276,15.13565,7.218428,9.705232,466.5057,56.38106,22.64462,49.40743,21.66889,20.86343,29.72714,-1.454128,16.93243,0.9733647,14.11341,0.929289,0.9948118,0.925672,230.318,62.83065,11.85008,53.5356,10.43745,5.665606,6.125594
2025-12-30 12:35:00,-1.465532,17.47784,0.6297331,15.6651,0.558047,0.502811,0.6095783,852.5466,60.3046,15.1217,61.40266,15.26274,7.197162,9.710315,466.4818,56.3654,22.54031,49.42598,21.61288,20.80048,29.66772,-1.463758,16.73755,0.9647438,14.09068,0.9387048,0.9618543,0.9603873,230.4725,62.84024,11.86884,53.516,10.51529,5.574841,6.152832
2025-12-30 12:36:00,-1.515373,17.36574,0.5942094,15.80087,0.5472155,0.5310247,0.5830336,855.1884,60.91693,15.11011,61.97668,15.21689,7.188514,9.775329,465.474,56.33467,22.42521,49.40841,21.26149,21.59562,29.62579,-1.446477,16.83677,0.9927359,14.17189,0.9671127,0.9915951,0.9570451,230.2638,62.82965,11.94676,53.52843,10.60802,5.609409,6.256361
2025-12-30 12:37:00,-1.539696,17.28938,0.620313,15.62982,0.569678,0.5035763,0.6002895,852.6884,60.75549,15.1544,61.70119,15.23054,7.110605,9.692086,465.5601,56.33393,22.50895,49.42053,21.28266,21.41752,29.72142,-1.512246,16.83929,0.9476699,14.17578,0.9609659,0.9531926,0.9276838,230.0712,62.83218,11.83493,53.5118,10.47021,5.759354,6.19602
2025-12-30 12:38:00,-1.542129,17.44033,0.6027974,15.73594,0.5555881,0.5271717,0.5658233,853.9125,60.42402,15.15639,61.96901,15.16737,7.197767,9.711843,465.9742,56.36017,22.47426,49.39748,21.60238,20.91878,29.72972,-1.409217,16.85868,0.9670451,14.14048,0.9546492,0.986469,0.9485619,229.9942,62.83793,11.70308,53.53617,10.44254,5.619299,6.13418
2025-12-30 12:39:00,-1.480055,17.4656,0.6156951,15.72923,0.5538702,0.5284553,0.5641784,851.5208,60.93157,15.24544,61.59738,15.17664,7.18899,9.730069,466.3849,56.34186,22.3958,49.41004,21.52939,20.89804,29.68638,-1.396203,16.78901,0.9667888,14.20852,0.9581682,0.9877694,0.9407902,230.5581,62.84757,11.87205,53.5493,10.50438,5.687183,6.196968
2025-12-30 12:40:00,-1.508303,17.34465,0.5947408,15.66008,0.5467821,0.5361428,0.5806166,853.4185,60.7308,15.17099,61.76748,15.1863,7.125922,9.725109,466.3069,56.34623,22.50777,49.41973,21.31696,21.35499,29.65989,-1.548251,16.75808,0.9445087,14.156,0.9507235,0.9899877,0.9318007,230.3471,62.87064,11.9518,53.5444,10.54004,5.702317,6.280212
2025-12-30 12:41:00,-1.563016,17.45354,0.6306217,15.64995,0.5567366,0.5321421,0.583656,852.8549,60.69806,15.0871,61.63945,15.23183,7.183845,9.713526,465.6308,56.36444,22.54318,49.41995,21.32153,21.39439,29.73792,-1.42271,16.72591,0.9355336,14.1417,0.922243,0.9839,0.9741006,229.9508,62.83198,11.79868,53.54747,10.54921,5.690054,6.119079
2025-12-30 12:42:00,-1.575103,17.25995,0.609667,15.63645,0.550797,0.5306227,0.59435,852.0839,60.91348,15.12662,61.40151,15.22852,7.205418,9.712284,464.5519,56.31281,22.74029,49.41394,21.70864,20.80769,29.67383,-1.527878,16.78657,0.9701084,14.15481,0.967746,0.9606484,0.9316416,229.6399,62.8134,11.77037,53.54826,10.49675,5.620807,6.270538
2025-12-30 12:43:00,-1.540011,17.2475,0.5986617,15.69448,0.5559382,0.5308785,0.5652513,851.7579,60.55172,15.2181,61.88309,15.18298,7.23519,9.719964,464.004,56.3011,22.66496,49.40518,21.69583,20.83174,29.70876,-1.436931,16.88861,0.9687544,14.11048,0.964635,0.9649066,0.9475745,229.6457,62.80987,11.87174,53.54667,10.49014,5.694872,6.229134
2025-12-30 12:44:00,-1.475561,17.44904,0.6053256,15.6319,0.548902,0.5541242,0.5766694,851.0718,60.72584,15.15167,61.61956,15.1468,7.303434,9.738985,465.2651,56.3472,22.57447,49.41199,21.34903,21.09765,29.73166,-1.39648,16.67504,0.9230152,14.16209,0.944155,0.9892668,0.9714487,230.0068,62.82007,11.91242,53.56085,10.54851,5.677094,6.20039
2025-12-30 12:45:00,-1.56869,17.36372,0.6105012,15.68107,0.5742261,0.5248899,0.5634246,852.5703,60.65198,15.08971,61.45935,15.20378,7.087301,9.71216,464.8614,56.35958,22.63205,49.41434,21.65439,21.22379,29.75355,-1.385357,16.89251,0.8808903,14.18237,0.9610971,0.9954411,1.001388,229.8658,62.84549,11.76018,53.5565,10.5178,5.706463,6.158179
2025-12-30 12:46:00,-1.567394,17.34147,0.6238795,15.71477,0.5547151,0.5240294,0.6000992,853.6227,60.37385,15.15815,61.4559,15.23629,7.203373,9.713677,464.7126,56.36253,22.50421,49.41569,21.52032,21.36335,29.77378,-1.526146,16.7697,0.9410298,14.04073,0.940112,0.9805919,0.9736454,229.6507,62.84832,11.8403,53.52946,10.51551,5.692102,6.262039
2025-12-30 12:47:00,-1.513196,17.38432,0.6389865,15.66277,0.5523286,0.531206,0.5930226,852.6343,60.96806,15.21233,61.65809,15.19643,7.246403,9.702564,464.5723,56.35146,22.63332,49.41902,21.50632,21.51906,29.77999,-1.368139,16.88785,0.9769887,14.09532,0.9673948,0.9721191,0.9694372,229.8819,62.83958,11.91426,53.53428,10.51455,5.62896,6.148188
2025-12-30 12:48:00,-1.565585,17.33836,0.6373882,15.70425,0.5682173,0.5491227,0.5816737,852.0276,61.01752,15.16177,61.65122,15.21307,7.120206,9.737673,464.4889,56.33736,22.76912,49.41598,21.82218,21.08183,29.78438,-1.533465,16.86575,0.9376179,14.11119,0.9574696,0.9918956,0.9292369,230.0354,62.84028,11.86822,53.51951,10.48713,5.723447,6.21874
2025-12-30 12:49:00,-1.503706,17.30009,0.6319234,15.62387,0.5579971,0.5310163,0.5795781,853.153,60.66816,15.12601,61.48218,15.20704,7.214258,9.70687,465.3495,56.35183,22.57087,49.40512,21.38927,21.42915,29.83223,-1.376791,16.74633,0.9597478,14.15372,0.9566793,0.9828966,0.922565,230.0767,62.81264,11.87055,53.51249,10.59895,5.706928,6.224139
2025-12-30 12:50:00,-1.514117,17.4322,0.6386281,15.70766,0.5609258,0.5384986,0.5777275,858.2614,60.62002,15.12938,61.50195,15.18684,7.278117,9.721869,465.6082,56.34346,22.50453,49.40377,21.28537,21.24729,29.74419,-1.40009,16.75359,0.9579964,14.08885,0.9810912,0.9794053,0.9132885,230.0352,62.81911,11.78702,53.53357,10.46943,5.590828,6.217897
2025-12-30 12:51:00,-1.537214,17.38091,0.6286725,15.73502,0.5688804,0.5430036,0.5868022,861.1002,60.46674,15.1579,61.51911,15.20174,7.180091,9.69234,463.5597,56.36133,22.63193,49.41856,21.59579,21.46997,29.74058,-1.35897,16.86642,1.005767,14.14393,0.9652657,0.9617647,0.9385293,229.8552,62.81224,11.93099,53.54711,10.5576,5.705198,6.195433
2025-12-30 12:52:00,-1.643687,17.35572,0.624667,15.67004,0.5613825,0.5264277,0.5668049,862.7109,60.46997,15.10795,61.75565,15.20195,7.184332,9.647681,464.2721,56.3611,22.81523,49.4214,21.58761,21.58821,29.81171,-1.365622,16.7963,0.956393,14.09501,0.9490601,0.9632519,0.9544708,230.0461,62.84264,11.87991,53.54373,10.53004,5.73628,6.209795
2025-12-30 12:53:00,-1.494326,17.36285,0.6257511,15.6502,0.565271,0.5255783,0.5759338,866.0337,60.86249,15.17432,61.65634,15.23123,7.342085,9.703527,464.4552,56.33727,22.66771,49.39505,21.71453,21.34749,29.8276,-1.422065,16.68179,0.9188962,14.11804,0.9584024,0.9774761,0.8538672,230.223,62.85106,11.77645,53.53413,10.57495,5.641685,6.195294
2025-12-30 12:54:00,-1.528763,17.36925,0.6313837,15.6475,0.5801322,0.5152718,0.5820059,872.9017,60.70122,15.16959,61.97322,15.21675,7.219288,9.676293,465.3624,56.35567,22.6632,49.4027,21.61389,21.11805,29.80885,-1.421282,16.78673,0.9502541,14.04077,0.9442566,0.9592723,0.9439344,230.2307,62.83787,11.87742,53.51715,10.50086,5.728641,6.195145
2025-12-30 12:55:00,-1.484271,17.487,0.6155846,15.58585,0.548534,0.5163865,0.5807531,880.4188,61.18536,15.17176,61.6829,15.21662,7.221015,9.712187,464.9201,56.34192,22.6015,49.41778,21.36535,21.28905,29.72792,-1.399362,16.90779,0.9305966,14.12173,0.9415683,0.9796246,0.9542592,229.9019,62.83986,11.81445,53.51867,10.49269,5.623757,6.222746
2025-12-30 12:56:00,-1.444338,17.30708,0.6369261,15.69858,0.5443758,0.5309951,0.5795653,889.4521,60.72644,15.18581,61.51548,15.17687,7.207264,9.700318,465.9699,56.33498,22.63256,49.41359,21.37882,21.4271,29.81831,-1.448748,16.85248,0.9789619,14.12102,0.9491755,1.004269,0.9403093,230.2396,62.83782,11.85725,53.52305,10.51157,5.662741,6.281018
2025-12-30 12:57:00,-1.58012,17.4448,0.6288505,15.64678,0.5677201,0.5291465,0.5572132,899.3649,60.4871,15.09801,61.44799,15.17227,7.172111,9.709241,465.3421,56.33269,22.85752,49.41911,21.87245,21.46727,29.90193,-1.295068,16.73352,0.935589,14.08397,0.9480864,0.9911929,0.9176527,230.4901,62.82553,11.83122,53.52525,10.56294,5.641991,6.24183
2025-12-30 12:58:00,-1.626006,17.34847,0.6302735,15.72691,0.5629557,0.5307283,0.5874028,909.9903,60.68779,15.29158,61.55718,15.21233,7.329441,9.758841,466.4503,56.3043,22.79686,49.4188,21.93468,21.16853,29.8854,-1.512312,16.72854,0.9400017,14.06148,0.9327909,0.9786401,0.9639212,230.254,62.8252,11.77027,53.53613,10.45684,5.598084,6.154974
2025-12-30 12:59:00,-1.505581,17.43461,0.6035998,15.62494,0.57956,0.5310596,0.5803161,921.8755,60.66275,15.19509,61.51763,15.15681,7.286099,9.774421,466.5038,56.32321,22.61793,49.42018,21.47186,21.7456,29.87971,-1.424106,16.80014,0.8530255,14.06252,0.9089652,0.9774218,0.9681829,230.4036,62.83365,11.88603,53.50806,10.49417,5.587474,6.239305
2025-12-30 13:00:00,-1.565534,17.3592,0.615229,15.66071,0.5641442,0.5354152,0.5820801,932.1272,60.91446,15.23179,61.717,15.26924,7.116969,9.709211,465.9609,56.30787,22.67306,49.40479,21.59113,21.58316,29.94884,-1.380201,16.8927,0.9487914,14.12022,0.9373934,0.9546957,0.9583353,230.4616,62.83475,11.90822,53.52412,10.49862,5.661143,6.263445
2025-12-30 13:01:00,-1.552102,17.38453,0.599837,15.67645,0.5446466,0.5308238,0.5941165,945.2793,60.47609,15.32985,61.74499,15.16944,7.213987,9.716787,465.8731,56.29535,22.74006,49.40946,21.642,21.15905,29.98649,-1.482027,16.81962,1.032746,14.13986,0.961349,0.9892697,0.9945859,230.4339,62.82438,11.84485,53.52186,10.53435,5.709592,6.377623
2025-12-30 13:02:00,-1.60276,17.50324,0.5921938,15.66051,0.5697537,0.5319274,0.5700051,957.2366,60.52892,15.26278,61.49553,15.18372,7.195328,9.787772,465.6971,56.29365,22.87104,49.41212,21.58182,21.33703,30.02828,-1.390084,16.82202,0.8991495,14.11952,0.9475361,0.9730173,0.9881353,230.3644,62.83237,11.95226,53.51833,10.58126,5.685747,6.275026
2025-12-30 13:03:00,-1.416132,17.40654,0.5907336,15.65212,0.5649377,0.5131072,0.5707325,961.4728,60.70262,15.32407,61.61249,15.21183,7.157834,9.687603,465.7724,56.29824,22.65604,49.39833,21.68918,21.63004,30.02137,-1.35485,17.03511,0.9093927,14.08745,0.9344228,0.9634789,0.9159628,229.7401,62.83601,11.7593,53.52205,10.5126,5.684632,6.253843
2025-12-30 13:04:00,-1.56489,17.37952,0.6319959,15.65716,0.5484923,0.5298827,0.557623,965.9984,61.04219,15.29792,61.43987,15.20451,7.20374,9.692864,466.5863,56.27819,22.81276,49.35115,21.73186,21.86744,30.06094,-1.35217,16.84987,0.9224311,14.06414,0.9482735,0.9800065,0.9335409,230.5888,62.83741,11.88776,53.53566,10.58711,5.644193,6.209998
2025-12-30 13:05:00,-1.544681,17.36821,0.6101391,15.6497,0.5591421,0.5321394,0.585699,965.0945,60.40546,15.35985,61.55037,15.22099,7.163094,9.726941,468.4494,56.28695,22.7281,49.34626,21.63906,21.23278,30.04525,-1.473016,16.7551,1.022791,14.08514,0.9370763,0.9661857,0.9140638,231.3169,62.82574,11.80757,53.51947,10.45528,5.696593,6.330895
2025-12-30 13:06:00,-1.494658,17.47023,0.5966204,15.71178,0.5766284,0.5547867,0.6111373,947.2632,60.77155,15.23677,61.57002,15.22784,7.059097,9.724694,469.3466,56.27888,22.82546,49.33205,21.58213,21.59791,30.05368,-1.350395,16.78695,0.9023729,14.1008,0.9628514,0.995347,0.9069849,231.068,62.81662,11.8346,53.53588,10.50749,5.539112,6.205738
2025-12-30 13:07:00,-1.604045,17.31134,0.6285933,15.69362,0.5323322,0.531159,0.5919398,897.9428,60.66301,15.18047,61.60877,15.18876,7.261118,9.706722,469.2845,56.28225,22.88293,49.31194,22.02322,21.47021,30.0861,-1.53483,16.8097,1.009954,14.15682,0.9019821,0.9325681,0.9148158,230.9433,62.81397,11.93095,53.54076,10.54773,5.704047,6.266983
2025-12-30 13:08:00,-1.544081,17.4461,0.6303994,15.66817,0.5599603,0.5310839,0.5815881,862.9056,60.46778,15.09435,61.62939,15.20792,7.187704,9.705568,466.1329,56.29203,22.86774,49.33023,21.63538,21.23646,30.08978,-1.347439,16.90314,0.9685395,14.12449,0.9629137,0.9955514,0.9852193,230.6529,62.81354,11.6974,53.52655,10.5405,5.615922,6.164128
2025-12-30 13:09:00,-1.707453,17.38558,0.6245015,15.67311,0.5597731,0.5307651,0.5743181,856.804,61.24306,15.21585,61.80782,15.11929,7.091254,9.676263,463.1081,56.2747,22.72229,49.31669,21.42203,21.8514,30.12124,-1.466748,16.72554,0.9479334,14.08067,0.958079,0.9644104,0.9493152,230.2264,62.81137,11.71083,53.52802,10.51164,5.596345,6.282326
2025-12-30 13:10:00,-1.569865,17.22492,0.6254387,15.66258,0.550955,0.5305063,0.5882394,861.8815,61.18071,15.18915,61.45417,15.25383,7.07084,9.684801,463.0985,56.30975,22.97529,49.31769,21.99486,21.68598,30.11406,-1.473368,16.74431,0.9983717,14.00693,0.9998368,0.9777923,0.9512947,230.4063,62.80603,11.84016,53.51648,10.53579,5.796212,6.298911
2025-12-30 13:11:00,-1.504297,17.36376,0.5848453,15.62855,0.5795532,0.5427645,0.5932652,861.6658,60.75745,15.18512,61.80626,15.32112,7.065513,9.692229,466.5402,56.29351,22.78651,49.33967,21.76059,21.29704,30.08425,-1.450547,16.79885,1.0193,14.12343,0.9642947,1.010283,0.9198647,230.555,62.82339,11.6031,53.51849,10.45876,5.648381,6.159552
2025-12-30 13:12:00,-1.569197,17.37287,0.6046774,15.71709,0.5756586,0.5070881,0.5920051,861.8853,60.75026,15.22503,61.69044,15.18697,7.217957,9.767908,464.7866,56.32837,22.83363,49.38139,21.29653,21.31043,30.07538,-1.352892,16.84718,0.9543117,14.21932,0.9594344,0.9854345,0.8918764,230.8523,62.82605,11.679,53.52823,10.40987,5.627144,6.336151
2025-12-30 13:13:00,-1.519085,17.2796,0.6508226,15.62609,0.5793858,0.4990787,0.585338,859.9373,60.53532,15.1806,61.20137,15.15783,7.128444,9.749529,463.8716,56.3029,22.69569,49.40861,21.39111,21.80876,30.14778,-1.39623,16.97617,0.950748,14.1633,0.9411425,1.000941,0.9397954,230.5577,62.81694,11.74083,53.52558,10.47406,5.618048,6.109957
2025-12-30 13:14:00,-1.585133,17.3044,0.6194661,15.69334,0.579295,0.5079597,0.5859044,855.8226,60.44051,15.17783,61.59815,15.20418,7.116909,9.727657,463.4819,56.32908,22.68964,49.31707,21.71518,21.813,30.14602,-1.344555,16.83374,0.9628041,14.14383,0.9903058,0.9983177,1.003462,230.5606,62.82956,11.62216,53.5158,10.45416,5.587933,6.094934
2025-12-30 13:15:00,-1.344634,17.34991,0.6029189,15.71034,0.5714471,0.5098367,0.5430526,849.6224,61.29222,15.16239,61.78178,15.18116,7.1049,9.679759,463.5589,56.29623,22.95423,49.40818,21.66102,21.99457,30.12647,-1.465774,16.88288,0.9505686,14.12648,0.9673746,0.9884238,0.9311985,230.8553,62.81709,11.58561,53.53997,10.4279,5.803014,6.279098
2025-12-30 13:16:00,-1.391035,17.2988,0.626211,15.65634,0.5503211,0.5285633,0.5517562,850.3069,60.85155,15.18459,61.87098,15.19309,7.060654,9.673582,463.6783,56.30169,22.60179,49.39478,21.59127,21.77209,30.0921,-1.369845,16.80628,0.9662609,14.09707,0.9642677,0.9932257,0.9367101,230.0413,62.81328,11.58098,53.54303,10.4303,5.626365,6.165053
2025-12-30 13:17:00,-1.540419,17.32386,0.6088449,15.67463,0.5449144,0.5305516,0.5447217,850.451,60.94777,15.12799,61.55659,15.1459,7.16369,9.690994,464.6343,56.29819,22.71603,49.41342,21.81597,21.46705,30.1006,-1.430586,16.89871,0.9421531,14.11647,0.9419884,0.9913876,0.9083839,230.2486,62.81034,11.67473,53.53148,10.37943,5.646067,6.164868
2025-12-30 13:18:00,-1.496634,17.39412,0.6248563,15.68159,0.5734144,0.5306,0.5649606,850.6838,60.59503,15.0596,61.42677,15.21941,7.073169,9.74177,464.3482,56.28481,22.55124,49.44138,21.40005,21.73572,30.10032,-1.448937,16.91811,1.003647,14.08541,0.9283053,0.9810417,0.9478053,230.2857,62.81471,11.79378,53.52255,10.5079,5.692324,6.175393
2025-12-30 13:19:00,-1.488959,17.2959,0.6205996,15.70141,0.5533373,0.5310135,0.5856068,851.3214,60.95536,15.24279,61.39854,15.19671,7.208218,9.706215,463.8553,56.30472,22.72744,49.4124,21.40695,21.51253,30.05022,-1.3849,16.76833,0.8830373,14.11924,0.950666,0.9499238,0.9535077,230.4,62.82477,11.74126,53.51388,10.54668,5.688688,6.147301
2025-12-30 13:20:00,-1.55107,17.14398,0.5963004,15.63814,0.554111,0.5143092,0.5746563,853.0233,60.51979,15.21469,61.55392,15.16281,7.176122,9.710512,462.09,56.29131,22.52267,49.41191,21.48405,21.74195,30.07764,-1.441262,16.89516,0.9251192,14.11953,0.9742631,0.9920449,0.9461932,229.8246,62.83552,11.69445,53.53376,10.40275,5.570188,6.128291
2025-12-30 13:21:00,-1.547332,17.44419,0.6052039,15.68347,0.5673711,0.5101008,0.5857456,851.2054,60.96848,15.20873,61.64411,15.14951,7.153454,9.712735,459.1496,56.27504,22.69616,49.42116,21.47068,21.7557,30.13356,-1.41793,16.83101,0.9501153,14.11526,0.9327892,0.9845925,0.9570516,229.2416,62.81577,11.75823,53.53252,10.54491,5.602539,6.099924
2025-12-30 13:22:00,-1.557618,17.28059,0.6256644,15.6418,0.5593233,0.5448652,0.5897636,846.8306,60.66061,15.10267,61.69963,15.17562,7.192801,9.700109,457.4348,56.28093,22.54486,49.41627,21.61725,21.7871,30.00938,-1.388937,16.79991,0.9211754,14.07394,0.9516911,0.99205,0.9823706,229.0525,62.81616,11.89928,53.53699,10.48634,5.626338,6.180872
2025-12-30 13:23:00,-1.546544,17.33389,0.6123266,15.67714,0.5605248,0.528953,0.5717949,845.6224,60.71179,15.17816,61.6196,15.17466,7.099273,9.723868,456.0549,56.29878,22.68733,49.41241,21.55128,21.29069,29.99131,-1.524284,16.74211,0.9896945,14.09927,0.9509863,0.9669086,0.9167399,228.451,62.81274,11.82239,53.54631,10.44605,5.66707,6.210502
2025-12-30 13:24:00,-1.55181,17.46312,0.590923,15.68436,0.5452725,0.5111796,0.5822654,839.1281,61.07639,15.11516,61.76835,15.07519,7.084188,9.679112,453.9441,56.26915,22.83644,49.41574,21.86929,21.39343,30.03208,-1.34979,16.83392,0.9612707,14.06902,0.9705656,0.9882219,0.9198502,227.63,62.81792,11.8578,53.53637,10.46906,5.63578,6.404044
2025-12-30 13:25:00,-1.453844,17.30403,0.5873129,15.69426,0.5758577,0.5423408,0.5634014,837.9991,60.73508,15.12621,61.5672,15.29723,7.183122,9.733955,454.9412,56.28227,22.8831,49.41973,21.76841,21.83963,30.13333,-1.507802,16.81388,0.9549453,14.06417,0.962097,0.9904872,0.9313954,227.7131,62.80702,11.8261,53.53141,10.4477,5.561383,6.207865
2025-12-30 13:26:00,-1.534705,17.18128,0.6130924,15.66471,0.5663466,0.5309082,0.5893902,845.4984,60.70803,15.16043,61.73766,15.15026,7.224678,9.730408,458.9102,56.2796,22.862,49.41409,21.7451,21.74617,30.14155,-1.30239,16.81218,0.9481211,14.11752,0.9185941,0.9727614,0.9369671,229.0871,62.80692,11.99363,53.53883,10.57652,5.682555,6.236847
2025-12-30 13:27:00,-1.563407,17.35527,0.6044858,15.63506,0.5714632,0.5372356,0.5694444,852.0874,60.62605,15.22622,61.36162,15.22378,7.155603,9.675043,462.0648,56.27962,22.8966,49.39351,21.79688,21.7706,30.25733,-1.535033,16.80306,1.016372,14.1016,0.9431415,0.9953811,0.9441145,230.4541,62.81925,11.9126,53.52266,10.55357,5.663023,6.291034
2025-12-30 13:28:00,-1.376249,17.29767,0.5780429,15.73618,0.5767357,0.5329822,0.5732954,856.0466,60.51657,15.23648,61.75271,15.17579,7.210954,9.701655,464.9015,56.29774,23.0456,49.42172,21.84761,22.13694,30.24264,-1.531299,16.79554,0.9371591,14.10026,0.9599034,0.9864362,0.9255611,230.9212,62.80835,11.79668,53.50898,10.53443,5.697015,6.317552
2025-12-30 13:29:00,-1.489484,17.28604,0.6280613,15.73481,0.5465723,0.5380504,0.5655863,858.235,60.65545,15.23065,61.63597,15.14216,7.169248,9.734035,466.1546,56.27235,22.98191,49.41758,22.17743,22.07904,30.35081,-1.37669,16.88631,1.008268,14.1113,0.9386078,0.9597153,0.9210991,231.402,62.80324,11.82725,53.51872,10.49322,5.779677,6.271302
2025-12-30 13:30:00,-1.524108,17.43952,0.5980538,15.62128,0.576473,0.5255622,0.578913,856.7211,60.75824,15.18248,61.75378,15.17729,7.147788,9.722991,460.8853,56.28383,23.02711,49.41329,22.19427,21.65146,30.3916,-1.561203,16.85229,0.9679352,14.08704,0.9487842,0.9948215,0.9279765,230.04,62.80315,11.92137,53.52526,10.54621,5.665337,6.255411
2025-12-30 13:31:00,-1.554519,17.31505,0.6281737,15.69163,0.5430322,0.5298098,0.5699399,853.3139,60.86082,15.14858,61.63132,15.15744,7.158795,9.704152,458.2133,56.26551,23.10551,49.42223,22.25986,22.14167,30.45409,-1.402121,16.85602,0.9661857,14.10332,0.9518532,0.9637216,0.9284883,228.7921,62.79408,11.68152,53.51003,10.54192,5.88596,6.279598
2025-12-30 13:32:00,-1.503452,17.34266,0.5996831,15.58525,0.5520061,0.524288,0.5882133,852.0593,60.89798,15.11115,61.35046,15.19945,7.175798,9.689272,460.6882,56.27676,22.8175,49.41165,22.18169,21.80655,30.42862,-1.572739,16.75311,0.9333842,14.05696,0.984117,0.9810412,0.9397937,228.9358,62.81085,11.67471,53.50256,10.48637,5.692645,6.253699
2025-12-30 13:33:00,-1.517116,17.40793,0.6074808,15.65438,0.5626664,0.5124576,0.5791997,851.6492,60.69616,15.13866,61.66017,15.17441,7.300596,9.697187,462.6393,56.27776,22.96726,49.41846,21.9214,22.05426,30.40034,-1.534642,16.78282,0.96227,14.0598,0.9436392,0.961131,0.9561394,229.5761,62.79996,11.71237,53.52963,10.44488,5.603126,6.095287
2025-12-30 13:34:00,-1.49628,17.38852,0.5991012,15.66365,0.5708232,0.5264715,0.5480372,851.7118,60.37125,15.16712,61.2142,15.21131,7.220372,9.703888,462.1643,56.29095,22.84552,49.42155,22.23364,21.92289,30.47903,-1.366523,16.75886,0.9508889,14.07374,0.9763706,0.9900436,0.9485539,229.6373,62.79926,11.79438,53.5068,10.53749,5.67455,6.227074
2025-12-30 13:35:00,-1.502492,17.38855,0.6261416,15.67073,0.582372,0.5371644,0.5665006,850.901,60.94949,15.18544,61.34877,15.14395,7.123436,9.711179,461.018,56.30597,22.8049,49.41642,22.24057,22.01683,30.5259,-1.377414,16.72105,0.9745466,14.06969,0.9331758,0.9536667,0.9915386,229.1788,62.78752,11.64326,53.51225,10.50143,5.590194,6.192435
2025-12-30 13:36:00,-1.629416,17.27278,0.5922807,15.65593,0.574526,0.5269996,0.5755049,849.4581,61.00166,15.23197,61.61848,15.1581,7.207962,9.715618,459.5999,56.26049,22.91637,49.41234,22.17583,22.09226,30.43853,-1.432863,16.83461,0.9594081,14.09615,0.9548759,0.9960674,0.9464182,228.9276,62.79881,11.80045,53.50022,10.47603,5.725435,6.137411
2025-12-30 13:37:00,-1.642856,17.42124,0.6117995,15.67903,0.5576714,0.5257318,0.5655669,847.4815,61.03432,15.27366,61.42822,15.18856,7.199318,9.687346,460.4486,56.28067,23.07347,49.42508,22.25156,22.11543,30.58008,-1.384512,16.9155,0.9425403,14.04565,0.9596944,0.9579339,0.9546919,229.5516,62.78603,11.71125,53.51826,10.495,5.751979,6.15774
2025-12-30 13:38:00,-1.566316,17.24562,0.6283658,15.68093,0.5804083,0.5307024,0.5811129,846.1708,60.38959,15.16667,61.89126,15.15743,7.190304,9.71054,461.6835,56.27532,22.76109,49.41912,21.85822,22.17702,30.51055,-1.475168,16.8586,0.9574819,14.04399,0.9611626,0.9917582,0.9267752,229.6793,62.80084,11.75926,53.51361,10.41137,5.566697,6.145487
2025-12-30 13:39:00,-1.49302,17.41141,0.6342632,15.65636,0.5744496,0.5253431,0.5790218,846.3779,60.52489,15.16057,61.34825,15.19864,7.13876,9.72373,462.6519,56.25888,22.79642,49.41383,22.05728,22.02616,30.48763,-1.550953,16.74415,0.9627448,14.07749,0.9571287,0.9663756,0.9633406,229.9301,62.79482,11.87284,53.52599,10.52426,5.548313,6.16481
2025-12-30 13:40:00,-1.571884,17.28263,0.6187832,15.70608,0.5391302,0.5464942,0.5867802,846.6947,60.44917,15.20454,61.93529,15.16623,7.17694,9.682437,462.4692,56.27578,22.66242,49.41365,22.08341,21.95092,30.49763,-1.461344,16.82008,0.9641341,14.01785,0.9388664,0.9491671,0.956452,229.9377,62.81588,11.79809,53.49156,10.4636,5.606615,6.083476
2025-12-30 13:41:00,-1.524514,17.34378,0.6219471,15.66097,0.5721146,0.5303004,0.5484906,846.3864,60.72733,15.22951,61.65639,15.17445,7.307093,9.742784,461.7177,56.29464,22.66,49.40997,21.98258,21.61083,30.49317,-1.415657,16.78395,0.9682897,14.12112,0.9693652,0.9844915,0.9484515,229.5359,62.80751,11.71232,53.48265,10.52113,5.704967,6.189229
2025-12-30 13:42:00,-1.499014,17.26768,0.6438432,15.64826,0.5587919,0.5381688,0.562495,847.1315,60.65416,15.16935,61.84827,15.14017,7.189621,9.659004,462.1373,56.26711,22.76062,49.4208,22.07627,21.77256,30.49742,-1.550582,16.79351,0.9589487,14.07082,0.9565778,0.9711042,0.9269277,229.9025,62.7818,11.8919,53.4899,10.53354,5.634046,6.231846
2025-12-30 13:43:00,-1.496051,17.33458,0.6333953,15.57333,0.5771139,0.5300961,0.5814429,847.5084,60.41882,15.16915,61.64515,15.15946,7.159538,9.704062,462.8036,56.29536,22.7859,49.41264,21.91414,21.61393,30.49392,-1.555823,16.68304,0.9562026,14.12076,0.9705505,0.9829002,0.927124,229.5688,62.77588,11.88015,53.49433,10.54805,5.693697,6.273219
2025-12-30 13:44:00,-1.512331,17.38772,0.6321213,15.7181,0.5743335,0.5312893,0.565613,849.0942,60.75127,15.16632,61.66795,15.12366,7.14403,9.737333,464.7875,56.28971,22.79031,49.40968,21.97244,21.66222,30.50352,-1.437969,16.65773,0.9704013,14.08973,0.9648959,0.9566495,0.9229458,229.9746,62.78478,11.84266,53.50291,10.59521,5.765573,6.307182
2025-12-30 13:45:00,-1.47015,17.3453,0.6189702,15.62035,0.5499595,0.5312577,0.5682086,849.3013,60.77228,15.09728,61.46701,15.1894,7.22545,9.745417,464.4787,56.25901,22.68571,49.40717,21.6458,21.88277,30.55936,-1.459538,16.86777,0.9643356,14.10349,0.9489301,0.9795932,0.9698042,229.6697,62.80268,11.75219,53.52589,10.49606,5.655888,6.314541
2025-12-30 13:46:00,-1.699149,17.22949,0.6134172,15.61963,0.5777307,0.5263604,0.5860882,849.6625,60.55046,15.14128,61.53242,15.25826,7.212191,9.694191,463.9066,56.29125,22.754,49.4084,21.70047,21.97504,30.57398,-1.398751,16.70764,0.9559917,14.07282,0.9515481,0.9625247,0.9286579,229.793,62.7656,11.75531,53.49318,10.5308,5.713382,6.277921
2025-12-30 13:47:00,-1.561434,17.21939,0.610336,15.67316,0.5538591,0.495113,0.5769395,850.1245,60.39143,15.17117,61.42441,15.20636,7.333439,9.722685,463.4167,56.2747,22.85157,49.41555,21.59318,22.30034,30.53765,-1.464092,16.70391,0.933223,14.17035,0.9687272,1.000864,0.9396209,229.5838,62.76141,11.84959,53.50431,10.5152,5.72656,6.180886
2025-12-30 13:48:00,-1.649041,17.34807,0.6013464,15.62864,0.5631195,0.5350519,0.5588007,849.3633,60.66461,15.15493,61.56304,15.22551,7.214868,9.749149,462.1589,56.29243,22.89251,49.41699,21.62961,22.02502,30.51104,-1.466804,16.82754,0.9337672,14.12291,0.9511979,0.983199,0.894416,229.3922,62.76844,11.95061,53.47923,10.56092,5.75455,6.336063
2025-12-30 13:49:00,-1.584651,17.39331,0.6366161,15.66433,0.5562336,0.5336087,0.6120821,850.1878,60.86544,15.15272,61.48415,15.14728,7.110693,9.721561,463.2514,56.26875,22.97769,49.40864,21.77898,22.42364,30.52858,-1.512171,16.87214,0.9605824,14.08013,0.9620964,0.9762939,0.9447627,229.6857,62.76833,11.80759,53.46771,10.4094,5.77662,6.32445
2025-12-30 13:50:00,-1.540204,17.33935,0.587128,15.62321,0.6005818,0.5414223,0.5496003,848.5051,60.45433,15.01977,61.51126,15.16106,7.195619,9.722385,463.2147,56.27392,22.80649,49.42593,21.82337,22.03956,30.51942,-1.354282,16.91429,0.9593588,14.13673,0.9461308,0.9763667,0.9427182,229.9109,62.77961,11.99359,53.50227,10.6159,5.584918,6.229383
2025-12-30 13:51:00,-1.592516,17.35924,0.6255031,15.56153,0.5736746,0.5310093,0.5573661,846.2362,60.75548,15.23693,61.66227,15.26118,7.256012,9.714388,462.7206,56.29189,23.0042,49.41926,21.93346,21.65724,30.46031,-1.349176,16.94599,0.9667796,14.08955,1.003036,0.9666439,0.9663715,229.9536,62.78188,11.8529,53.47956,10.61353,5.758575,6.170312
2025-12-30 13:52:00,-1.471907,17.30069,0.5935796,15.66097,0.5639102,0.5310119,0.5783417,848.475,60.67429,15.11559,61.60372,15.16202,7.172409,9.717286,462.6561,56.27811,22.94491,49.41691,21.75591,21.79862,30.51652,-1.36259,16.71475,0.9453059,14.11928,1.0198,0.9864188,0.9268855,229.7506,62.78901,11.82629,53.50219,10.48087,5.641847,6.285605
2025-12-30 13:53:00,-1.482513,17.39104,0.6042649,15.6242,0.54245,0.5613708,0.5675023,848.4384,61.02495,15.14224,61.47335,15.1097,7.199065,9.767418,462.5871,56.27176,22.87913,49.40684,21.90768,21.8428,30.46575,-1.360443,16.78427,0.9574342,14.08334,0.9339634,0.9970765,0.9081022,229.6111,62.80443,11.80076,53.49651,10.5146,5.755939,6.237556
2025-12-30 13:54:00,-1.593984,17.35908,0.6012571,15.74095,0.5895427,0.5203588,0.5561498,847.8145,61.0863,15.15728,61.68515,15.2035,7.253558,9.672111,462.1745,56.28569,22.94328,49.41923,21.71572,21.83464,30.4419,-1.461545,16.87213,0.9656609,14.09984,0.9663974,0.9729154,0.9637621,229.7743,62.75726,11.781,53.47991,10.46249,5.647675,6.320435
2025-12-30 13:55:00,-1.479061,17.25353,0.6148989,15.6918,0.5405375,0.5356884,0.6019346,850.0502,60.83088,15.07077,61.50867,15.14297,7.244495,9.719041,462.9937,56.2631,22.856,49.42414,21.98051,21.78727,30.47641,-1.450627,16.6397,0.9770578,14.04436,0.9726096,0.9605235,0.9759976,230.079,62.78218,11.79523,53.48872,10.53275,5.642998,6.255899
2025-12-30 13:56:00,-1.437726,17.22004,0.6270517,15.71757,0.5600483,0.5309975,0.5742977,849.0126,60.49396,15.05993,61.51937,15.13437,7.175635,9.699651,462.321,56.26295,22.97017,49.3926,21.78629,21.8155,30.45868,-1.397205,16.90675,0.9560896,14.16016,0.9406079,0.9849042,0.9588687,229.5596,62.79237,11.75841,53.49392,10.55291,5.699047,6.259511
2025-12-30 13:57:00,-1.677469,17.3885,0.5932567,15.68798,0.5610504,0.5316123,0.5930333,847.6708,60.83622,15.07577,61.45199,15.12334,7.18421,9.658201,460.4382,56.30631,22.87365,49.41498,21.9175,21.75046,30.39778,-1.511667,16.67825,1.006442,14.11477,0.9508471,0.9898471,1.017615,228.9519,62.77761,11.71007,53.49436,10.5332,5.783912,6.313325
2025-12-30 13:58:00,-1.535018,17.27778,0.6191192,15.6618,0.5386206,0.5312456,0.5650974,846.9282,60.6374,15.19372,61.36517,15.22113,7.183372,9.708017,460.9851,56.28698,22.72301,49.42121,21.68668,21.93438,30.45793,-1.4456,16.77944,0.9572417,14.1061,0.9592664,0.9630079,0.9339276,229.3391,62.78556,11.67762,53.46225,10.52441,5.762337,6.266069
2025-12-30 13:59:00,-1.483954,17.32693,0.6250575,15.72247,0.5615833,0.5306075,0.5831683,850.5173,60.51751,15.04221,61.55547,15.20257,7.197217,9.686459,461.7645,56.28156,22.70363,49.40109,21.96312,21.85898,30.43193,-1.427596,16.7872,0.9430519,14.05105,0.9491575,0.9557332,0.924352,229.6631,62.79678,11.6897,53.48645,10.51094,5.735693,6.175172
2025-12-30 14:00:00,-1.687484,17.45318,0.6015114,15.61297,0.5683555,0.5243336,0.5772078,853.052,60.25334,15.0104,61.87445,15.12687,7.176228,9.703175,461.7151,56.26796,22.64123,49.41982,21.82676,22.23197,30.47082,-1.42214,16.75865,0.9781434,14.05928,0.947501,0.98532,0.9325867,229.6728,62.78842,11.81669,53.4833,10.48025,5.726223,6.163983
2025-12-30 14:01:00,-1.451175,17.35464,0.6067826,15.61298,0.5847828,0.5119414,0.5758086,854.0767,60.44008,15.13741,61.40651,15.14925,7.123915,9.673549,462.0551,56.26192,22.57668,49.41814,21.68182,21.70594,30.36215,-1.562318,16.64696,0.9174001,14.15138,0.9580948,0.9692162,0.9304649,229.7282,62.77288,11.82732,53.49554,10.51226,5.596953,6.195634
2025-12-30 14:02:00,-1.563602,17.17835,0.6198552,15.6677,0.5831014,0.5266965,0.5813428,854.8989,60.87958,15.11949,61.47766,15.21934,7.067803,9.707315,461.1818,56.28132,22.66347,49.42016,21.61195,21.94818,30.44571,-1.418719,16.72056,0.9520001,14.05944,0.9344433,0.9800044,0.8839858,229.6224,62.77317,11.81547,53.47667,10.59247,5.654455,6.153649
2025-12-30 14:03:00,-1.577225,17.29542,0.6218507,15.71905,0.5734918,0.510235,0.5744244,852.9995,60.73442,15.10274,61.60374,15.16124,7.215116,9.753487,461.2749,56.27076,22.73362,49.4226,21.96151,21.81059,30.41642,-1.484225,16.76915,0.971374,14.09691,0.9425027,0.9533681,0.9319128,229.6246,62.75441,11.84548,53.47216,10.48824,5.690954,6.20979
2025-12-30 14:04:00,-1.54677,17.40135,0.6212036,15.62452,0.5789506,0.5178542,0.5617388,852.3044,60.85643,15.2094,61.53688,15.15219,7.162405,9.73385,461.9724,56.2885,22.69327,49.41218,21.86862,21.80059,30.46228,-1.35114,16.69357,0.9901938,14.11954,0.9567295,0.9735352,0.8822051,229.665,62.74923,11.8193,53.4884,10.51831,5.77872,6.143046
2025-12-30 14:05:00,-1.554101,17.35742,0.6225688,15.74192,0.5690244,0.511981,0.5938352,851.2383,60.35638,15.09375,61.64442,15.2069,7.165836,9.702108,462.0511,56.26102,22.88931,49.41731,22.08261,21.7978,30.38101,-1.399219,16.83438,0.8740649,14.14529,0.9460791,0.9909388,0.9511228,229.8172,62.75799,11.86675,53.48793,10.51779,5.695292,6.099133
2025-12-30 14:06:00,-1.520408,17.35115,0.6428531,15.63904,0.5710804,0.5253325,0.5781395,851.9178,60.52633,15.09231,61.46354,15.11821,7.149472,9.722837,461.3925,56.25127,22.76331,49.4108,22.03197,22.02462,30.47245,-1.40928,16.9328,0.9265692,14.03006,0.9535704,0.9995648,0.9329437,229.6565,62.74972,11.87807,53.47342,10.54875,5.621228,6.080163
2025-12-30 14:07:00,-1.522837,17.341,0.6301859,15.62644,0.5633341,0.5324451,0.5506453,851.3427,60.99429,15.03169,61.44788,15.22694,7.103172,9.67517,461.0248,56.24649,22.59547,49.41778,21.96161,21.98803,30.47112,-1.431432,16.665,0.9565879,14.08127,0.9305204,0.9547436,0.9659739,229.4213,62.74994,11.87015,53.47566,10.58354,5.709346,6.126526
2025-12-30 14:08:00,-1.556269,17.28683,0.6126686,15.68131,0.5593409,0.53845,0.580044,851.509,60.66168,15.14344,61.31789,15.15392,7.212719,9.694933,461.3352,56.25837,22.87508,49.41547,22.06173,21.75144,30.45841,-1.35796,16.92694,1.06165,14.15819,0.94853,0.9768496,0.9752298,229.6541,62.77066,11.93018,53.48202,10.56413,5.616102,6.27807
2025-12-30 14:09:00,-1.562403,17.36271,0.6288912,15.6625,0.5709206,0.5299975,0.5536607,850.7726,60.64346,15.12114,61.41458,15.14391,7.202593,9.733275,461.6284,56.28441,22.74349,49.4252,22.14133,21.9823,30.49292,-1.489355,16.92275,0.9388883,14.04743,0.9834102,0.9476684,0.9357414,229.4893,62.76784,11.8437,53.49767,10.50697,5.656863,6.179008
2025-12-30 14:10:00,-1.488238,17.36474,0.6271729,15.69828,0.5582266,0.515355,0.560225,849.7024,60.762,15.07291,61.35854,15.14563,7.286128,9.695406,462.3613,56.26743,22.84218,49.41041,22.12607,21.73889,30.45471,-1.450255,16.80368,0.9837673,14.07062,0.9595086,0.9718667,0.9387424,229.5682,62.80225,11.91853,53.4858,10.59002,5.734087,6.259539
2025-12-30 14:11:00,-1.671338,17.37197,0.5999405,15.68024,0.5631295,0.5310128,0.5710342,848.71,60.7703,15.08703,61.45668,15.16541,7.119944,9.691932,461.8727,56.2599,22.74115,49.42266,21.88762,21.96116,30.47203,-1.440767,16.75362,0.9841558,14.07798,0.9590682,0.9892539,0.9781342,229.6123,62.78638,12.02242,53.48406,10.58279,5.596189,6.159235
2025-12-30 14:12:00,-1.46433,17.30791,0.6285651,15.66925,0.551616,0.5230264,0.5780373,848.9346,60.49889,15.16596,61.84847,15.21862,7.09171,9.664345,461.3513,56.25941,22.91441,49.41253,22.07817,21.79439,30.4474,-1.46433,16.71745,0.974046,14.07331,0.966246,0.9821123,0.9386997,229.3334,62.78716,11.93654,53.49342,10.5702,5.666573,6.230051
2025-12-30 14:13:00,-1.526813,17.30755,0.6227432,15.62265,0.5662212,0.5295433,0.5730224,850.1671,60.64649,15.13388,61.7864,15.17276,7.133866,9.665962,461.1761,56.28493,22.97536,49.41697,21.98921,22.16562,30.4563,-1.402874,16.71795,1.004357,14.06757,0.9263003,0.9661383,0.9124544,228.9726,62.79998,11.79614,53.509,10.46546,5.664072,6.253712
2025-12-30 14:14:00,-1.643685,17.39864,0.6291147,15.63902,0.5525193,0.5312518,0.5654091,850.39,60.75982,15.20088,61.72186,15.18852,7.183338,9.692042,462.2758,56.30859,22.74071,49.41201,21.98909,22.00162,30.40394,-1.426657,16.78587,0.9146004,14.09859,0.9358504,0.9629605,0.9135541,228.975,62.78739,11.95871,53.49774,10.56956,5.800314,6.181742
2025-12-30 14:15:00,-1.539574,17.32872,0.6244751,15.69314,0.5672041,0.5147991,0.5812413,850.7445,60.60102,15.17661,61.39253,15.17097,7.243296,9.732752,463.7299,56.30114,22.79933,49.42132,21.9406,22.23201,30.46503,-1.435353,16.82592,0.9472516,14.03403,0.9376048,0.963145,0.9126452,229.7764,62.80188,11.97251,53.49781,10.51027,5.804212,6.168049
2025-12-30 14:16:00,-1.543181,17.28069,0.6224895,15.62581,0.5642059,0.5299602,0.5787838,850.6429,60.52405,15.08744,61.86179,15.2017,7.245558,9.731863,463.0053,56.30686,22.77062,49.42335,21.96658,21.93432,30.39446,-1.356909,16.81902,1.008684,14.04564,0.9831266,0.96215,0.9370937,229.7754,62.7705,11.95814,53.52588,10.56302,5.681539,6.272592
2025-12-30 14:17:00,-1.483235,17.26284,0.6187412,15.60541,0.5785978,0.5603861,0.6050872,849.796,60.77221,15.18509,61.7812,15.15091,7.181377,9.715248,461.915,56.27602,22.93614,49.40876,22.04479,22.1554,30.50919,-1.446452,16.7458,0.9026397,14.09378,0.9533849,1.008313,0.9715661,229.3125,62.80217,11.83961,53.51327,10.54967,5.606316,6.261753
2025-12-30 14:18:00,-1.535915,17.34229,0.6338032,15.60265,0.5518248,0.5338984,0.5531887,851.1899,60.80506,15.13685,61.2611,15.15331,7.111814,9.7221,461.3173,56.30566,22.77545,49.4209,21.9697,22.16359,30.44579,-1.429047,16.72276,0.9531516,14.1239,0.9590992,0.9681472,0.9911641,229.3053,62.79802,11.97216,53.48238,10.57794,5.583604,6.198501
2025-12-30 14:19:00,-1.55171,17.20259,0.6464031,15.5997,0.5754054,0.5218168,0.5488632,848.7385,60.9685,15.14668,61.53626,15.14989,7.182141,9.71925,461.5287,56.28691,22.85602,49.41324,21.82207,21.97356,30.5074,-1.478754,16.81244,0.9188274,14.08204,0.9668464,0.981742,0.9153084,229.325,62.7895,11.89318,53.52079,10.5242,5.738961,6.332581
2025-12-30 14:20:00,-1.507638,17.4075,0.6127376,15.61687,0.5709771,0.536719,0.5787944,845.8649,60.64976,15.17263,61.24557,15.2429,7.137234,9.681138,461.7672,56.30699,22.7867,49.40392,22.00912,22.15009,30.48247,-1.369728,16.87935,0.9629114,14.12079,0.9426205,0.9682219,0.9230539,229.4496,62.78346,11.85506,53.49549,10.58169,5.750924,6.304313
2025-12-30 14:21:00,-1.472172,17.14404,0.604011,15.61756,0.5461273,0.5214315,0.6281061,843.9113,61.02546,15.11035,61.87379,15.13689,7.250712,9.683105,462.3628,56.27039,22.74931,49.41846,21.97718,21.75646,30.44444,-1.397793,16.7729,0.9689463,14.07513,0.9259483,0.9841142,0.9115847,228.7596,62.78484,11.92708,53.48308,10.56125,5.779998,6.284308
2025-12-30 14:22:00,-1.567922,17.32829,0.6286349,15.61644,0.5618451,0.5292004,0.5903616,845.1959,60.83232,15.2173,61.24857,15.15082,7.254766,9.707912,463.3271,56.27726,22.79636,49.3335,21.68492,22.10691,30.41838,-1.445852,16.68193,0.9396837,14.10319,0.9306802,0.9709883,0.9614142,229.1048,62.78386,11.76019,53.50093,10.5619,5.730235,6.247314
2025-12-30 14:23:00,-1.504716,17.35541,0.6322098,15.67682,0.5737263,0.5253564,0.5591987,847.2551,60.65911,15.2017,61.58302,15.20282,7.266225,9.709208,463.1641,56.30505,22.8139,49.32874,21.86767,21.75389,30.42148,-1.354106,16.72089,0.9863295,14.1251,0.9263487,0.9869989,0.9986687,229.0567,62.76731,11.95834,53.48923,10.58633,5.752342,6.3232
2025-12-30 14:24:00,-1.527301,17.40969,0.6336046,15.63035,0.5792984,0.5136591,0.5859399,847.4451,60.49184,15.05126,61.64583,15.21817,7.201525,9.708789,462.5532,56.30376,22.77908,49.40107,21.76998,22.3169,30.40482,-1.351009,16.83651,1.016194,14.10652,0.9339292,0.9636787,0.8774428,229.3325,62.7761,11.87618,53.49274,10.58054,5.907376,6.28658
2025-12-30 14:25:00,-1.532733,17.4125,0.6269466,15.68201,0.5676437,0.4970241,0.575774,847.9078,61.10216,15.14915,61.85774,15.23439,7.146076,9.763991,461.7986,56.293,22.86243,49.42461,21.9095,22.03142,30.41551,-1.382815,16.82614,0.9578913,14.05348,0.9532079,0.9810726,0.9392306,229.0083,62.74672,11.80714,53.51525,10.5476,5.84165,6.36866
2025-12-30 14:26:00,-1.46132,17.35972,0.6313315,15.62647,0.5525058,0.5351356,0.5773445,847.8793,60.92904,15.12526,61.75302,15.24219,7.204682,9.801845,462.4596,56.30044,22.94409,49.30021,21.65602,22.36827,30.41984,-1.374317,16.69781,0.9666891,14.02773,0.9681064,0.9591773,0.8883966,229.3429,62.7567,11.70385,53.50352,10.59395,5.663111,6.10379
2025-12-30 14:27:00,-1.586752,17.28511,0.6071965,15.67381,0.5509059,0.536548,0.5825948,845.9523,61.14602,15.10119,61.45958,15.1829,7.209394,9.675296,463.3328,56.28603,22.83611,49.31649,21.88393,22.18371,30.35946,-1.464562,16.73594,0.9856431,14.18137,0.9616182,0.9945436,0.9549219,229.3956,62.73199,11.81324,53.49122,10.50938,5.680363,6.231727
2025-12-30 14:28:00,-1.466517,17.11514,0.6530087,15.68748,0.5917903,0.5310073,0.5334321,846.986,60.68621,15.18089,61.58271,15.24436,7.047492,9.730966,463.2343,56.29409,23.02142,49.30035,21.61629,22.2915,30.35096,-1.472345,16.74781,0.9516739,14.06644,0.9473357,0.9615334,0.9316487,229.5072,62.73231,11.75294,53.49196,10.51804,5.783607,6.129532
2025-12-30 14:29:00,-1.477354,17.26332,0.6149856,15.66726,0.5721604,0.5310014,0.5668296,845.3275,60.53606,15.15148,61.92186,15.07321,7.276496,9.739163,461.762,56.3065,22.83991,49.34222,22.0417,21.82096,30.3873,-1.280417,16.92481,1.001184,14.0441,0.9357898,1.014154,0.9529858,228.8474,62.75385,11.65444,53.49184,10.5248,5.802479,6.301055
2025-12-30 14:30:00,-1.350756,17.31685,0.605168,15.66527,0.5773051,0.530212,0.5989985,845.3129,60.8308,15.0621,61.51628,15.18837,7.177313,9.670443,460.9815,56.30288,22.76278,49.33411,21.91709,22.22281,30.34601,-1.43437,16.85685,0.9601668,14.11505,0.9559855,0.9449126,0.9773658,228.522,62.73273,11.74585,53.4928,10.55632,5.69482,6.086891
2025-12-30 14:31:00,-1.551584,17.32159,0.6291268,15.65457,0.542684,0.5340481,0.5629906,844.9758,60.45871,15.06453,61.5749,15.16531,7.253695,9.755668,461.9966,56.30207,22.78902,49.41693,21.70014,22.31465,30.33574,-1.386095,16.76368,0.9692607,14.07203,0.9553956,0.9662116,0.926667,228.9978,62.74001,11.80669,53.48708,10.53086,5.610277,6.133958
2025-12-30 14:32:00,-1.581792,17.22222,0.6487903,15.61166,0.5665718,0.5204318,0.6235213,845.2302,60.71893,15.08511,61.42081,15.22392,7.272291,9.660921,462.2191,56.31027,22.81068,49.44577,21.85438,21.96326,30.27208,-1.429137,16.83271,0.9745938,14.11551,0.943658,0.9558241,0.936974,229.2033,62.75657,11.6723,53.46782,10.61963,5.71735,6.219134
2025-12-30 14:33:00,-1.573305,17.3503,0.6257266,15.64038,0.5604172,0.5300503,0.5843726,846.9242,61.1018,15.14049,61.55496,15.29036,7.204805,9.710941,463.1915,56.29485,22.92293,49.41856,21.52893,22.20038,30.32212,-1.451235,16.74644,0.999944,14.11492,0.9203286,0.9407928,0.9308432,229.1125,62.76997,11.85124,53.47961,10.53011,5.782286,6.324395
2025-12-30 14:34:00,-1.584469,17.3041,0.6313852,15.71423,0.5785223,0.5243908,0.5937053,848.8308,60.49096,15.19022,61.67965,15.19177,7.145477,9.696302,464.2946,56.29115,22.52638,49.42256,21.52386,21.81868,30.31663,-1.455622,16.88456,0.9592832,14.1326,0.9621349,0.9760148,0.9675443,229.47,62.77559,11.58438,53.47859,10.50793,5.84876,6.161095
2025-12-30 14:35:00,-1.520825,17.35344,0.6162501,15.70187,0.5602685,0.5259356,0.5460231,848.5855,60.67377,15.20904,61.43836,15.15926,7.218891,9.714764,463.5759,56.29475,22.6039,49.44006,21.40613,22.05288,30.2924,-1.418664,16.73436,0.966409,14.02279,0.9539638,0.9762995,0.9549705,229.3173,62.76721,11.68227,53.46916,10.45325,5.716848,6.295229
2025-12-30 14:36:00,-1.518174,17.27679,0.6176019,15.67231,0.5440329,0.5395499,0.5542648,848.4957,60.53855,15.07368,61.59207,15.18245,7.260095,9.66283,462.0881,56.3069,22.74075,49.4156,21.58648,21.73308,30.3681,-1.377809,16.77549,0.9870049,14.07276,0.9681341,0.9882141,0.9381762,229.2684,62.78585,11.66933,53.4735,10.45179,5.79703,6.174201
2025-12-30 14:37:00,-1.477222,17.28741,0.6612433,15.69889,0.5629511,0.5052874,0.5556792,847.2001,60.27753,15.20229,61.72533,15.18375,7.229838,9.689542,460.9686,56.30838,22.82841,49.48101,21.65266,21.80954,30.28528,-1.49551,16.6837,0.9459455,14.15174,0.9325727,0.9564738,0.9427369,228.6266,62.78989,11.74362,53.48813,10.50907,5.597714,6.123034
2025-12-30 14:38:00,-1.528485,17.33887,0.619271,15.6337,0.5639452,0.5433844,0.5741175,847.7388,60.72898,15.18677,61.58429,15.22484,7.20368,9.733172,461.0574,56.28566,22.73486,49.50543,21.6712,21.72899,30.30013,-1.504308,16.68118,0.9470058,14.03294,0.9631653,0.9408873,0.9400064,229.1533,62.79062,11.79062,53.47111,10.56987,5.756629,6.155572
2025-12-30 14:39:00,-1.627206,17.1904,0.6337961,15.68596,0.5858055,0.530625,0.5935069,848.186,60.5768,15.21938,61.5989,15.20574,7.290161,9.672893,462.6494,56.27877,22.59614,49.41402,22.00329,21.7151,30.32395,-1.506329,16.71163,0.9600879,14.06337,0.9427021,0.9612435,0.9642992,229.4116,62.78192,11.71918,53.45863,10.47193,5.568132,6.082111
2025-12-30 14:40:00,-1.542677,17.16729,0.6164713,15.65724,0.5722208,0.5291837,0.5702071,847.9324,60.98161,15.13036,61.48191,15.22765,7.176694,9.689108,461.7848,56.28851,22.72591,49.41467,21.59644,22.00051,30.32524,-1.439238,16.78149,0.9883589,14.03422,0.936085,0.9505559,0.9819723,228.8347,62.7885,11.68954,53.45901,10.4665,5.692894,6.249165
2025-12-30 14:41:00,-1.68043,17.32887,0.6472732,15.57903,0.5657417,0.5310311,0.602455,848.4044,60.90207,15.11401,61.56485,15.24,7.202145,9.704537,461.8357,56.26471,22.69331,49.41226,21.93875,21.76534,30.28938,-1.371328,16.69707,0.9903397,14.06841,0.9381182,0.960115,0.9195277,228.5676,62.77757,11.79639,53.46033,10.50077,5.678087,6.275932
2025-12-30 14:42:00,-1.364194,17.34599,0.594721,15.63997,0.5835327,0.5340928,0.578312,847.5786,60.52816,15.19455,61.64366,15.13294,7.156502,9.722892,464.0247,56.27058,22.68398,49.41335,21.91953,21.92097,30.34394,-1.378534,16.77785,0.96175,14.10772,0.953186,0.9921452,0.9416834,229.2456,62.77357,11.85247,53.4826,10.56045,5.614272,6.146918
2025-12-30 14:43:00,-1.570429,17.31368,0.6070454,15.63574,0.5641561,0.5310071,0.5894034,848.0366,60.66647,15.1094,61.38204,15.22102,7.216964,9.714023,465.1339,56.27939,22.67693,49.41143,21.96844,22.05565,30.31003,-1.38818,16.89338,0.9548866,14.09253,0.9710678,0.9610401,0.9624556,229.6092,62.77764,11.68758,53.47759,10.5337,5.698025,6.121422
2025-12-30 14:44:00,-1.565486,17.27304,0.6041375,15.6755,0.5755644,0.5190069,0.5934101,849.2225,60.26931,15.20172,61.67064,15.15647,7.194728,9.697022,464.1482,56.27815,22.69579,49.41863,21.86919,21.81541,30.38718,-1.393461,16.8372,0.9899004,14.1121,0.9130628,0.9795284,0.9328993,229.6709,62.7908,11.7157,53.47699,10.48421,5.737956,6.25738
2025-12-30 14:45:00,-1.487886,17.26205,0.6281012,15.651,0.5417827,0.531824,0.5945091,849.7924,60.67635,15.1804,61.50948,15.20134,7.195154,9.698293,462.9635,56.29113,22.7714,49.41908,21.96581,22.03961,30.38211,-1.44671,16.79005,0.9340598,14.04873,0.9444892,0.9745193,0.9554764,229.1376,62.77816,11.69991,53.48201,10.50615,5.723943,6.15192
2025-12-30 14:46:00,-1.536175,17.39954,0.6191537,15.63495,0.5709517,0.5365226,0.5490698,848.7645,60.53776,15.16289,61.69645,15.24528,7.218715,9.69383,462.122,56.26045,22.6643,49.41557,21.99556,21.93347,30.37667,-1.536175,16.84881,0.9402708,14.06013,0.9629023,0.9728494,0.9747984,228.7439,62.77569,11.73069,53.50052,10.50144,5.71982,6.249704
2025-12-30 14:47:00,-1.611341,17.26228,0.6401499,15.65736,0.5693507,0.5485858,0.5798921,848.749,60.84081,15.13862,61.55148,15.18887,7.203445,9.731909,463.8684,56.28906,22.71356,49.41825,21.71528,22.16965,30.28149,-1.503156,16.73315,0.9611471,14.01169,0.9486688,0.9483258,0.9654113,229.1723,62.79174,11.76051,53.48023,10.49424,5.727369,6.14871
2025-12-30 14:48:00,-1.523725,17.2832,0.6182066,15.66075,0.5394022,0.518177,0.5697717,849.3434,60.61478,15.1433,61.60126,15.31506,7.150206,9.700253,464.4235,56.25894,22.85744,49.41777,21.9939,22.17125,30.34505,-1.39945,16.73322,0.9375994,14.05629,0.9579444,0.9417116,0.9375362,229.4242,62.78399,11.69496,53.48798,10.41172,5.559546,6.168055
2025-12-30 14:49:00,-1.53099,17.31682,0.6142665,15.58972,0.5715894,0.5305951,0.5664569,850.0417,60.6559,15.14193,61.77329,15.2887,7.181464,9.739266,465.0482,56.27288,22.58112,49.41292,21.8935,22.18869,30.36522,-1.440825,16.74003,0.9804682,14.09227,0.9775175,0.9515663,0.9515988,229.3599,62.80197,11.67908,53.47798,10.42676,5.704454,6.244795
2025-12-30 14:50:00,-1.5251,17.35196,0.601827,15.67324,0.5729495,0.5307878,0.5630547,849.7236,61.01818,15.08453,61.66482,15.19079,7.207065,9.688375,464.539,56.25815,22.81051,49.41241,21.87314,21.54982,30.34201,-1.40303,16.63443,0.9410205,14.09437,0.9222831,0.9590413,0.9301485,229.2715,62.78865,11.74451,53.48145,10.52887,5.672681,6.199445
2025-12-30 14:51:00,-1.552964,17.21764,0.619468,15.65978,0.5673555,0.5305728,0.5858684,849.3028,60.40951,15.22491,61.60844,15.22598,7.235322,9.737475,463.2893,56.25819,22.68386,49.42669,21.70085,21.8857,30.36311,-1.402421,16.76861,0.9157778,14.04825,0.9235681,0.9425269,0.9430881,229.3956,62.76605,11.73694,53.48497,10.53994,5.691748,6.210857
2025-12-30 14:52:00,-1.513166,17.25003,0.6174326,15.6377,0.5707674,0.5184802,0.5963836,847.2508,60.41215,15.14213,61.48099,15.16413,7.217977,9.733006,462.1822,56.22747,22.76805,49.39997,22.00344,21.68661,30.35861,-1.396038,16.67525,0.9605388,14.04702,0.9633899,0.9638576,0.9215748,229.1904,62.78764,11.78048,53.48589,10.51314,5.738646,6.133286
2025-12-30 14:53:00,-1.615941,17.2838,0.601564,15.65396,0.5635474,0.5310108,0.5497872,846.7258,60.87788,15.19051,61.9849,15.20825,7.037872,9.703897,462.4614,56.25397,22.80151,49.41224,21.6839,22.08568,30.41129,-1.3718,16.75785,0.9473058,14.0778,0.9305569,0.9380431,0.93971,228.8458,62.7714,11.71461,53.48101,10.48261,5.815722,6.190164
2025-12-30 14:54:00,-1.581583,17.33463,0.6147087,15.68288,0.5514278,0.5195464,0.5647995,844.7335,60.8642,15.17022,61.55224,15.08264,7.207352,9.748819,463.2508,56.25246,22.78384,49.40979,21.8718,22.0682,30.38324,-1.332639,16.56001,0.9666418,14.11749,0.9520872,0.9693438,0.941879,229.0446,62.78198,11.75761,53.49857,10.47093,5.626671,6.122849
2025-12-30 14:55:00,-1.666784,17.28736,0.6052932,15.58512,0.5725913,0.527552,0.5655367,845.5011,60.59782,15.22429,61.44328,15.17841,7.215773,9.676497,464.1812,56.26757,22.71253,49.42262,22.04536,22.1426,30.36644,-1.391595,16.8931,0.953577,14.08664,0.9472931,0.9741105,0.9227594,229.0174,62.79832,11.7929,53.49886,10.55214,5.745745,6.158367
2025-12-30 14:56:00,-1.515269,17.25179,0.6210713,15.6072,0.5556976,0.5300788,0.5848292,846.0156,60.635,15.16432,61.77144,15.13234,7.183882,9.666604,463.377,56.2919,22.67213,49.43959,21.70487,22.15011,30.26423,-1.499036,16.74749,0.9692546,14.16858,0.9371679,0.9637007,0.9599279,228.6602,62.79031,11.7697,53.52451,10.53879,5.761268,6.12087
2025-12-30 14:57:00,-1.520253,17.26022,0.6133091,15.75999,0.579403,0.5272405,0.561875,845.9914,60.73024,15.10573,61.84192,15.17887,7.180709,9.705297,462.6476,56.28857,22.66315,49.43753,21.61585,21.94561,30.31532,-1.492548,16.6039,0.9618164,14.06458,0.9228733,0.9680213,0.9662331,228.6576,62.79574,11.79004,53.49675,10.60112,5.729027,6.142188
2025-12-30 14:58:00,-1.476409,17.35128,0.5991622,15.69014,0.5810761,0.5320221,0.5503967,843.6424,60.60201,15.21409,61.84079,15.10708,7.172607,9.731486,462.0284,56.27849,22.76617,49.41204,21.93088,22.06689,30.34482,-1.275086,16.75216,0.9432791,14.03608,0.9571561,0.9475279,0.990405,228.6674,62.80117,11.83008,53.50457,10.4782,5.542163,6.128069
2025-12-30 14:59:00,-1.564723,17.32011,0.6144703,15.61806,0.5464188,0.5266173,0.5635875,845.692,60.53965,15.12132,61.30619,15.22669,7.154979,9.697593,463.0238,56.30463,22.78524,49.42725,22.10484,22.13128,30.39843,-1.458151,16.89398,0.9871065,14.223,0.9663191,0.9764563,0.971307,229.1193,62.79519,11.78814,53.51056,10.55039,5.709545,6.085073
2025-12-30 15:00:00,-1.666379,17.26931,0.5911444,15.68555,0.5537845,0.5494291,0.5652688,845.8919,60.72844,15.17845,61.52842,15.16102,7.113074,9.662904,463.9427,56.29914,22.55419,49.53191,21.55839,22.20148,30.28959,-1.414336,16.58599,0.9657468,14.10622,0.9490867,0.9662052,0.9721648,229.39,62.79518,11.82415,53.49564,10.54685,5.730442,6.107831
2025-12-30 15:01:00,-1.562842,17.25898,0.5990313,15.65602,0.551087,0.5295038,0.5838379,845.777,60.78264,15.09972,61.87224,15.20031,7.346413,9.696818,463.6674,56.31547,22.62912,49.49977,21.73236,22.11441,30.29949,-1.573539,16.80212,0.9722528,14.08971,0.945383,0.9767029,0.9288643,229.5815,62.78558,11.8063,53.49603,10.61567,5.670577,6.164901
2025-12-30 15:02:00,-1.472823,17.28825,0.6163996,15.69569,0.5512288,0.5303655,0.6028563,846.9542,60.70072,15.13192,61.71018,15.19142,7.167426,9.708286,463.7276,56.30422,22.51432,49.53178,21.7492,21.84204,30.2106,-1.443056,16.75587,0.9379447,14.09649,0.9266608,0.9461997,0.9998274,229.0754,62.79877,11.90498,53.50983,10.54331,5.508818,6.113194
2025-12-30 15:03:00,-1.493158,17.26555,0.5916024,15.61305,0.5530707,0.530715,0.5829549,847.6088,60.64553,15.12043,61.71998,15.16657,7.071202,9.67715,462.3616,56.31236,22.69156,49.55088,21.80126,22.00731,30.22378,-1.441118,16.72872,0.941087,14.07267,0.9589742,0.961301,0.9545353,229.1029,62.78347,11.71051,53.51325,10.49734,5.597891,6.173797
2025-12-30 15:04:00,-1.561647,17.31983,0.6286266,15.67247,0.5687273,0.5388841,0.5593091,847.5552,60.46066,15.15545,61.66371,15.2456,7.207265,9.703447,462.575,56.31905,22.55153,49.53548,21.55563,22.01228,30.17996,-1.36804,16.8564,0.9495131,14.0736,0.9730592,0.9742903,0.9410325,228.7008,62.79153,11.70724,53.523,10.46444,5.628875,6.168261
2025-12-30 15:05:00,-1.554294,17.31684,0.6278495,15.6699,0.562677,0.5298505,0.5728448,848.7538,60.77175,15.12568,61.71637,15.15706,7.160447,9.749583,464.3012,56.30587,22.44852,49.5015,21.68019,21.79364,30.15838,-1.500779,16.84076,0.9551566,14.09592,0.9268066,0.9604072,0.9465923,229.0266,62.82629,11.80733,53.51922,10.58778,5.687027,6.204759
2025-12-30 15:06:00,-1.554515,17.32675,0.639877,15.64702,0.5610634,0.5311651,0.5804869,847.0118,60.38307,15.12503,61.28309,15.15696,7.185393,9.723735,463.8362,56.30592,22.58983,49.52294,21.70528,22.08203,30.1992,-1.445299,16.8071,0.9607862,14.05805,0.9603267,0.9687029,0.9498495,228.8926,62.82513,11.78131,53.51221,10.54372,5.784112,6.233259
2025-12-30 15:07:00,-1.545911,17.24574,0.5954553,15.66167,0.5486746,0.5309268,0.5947583,844.8496,60.70883,15.108,61.90306,15.1936,7.246242,9.759304,463.6476,56.28658,22.59264,49.51167,21.93941,21.84037,30.24218,-1.423841,16.91792,0.9451302,14.07473,0.9359313,0.937264,0.9565922,228.6414,62.80283,11.84174,53.51328,10.57496,5.523661,6.099577
2025-12-30 15:08:00,-1.532177,17.17934,0.5854175,15.62224,0.5660629,0.5223521,0.5775993,846.5929,60.60964,15.19336,61.80972,15.19086,7.158193,9.674885,462.9765,56.27686,22.41907,49.51113,21.44442,22.0623,30.21873,-1.375621,16.77088,0.9607899,14.0875,0.9713629,0.9670001,0.9331173,228.449,62.80964,11.84642,53.51117,10.55932,5.670395,6.262878
2025-12-30 15:09:00,-1.583032,17.37198,0.617816,15.64357,0.5776168,0.5350274,0.5397656,847.0135,60.75355,15.15069,61.93936,15.15063,7.192511,9.703565,463.7845,56.25726,22.76525,49.5159,21.61155,21.89199,30.12991,-1.41774,16.72584,0.9828765,14.15296,0.9142584,0.9819879,0.9591283,229.3224,62.79556,11.79073,53.49871,10.54109,5.65013,6.231417
2025-12-30 15:10:00,-1.661366,17.40018,0.5974111,15.63321,0.5502213,0.5170903,0.5672848,845.2296,60.68489,15.14563,61.69107,15.22429,7.233236,9.727806,463.3786,56.29788,22.68303,49.52968,21.80051,21.71725,30.10171,-1.552527,16.74474,0.9426591,14.0496,0.9620695,0.9744864,0.944118,229.332,62.78498,11.83098,53.52955,10.56968,5.676435,6.197118
2025-12-30 15:11:00,-1.611735,17.34063,0.613107,15.65157,0.5726498,0.5314583,0.5659393,845.8656,60.55401,15.15999,61.69525,15.23554,7.217993,9.735079,463.7365,56.28624,22.7088,49.50151,21.52003,21.89906,30.18628,-1.500405,16.85703,0.9391174,14.13987,0.9556202,0.9598591,0.9447178,229.5181,62.78294,11.78524,53.53381,10.55087,5.729207,6.163244
2025-12-30 15:12:00,-1.479086,17.08965,0.601485,15.63129,0.5521511,0.5310076,0.5761226,844.9873,61.05499,15.08084,61.48853,15.19727,7.19123,9.70503,463.0078,56.30226,22.6522,49.50829,21.80729,21.47906,30.11208,-1.379344,16.75606,0.9605249,14.10465,0.9434768,0.9621187,0.9697555,229.0332,62.77282,11.74558,53.52834,10.55921,5.686484,6.223974
2025-12-30 15:13:00,-1.473989,17.29579,0.6067518,15.58352,0.5889554,0.5310004,0.5942287,844.5724,60.83705,15.09154,61.69863,15.20419,7.196921,9.707033,462.1191,56.30126,22.73485,49.53052,21.8108,21.44873,30.13085,-1.554195,16.81211,0.975915,14.06964,0.9340896,0.9855505,0.9781056,229.1243,62.7845,11.76747,53.53817,10.52596,5.831012,6.219489
2025-12-30 15:14:00,-1.530163,17.29801,0.6285959,15.6434,0.5584713,0.5246347,0.5765189,844.1618,61.08825,15.09578,61.76666,15.17828,7.290371,9.667796,461.6734,56.29752,22.64041,49.52744,21.87206,21.62407,30.17292,-1.413388,16.80335,0.971363,14.06204,0.9476728,0.9679698,0.9684828,228.8892,62.8238,11.70156,53.52142,10.52957,5.543916,6.184837
2025-12-30 15:15:00,-1.488784,17.30619,0.6133732,15.64076,0.5592856,0.5310835,0.6142619,844.6136,61.00144,15.13137,61.47192,15.19622,7.200279,9.728081,461.6619,56.31211,22.78171,49.50798,21.99677,21.92829,30.1878,-1.413835,16.70905,0.9558679,14.16813,0.9511064,0.9567849,0.9819072,228.7146,62.80848,11.7068,53.53777,10.53186,5.623377,6.111657
2025-12-30 15:16:00,-1.497421,17.33706,0.6320006,15.69337,0.5470161,0.5309597,0.581701,843.9372,61.13627,15.106,61.7845,15.13631,7.085698,9.697722,462.3928,56.29826,22.7943,49.52483,21.89591,22.009,30.18231,-1.357291,16.85727,0.9466664,14.02897,0.94236,0.9711122,0.9681501,228.5806,62.81087,11.7669,53.52458,10.49689,5.884125,6.147476
2025-12-30 15:17:00,-1.65369,17.31246,0.6268727,15.70043,0.5720397,0.5307267,0.5655842,844.7122,60.79258,15.20992,61.48385,15.19106,7.171042,9.737375,463.5636,56.32105,22.49086,49.52664,21.64918,21.96503,30.18886,-1.433133,16.75686,0.9717206,14.10155,0.9488158,0.976032,0.9447458,228.827,62.81623,11.83191,53.52985,10.5701,5.700118,6.129588
2025-12-30 15:18:00,-1.661584,17.23556,0.604503,15.65189,0.5589303,0.5310394,0.572835,845.4077,60.96383,15.11308,61.77732,15.25759,7.220995,9.721067,463.0449,56.30841,22.67242,49.5152,21.64634,21.92648,30.1705,-1.379786,16.75091,0.9606786,14.12697,0.9441114,0.980292,0.9455361,228.829,62.81841,11.70769,53.51982,10.49609,5.665975,6.189361
2025-12-30 15:19:00,-1.652427,17.33942,0.6157446,15.70978,0.5717244,0.531014,0.5711414,843.6666,60.72361,15.16356,61.30081,15.1718,7.19787,9.688202,462.8264,56.30255,22.59711,49.5052,21.41843,21.81578,30.1295,-1.354853,16.80889,0.9653893,14.10647,0.9381443,0.9637495,0.9504782,228.7217,62.84745,11.79356,53.51473,10.51135,5.678129,6.188462
2025-12-30 15:20:00,-1.551928,17.27742,0.622612,15.6725,0.5466151,0.5354519,0.5728757,843.1913,60.87202,15.12161,61.82121,15.18024,7.191753,9.691798,460.944,56.3241,22.49706,49.53088,21.36403,21.66488,30.06483,-1.411335,16.83862,0.9934335,14.10016,0.9284624,0.9765177,0.9480597,227.9861,62.85589,11.65731,53.52267,10.56524,5.709893,6.103767
2025-12-30 15:21:00,-1.568246,17.23474,0.5914559,15.65096,0.5748253,0.5533034,0.5526693,844.1783,60.81126,15.13928,61.86142,15.16987,7.221455,9.706661,461.2219,56.3161,22.65278,49.51121,21.84855,21.46514,30.06248,-1.412253,16.87898,0.988754,14.09194,0.9517254,0.9511986,0.9618471,228.1424,62.83395,11.81007,53.51213,10.52235,5.684118,6.10181
2025-12-30 15:22:00,-1.507458,17.26891,0.5987129,15.62941,0.6045806,0.5510361,0.5584189,843.8874,60.96953,15.31209,61.64063,15.23461,7.211245,9.693247,461.1915,56.31376,22.58014,49.52905,21.80127,21.66548,30.06249,-1.568748,16.88736,0.9864308,14.03618,0.9740382,0.9907604,0.9635195,228.5294,62.8083,11.70797,53.51837,10.43179,5.608346,6.225724
2025-12-30 15:23:00,-1.486392,17.20923,0.6146677,15.67274,0.5665969,0.5261846,0.5708636,843.4556,61.05706,15.11993,61.44913,15.26451,7.249466,9.75952,461.0984,56.32449,22.48227,49.52604,21.38667,21.75059,30.08022,-1.364322,16.86913,0.9778396,14.06142,0.9625466,1.000663,0.962377,228.1279,62.81523,11.78817,53.51913,10.60187,5.703267,6.173251
2025-12-30 15:24:00,-1.472981,17.27162,0.5926021,15.66606,0.5674385,0.5279793,0.558085,843.5403,60.99113,15.10194,61.57209,15.12203,7.026107,9.719357,461.9431,56.31382,22.73665,49.5206,21.73563,21.72229,30.01257,-1.361835,16.76447,0.9612038,14.1019,0.9746372,0.9623434,0.9292911,227.8992,62.8288,11.96729,53.51377,10.61564,5.779797,6.106606
2025-12-30 15:25:00,-1.523129,17.33339,0.6061093,15.67976,0.5572851,0.5453286,0.581154,841.8331,60.8394,15.16349,61.46595,15.23155,7.185182,9.690137,461.5186,56.31811,22.69605,49.50562,21.64651,21.46579,30.02236,-1.425292,16.70193,0.9665413,14.09216,0.9483733,0.9545636,0.9848701,227.6471,62.83784,11.952,53.53805,10.53317,5.686262,6.247103
2025-12-30 15:26:00,-1.640093,17.36213,0.6218989,15.63776,0.5684303,0.5401208,0.5814712,841.3804,60.57739,15.14803,61.69641,15.22977,7.139715,9.738506,460.4441,56.36058,22.59068,49.45861,21.70921,21.51408,30.11864,-1.378702,16.74879,0.9691388,14.14272,0.9531396,0.9691019,0.9362153,227.8263,62.84049,11.7575,53.52424,10.45593,5.637393,6.193923
2025-12-30 15:27:00,-1.551369,17.28263,0.6008078,15.63671,0.5454246,0.5288866,0.5623245,844.5571,60.65062,15.1224,61.44864,15.2854,7.205238,9.705841,461.1479,56.32401,22.76514,49.4924,21.72421,21.93243,30.13989,-1.402914,16.73685,0.9814014,14.09404,0.9703672,0.9865302,0.9674423,227.9731,62.82077,11.78586,53.53122,10.45936,5.808365,6.203616
2025-12-30 15:28:00,-1.401242,17.38921,0.5923077,15.70645,0.589119,0.5503992,0.5667455,842.1477,60.66269,15.12363,61.88654,15.19544,7.175781,9.727921,461.6661,56.36158,22.58793,49.42989,21.49579,22.12893,30.02423,-1.395457,16.71972,0.9788162,14.10647,0.9624043,0.9619853,0.978218,227.8712,62.82222,11.70868,53.53712,10.60108,5.680336,6.152802
2025-12-30 15:29:00,-1.500516,17.24769,0.6039868,15.64815,0.5835187,0.5215858,0.5838416,842.1659,60.34924,15.13161,61.73295,15.2121,7.220212,9.74972,461.3828,56.3378,22.63482,49.50309,21.59536,21.40544,29.99869,-1.408467,16.74342,0.9769469,14.07008,0.9642079,0.9731873,0.9388844,227.9667,62.84005,11.74929,53.57102,10.47339,5.711062,6.107733
2025-12-30 15:30:00,-1.477801,17.30948,0.616824,15.62767,0.5586593,0.5414302,0.5721496,842.4925,61.11356,15.13748,61.90428,15.24492,7.178326,9.713971,461.6034,56.36402,22.65564,49.51977,21.8434,21.37797,30.03354,-1.355731,16.78102,0.954266,14.08113,0.9630446,0.9740432,0.967445,228.9884,62.8431,11.80569,53.56315,10.46267,5.813816,6.168375
2025-12-30 15:31:00,-1.565552,17.27692,0.6137644,15.65826,0.5485642,0.5196072,0.5637779,841.9402,60.78873,15.29428,61.39252,15.17849,7.228934,9.685914,460.2448,56.34852,22.8147,49.50272,21.60833,21.91092,30.0911,-1.364136,16.75552,0.9729072,14.11298,0.9754016,0.9805948,0.9681051,228.2458,62.86547,11.78223,53.57451,10.52057,5.676142,6.231151
2025-12-30 15:32:00,-1.466263,17.26525,0.6227371,15.65626,0.542388,0.5310174,0.5558403,841.4406,61.00627,15.18187,61.68855,15.16134,7.226806,9.710747,459.6007,56.36603,22.50356,49.52708,21.38681,21.8948,29.99624,-1.404476,16.83825,0.9504898,14.1713,0.9701794,0.9673749,0.994839,227.5856,62.84797,11.6302,53.56432,10.46328,5.690798,6.19422
2025-12-30 15:33:00,-1.542317,17.34917,0.6146019,15.71959,0.5804446,0.5216281,0.5484343,842.0417,60.33347,15.16739,61.72471,15.15012,7.170104,9.695455,459.778,56.36597,22.70795,49.51577,21.96531,21.32834,30.0118,-1.464731,16.75406,0.969436,14.0259,0.9517183,0.9973713,0.9669045,227.6857,62.87493,11.76089,53.58886,10.5061,5.716877,6.209174
2025-12-30 15:34:00,-1.586774,17.42242,0.5973837,15.66466,0.5605383,0.5480626,0.582868,842.4076,61.01045,15.1821,61.83408,15.24938,7.105405,9.718283,460.4739,56.38425,22.7186,49.53612,21.85713,21.72851,29.92506,-1.220844,17.0011,0.9701714,14.07171,0.9659604,0.9582566,0.9508672,228.0268,62.88559,11.75982,53.61322,10.56814,5.771127,6.285106
2025-12-30 15:35:00,-1.466435,17.11456,0.6037067,15.66431,0.5432391,0.5305198,0.5388971,843.8593,60.6684,15.07574,61.68284,15.19705,7.172994,9.69476,461.6512,56.37495,22.41484,49.5085,21.68084,21.99111,30.01958,-1.585999,16.93761,0.9529408,14.0693,0.9552903,0.9528084,0.9734998,227.4966,62.8663,11.75968,53.5765,10.49914,5.680361,6.216535
2025-12-30 15:36:00,-1.551319,17.26831,0.5839381,15.62927,0.5785389,0.5302693,0.5675516,842.5358,60.53564,15.19829,61.69116,15.28855,7.206024,9.686687,462.2627,56.384,22.55953,49.51489,21.39526,21.95513,30.03092,-1.421193,16.65588,0.9760484,14.02808,0.9521068,0.9845932,0.9762217,227.8801,62.85466,11.60457,53.57698,10.43888,5.632941,6.115422
2025-12-30 15:37:00,-1.496121,17.18262,0.6239135,15.70987,0.5782669,0.533181,0.5796183,840.8008,60.5792,15.16654,61.37329,15.22597,7.19321,9.697394,461.4351,56.37283,22.62554,49.39031,21.30689,21.20985,29.9155,-1.433567,16.79963,0.9732102,14.21521,0.925681,0.9664171,0.9663935,227.7309,62.87764,11.75487,53.55303,10.41292,5.700484,6.111031
2025-12-30 15:38:00,-1.496975,17.30934,0.5969546,15.61092,0.5653521,0.5220675,0.5791771,842.1788,60.35087,15.08282,61.43897,15.11837,7.242257,9.701992,461.2268,56.37067,22.57873,49.41403,21.76569,21.30596,29.95373,-1.358436,16.79195,0.9656277,14.07283,0.9370206,0.9742981,0.9690242,228.1652,62.86778,11.88786,53.55519,10.56474,5.562345,6.213565
2025-12-30 15:39:00,-1.602348,17.31146,0.6285019,15.74465,0.5790288,0.5246357,0.5761484,843.4428,60.86015,15.23745,61.56616,15.25549,7.228983,9.712718,459.7791,56.38763,22.58302,49.53551,21.71563,21.9729,29.92982,-1.480278,16.83002,0.964228,14.08544,0.9525212,0.9947364,0.9610874,227.8244,62.89975,11.60404,53.57821,10.46357,5.71206,6.221353
2025-12-30 15:40:00,-1.528827,17.31875,0.5998954,15.64665,0.5654186,0.5525907,0.5763184,842.6936,60.805,15.11994,61.60908,15.1721,7.115823,9.710582,460.0844,56.37202,22.51296,49.52942,21.27844,21.58852,29.85638,-1.506173,16.77542,0.9873728,14.07778,0.9477464,1.013438,0.9862987,227.8805,62.86826,11.77388,53.58704,10.54531,5.792757,6.242193
2025-12-30 15:41:00,-1.528123,17.35137,0.5997775,15.60114,0.574511,0.5327753,0.5595374,841.9973,60.53735,15.20838,61.65938,15.32512,7.15592,9.675735,460.4032,56.38726,22.58216,49.509,21.48193,21.49048,29.96252,-1.503997,16.76737,0.9801412,14.10997,0.9407449,0.9952018,0.9757172,228.0154,62.86889,11.74288,53.58551,10.5197,5.808467,6.183432
2025-12-30 15:42:00,-1.546178,17.29198,0.627571,15.61578,0.5737392,0.5261427,0.5769276,842.1652,60.87029,15.21112,61.74687,15.15692,7.068606,9.658662,461.5971,56.39448,22.81733,49.52367,21.69623,21.71947,29.86324,-1.363591,16.78123,1.001518,14.07322,0.9620835,0.9782295,0.9558308,228.4982,62.88231,11.79391,53.57251,10.54979,5.859043,6.23854
2025-12-30 15:43:00,-1.442549,17.43402,0.5892853,15.70869,0.5485704,0.5391079,0.5701291,840.2992,61.23126,15.27064,61.90717,15.17915,7.09232,9.6879,461.3258,56.39924,22.69033,49.52858,21.58432,21.60085,29.83906,-1.365069,16.77501,0.9737426,14.09336,0.9447387,0.9818785,0.9777324,228.4256,62.89491,11.63886,53.56668,10.4353,5.679244,6.154185
2025-12-30 15:44:00,-1.5208,17.2341,0.6073238,15.70878,0.5707958,0.5077535,0.5925471,840.1789,60.82469,15.24034,61.53687,15.21288,7.200355,9.694611,461.043,56.38789,22.65075,49.52206,21.32362,21.38142,29.80712,-1.415572,16.88092,0.9894695,14.04406,0.9508303,0.9963008,0.9575428,228.1526,62.88083,11.82603,53.59867,10.45154,5.786051,6.259442
2025-12-30 15:45:00,-1.536074,17.31918,0.5910454,15.6435,0.5611333,0.5447983,0.5587698,840.1172,60.5616,15.11358,61.72415,15.20226,7.270638,9.683756,459.8539,56.40778,22.67045,49.52868,21.23545,21.28098,29.80434,-1.433236,16.83109,0.9701946,14.10322,0.9411292,0.9740685,0.9460576,227.6783,62.8837,11.66363,53.60306,10.49607,5.797378,6.10692
2025-12-30 15:46:00,-1.537945,17.25392,0.6016147,15.61912,0.5614152,0.5349602,0.5711957,841.5174,60.59974,15.23164,61.70436,15.17493,7.233793,9.674681,459.5653,56.41542,22.5249,49.52538,21.64408,21.36736,29.77449,-1.513813,16.69374,0.9844577,14.14404,0.970887,0.9934155,0.9431075,227.8654,62.88207,11.68577,53.59899,10.54097,5.709693,6.140401
2025-12-30 15:47:00,-1.546391,17.28822,0.6117998,15.62195,0.5587838,0.5272642,0.5784581,840.0068,61.11142,15.21512,61.86215,15.28902,7.14676,9.685862,459.4224,56.3956,22.55707,49.50561,21.48042,21.68583,29.75127,-1.441463,16.74195,0.9751406,14.13576,0.9508823,0.9677998,0.9557774,227.8154,62.89469,11.68036,53.58421,10.43187,5.76133,6.163572
2025-12-30 15:48:00,-1.47284,17.18042,0.6032766,15.64028,0.5615441,0.5344848,0.582615,841.1157,61.09517,15.18202,61.62265,15.20223,7.23125,9.692085,460.8383,56.43073,22.42665,49.50354,21.49685,21.16364,29.77352,-1.411144,16.71936,1.010109,14.06848,0.9520815,1.007432,0.9752876,228.207,62.9085,11.65516,53.61168,10.44282,5.723043,6.228587
2025-12-30 15:49:00,-1.486093,17.35404,0.5905328,15.5851,0.5556045,0.5333705,0.5954621,842.9167,60.84558,15.15709,61.37173,15.15141,7.265801,9.696046,462.6166,56.40738,22.52374,49.52261,21.56732,21.41171,29.78563,-1.34729,16.85529,0.9741727,14.04668,0.9233458,0.9836215,0.9623045,228.0358,62.93306,11.81098,53.60689,10.53015,5.824039,6.274672
2025-12-30 15:50:00,-1.49127,17.29572,0.5990196,15.66415,0.5530686,0.5061626,0.587025,841.7593,60.67339,15.24937,61.80536,15.21245,7.166888,9.625354,462.1779,56.41896,22.60272,49.62075,21.54933,21.57694,29.68989,-1.439026,16.66312,0.9725666,14.08319,0.9952642,0.9852921,0.9844745,228.1278,62.92596,11.73698,53.61724,10.4657,5.675313,6.143284
2025-12-30 15:51:00,-1.549492,17.2991,0.6105399,15.6183,0.5736787,0.5225435,0.5845397,842.0978,60.68612,15.28082,61.47492,15.21635,7.186584,9.629929,461.2641,56.41801,22.49083,49.57635,21.41596,21.28166,29.67649,-1.408481,16.71933,0.9589929,14.10092,0.9410945,0.9944933,0.9482108,228.4112,62.90934,11.7767,53.60315,10.54605,5.711522,6.237926
2025-12-30 15:52:00,-1.579188,17.25734,0.6192194,15.66509,0.5535375,0.5422897,0.5784643,842.2227,60.78311,15.22919,61.94486,15.20888,7.117043,9.675777,460.7269,56.39471,22.60751,49.57248,21.49124,20.98428,29.6528,-1.525415,16.81733,0.9694452,14.14015,0.9580901,0.9775967,0.9532908,228.1474,62.92128,11.7195,53.61943,10.48624,5.790549,6.160958
2025-12-30 15:53:00,-1.571765,17.29778,0.6290127,15.62291,0.5796487,0.5310134,0.5840034,843.071,60.73448,15.23512,61.82108,15.22219,7.130602,9.695123,459.3387,56.41462,22.53304,49.56594,21.6074,21.15594,29.70108,-1.377015,16.83307,0.9840252,14.10654,0.9616551,1.008234,0.9527301,227.5209,62.92342,11.75311,53.62926,10.53913,5.698792,6.145689
2025-12-30 15:54:00,-1.523954,17.30646,0.6098039,15.68356,0.5648856,0.52996,0.5649766,844.715,60.66111,15.1921,62.03883,15.19356,7.148118,9.689732,459.4059,56.42257,22.70339,49.62485,21.30816,21.56857,29.63865,-1.403397,16.73526,0.9629915,14.12803,0.9707636,1.000317,0.9481556,228.1929,62.91369,11.78355,53.6314,10.46737,5.802049,6.152044
2025-12-30 15:55:00,-1.581791,17.21496,0.6133713,15.65508,0.5527357,0.5310267,0.589007,842.3549,60.92339,15.15745,61.69624,15.31618,7.17287,9.652321,459.8552,56.38825,22.43028,49.57363,21.24682,21.26126,29.568,-1.404309,16.7216,0.9994154,14.10319,0.944482,0.9809879,0.9708261,228.1258,62.93435,11.82158,53.63169,10.45342,5.790595,6.201871
2025-12-30 15:56:00,-1.524709,17.2444,0.6534243,15.6424,0.5784696,0.5318401,0.5704557,842.9601,61.14014,15.23483,61.49836,15.25355,7.098236,9.70177,461.3371,56.41277,22.52437,49.58103,21.67894,20.91459,29.50987,-1.47774,16.72686,0.9923069,14.06232,0.9624224,0.984635,0.9608959,228.0513,62.92209,11.72758,53.6195,10.49706,5.72905,6.176105
2025-12-30 15:57:00,-1.554269,17.30121,0.628662,15.70498,0.5798869,0.5201293,0.5744818,843.1888,60.86723,15.16812,61.89286,15.27225,7.16069,9.686029,461.9147,56.43429,22.55346,49.62279,21.69725,21.10251,29.59759,-1.399844,16.86687,0.9691524,14.03813,0.9494107,0.9981844,0.9587499,228.2163,62.95082,11.68033,53.6312,10.44537,5.662835,6.106125
2025-12-30 15:58:00,-1.606652,17.34693,0.5965101,15.63037,0.5810484,0.5191414,0.5881172,843.416,60.84707,15.21727,61.66222,15.14435,7.281732,9.677338,460.4653,56.43233,22.42185,49.61915,21.40782,21.29925,29.59137,-1.393858,16.83083,0.9862654,14.05794,0.9345456,0.9736719,0.9513254,228.6004,62.92421,11.70546,53.62875,10.4149,5.856552,6.167289
2025-12-30 15:59:00,-1.50208,17.23115,0.6098212,15.57482,0.5959898,0.5365617,0.5694489,843.8575,60.84842,15.24507,61.66574,15.18847,7.202473,9.613102,459.7983,56.43801,22.47776,49.6221,21.38313,20.863,29.63206,-1.361339,16.80226,0.9574637,14.06405,0.9498007,1.016132,0.9595861,228.1482,62.95642,11.69208,53.63397,10.4227,5.605253,6.130804
2025-12-30 16:00:00,-1.506971,17.28922,0.6055326,15.74301,0.5737758,0.5310081,0.5724964,844.3051,60.81873,15.17928,61.45578,15.2367,7.155083,9.682926,459.8883,56.43694,22.51126,49.61463,21.54264,21.41417,29.61381,-1.353415,16.7684,0.9798925,14.05852,0.9381757,0.9814708,0.9479173,228.1458,62.96206,11.6823,53.627,10.42599,5.7188,6.169133
2025-12-30 16:01:00,-1.554676,17.2189,0.5911739,15.68189,0.5801044,0.5330815,0.5906727,844.8531,60.89529,15.24572,61.8358,15.26385,7.175315,9.645343,460.711,56.43486,22.39583,49.61347,21.25476,21.48082,29.45672,-1.547162,16.63295,0.9914303,14.14913,0.9325849,1.013463,0.9527458,227.8791,62.9833,11.75757,53.63551,10.46388,5.798317,6.115295
2025-12-30 16:02:00,-1.681415,17.24244,0.6165684,15.59204,0.5796558,0.5230103,0.5662688,846.2225,60.64452,15.26077,61.44714,15.1505,7.049845,9.659938,463.0189,56.4327,22.41989,49.62118,21.46045,20.92209,29.53775,-1.388646,16.8747,0.9625021,14.09608,0.9761624,0.9658235,0.9519361,228.2898,62.97728,11.6547,53.65777,10.43607,5.796215,6.228161
2025-12-30 16:03:00,-1.480678,17.40025,0.5996522,15.70611,0.5511474,0.5087311,0.5842401,844.8835,60.66608,15.1498,61.75494,15.14678,7.107257,9.686289,463.2673,56.42744,22.66783,49.62115,21.56255,20.97795,29.52232,-1.386362,16.82936,0.9768202,14.0519,0.938489,0.9878548,0.9280305,228.6168,62.96823,11.76798,53.6564,10.52457,5.68598,6.142201
2025-12-30 16:04:00,-1.479301,17.24289,0.6217908,15.59256,0.5737227,0.5303292,0.566083,844.8666,60.46611,15.16512,61.73418,15.22138,7.198709,9.679908,461.3894,56.44191,22.56492,49.60581,21.72481,20.93344,29.57363,-1.37886,16.71856,0.9439902,14.05812,0.9630758,0.9999045,0.9466875,228.4613,62.97247,11.80029,53.64491,10.44639,5.896894,6.309662
2025-12-30 16:05:00,-1.570773,17.26009,0.629523,15.61366,0.558773,0.5303767,0.5752459,844.3994,60.79815,15.29103,61.58273,15.18559,7.185402,9.663312,461.2752,56.44115,22.6267,49.61644,21.75599,21.19418,29.57151,-1.522469,16.7186,0.958172,14.09584,0.936891,0.9751754,0.9469935,228.2586,62.98466,11.67282,53.68013,10.43246,5.702721,6.179585
2025-12-30 16:06:00,-1.503089,17.25712,0.5999944,15.65891,0.5746118,0.5331236,0.5865874,843.5394,60.76152,15.19476,61.92367,15.16845,7.24669,9.72842,460.2067,56.44418,22.60172,49.62521,21.74646,21.12606,29.50771,-1.419643,16.79495,0.9540001,14.06589,0.9495667,0.9733602,0.9689549,228.0628,62.97443,11.67761,53.66046,10.47487,5.799077,6.062022
2025-12-30 16:07:00,-1.541143,17.2823,0.6217534,15.63968,0.5654486,0.5116385,0.599282,843.7137,61.15932,15.15822,61.69106,15.13055,7.202893,9.676509,460.7561,56.43471,22.52328,49.62014,21.30973,21.11371,29.52082,-1.39309,16.72817,0.9550499,14.14366,0.9545037,0.9831087,0.9800842,228.4661,62.96561,11.69597,53.66904,10.53285,5.744315,6.288488
2025-12-30 16:08:00,-1.53478,17.40165,0.6091023,15.5848,0.5793775,0.5310495,0.5904865,844.4152,60.77971,15.14802,61.65591,15.13555,7.223386,9.699756,461.8466,56.45285,22.53726,49.64101,21.38494,21.25426,29.5245,-1.455993,16.85523,0.9948952,14.09267,0.9558547,1.02042,0.9684222,228.4553,62.96698,11.79471,53.67145,10.45815,5.760389,6.175477
2025-12-30 16:09:00,-1.686317,17.31206,0.6090128,15.61946,0.6024256,0.5491822,0.5549461,841.7886,60.62718,15.15415,61.74081,15.20332,7.219137,9.675097,462.0305,56.46239,22.51521,49.68991,21.70426,21.30683,29.47643,-1.366083,16.83088,0.9676062,14.06363,0.9588705,0.9950231,0.9675574,227.9171,63.02264,11.6086,53.69798,10.42935,5.589534,6.135215
2025-12-30 16:10:00,-1.511597,17.2185,0.6109366,15.76795,0.5788549,0.5394883,0.5567696,842.033,61.00296,15.21624,61.78911,15.22203,7.125918,9.646452,461.6743,56.45992,22.74095,49.70213,21.69766,21.06212,29.43872,-1.47283,16.81704,0.9641769,14.06926,0.9514841,0.9753653,0.9617134,228.1234,62.99969,11.66254,53.71014,10.40386,5.811687,6.217712
2025-12-30 16:11:00,-1.549399,17.26325,0.6244146,15.54391,0.6030874,0.5000378,0.5648857,842.1393,60.99685,15.22082,61.78021,15.14856,7.235407,9.667413,460.1003,56.4664,22.81731,49.70185,21.51002,21.00098,29.40714,-1.409118,16.70652,0.9763306,14.1091,0.9435081,0.9748226,0.9535,227.8856,62.98705,11.73507,53.70655,10.46181,5.856451,6.219475
2025-12-30 16:12:00,-1.356214,17.23627,0.6240678,15.75018,0.5748133,0.5296755,0.5452477,842.6783,60.64008,15.21377,61.83867,15.21808,7.18526,9.681579,459.5793,56.47005,22.66604,49.69953,21.70535,21.1826,29.40895,-1.580157,16.60968,0.9875199,14.07476,0.962635,0.9370523,0.9467682,228.185,62.99915,11.63086,53.70007,10.3623,5.591751,6.07327
2025-12-30 16:13:00,-1.402769,17.13068,0.6106398,15.64605,0.5820286,0.531034,0.572051,841.0136,60.4921,15.23168,61.79902,15.24817,7.072728,9.657167,458.9462,56.46827,22.37553,49.7095,21.26583,21.29568,29.39868,-1.404848,16.78124,0.9667826,14.07709,0.9858724,0.9867557,0.9639928,227.7008,62.97861,11.71513,53.68689,10.39796,5.706601,6.253613
2025-12-30 16:14:00,-1.548876,17.18731,0.5943562,15.72009,0.5752287,0.5333125,0.5441624,842.1503,60.83916,15.17802,61.74992,15.14727,7.076548,9.646977,460.5507,56.48429,22.48064,49.7202,21.40591,21.23566,29.36807,-1.368279,16.73921,0.9495035,14.11791,0.9584596,0.9675521,0.9672379,227.9811,63.00113,11.55387,53.71158,10.41096,5.778126,6.050661
2025-12-30 16:15:00,-1.528547,17.1552,0.5940257,15.60938,0.5412024,0.5310293,0.545414,842.0649,60.81626,15.2646,61.62114,15.13747,7.168354,9.727901,462.108,56.49325,22.3801,49.73049,21.22234,20.65857,29.34101,-1.377012,16.6954,0.9999563,14.17058,0.9397846,1.005539,0.9412441,228.1977,63.00108,11.64226,53.71153,10.40082,5.881046,6.280293
2025-12-30 16:16:00,-1.582101,17.45369,0.6383002,15.62214,0.5775834,0.5309555,0.5808334,841.3567,61.02193,15.22228,61.37272,15.28679,7.245117,9.679782,462.1881,56.47655,22.43152,49.71235,21.40486,20.80013,29.31142,-1.462093,16.80029,0.9859801,14.12586,0.9608406,1.010614,0.9474428,228.3247,63.01297,11.75077,53.70017,10.45416,5.691944,6.26482
2025-12-30 16:17:00,-1.532987,17.31068,0.6278543,15.61649,0.5775236,0.5014135,0.5571944,844.0697,60.73184,15.16745,61.85183,15.08473,7.1589,9.686006,461.8268,56.51005,22.65532,49.72164,21.41468,21.26231,29.36498,-1.480358,16.73417,0.9998811,14.022,0.9355981,0.9708112,0.9767206,228.5885,63.0233,11.73109,53.70693,10.45267,5.684578,6.215811
2025-12-30 16:18:00,-1.564377,17.27151,0.624095,15.6943,0.5796262,0.5333893,0.5562692,844.6062,61.38127,15.28174,61.72939,15.09068,7.19659,9.688913,460.3736,56.49612,22.42178,49.72157,21.23826,21.44277,29.26213,-1.373722,16.82489,0.9655439,14.10679,0.9572105,0.9419096,0.96845,228.4153,63.03018,11.70069,53.72159,10.39481,5.755782,6.200184
2025-12-30 16:19:00,-1.57396,17.27856,0.5974967,15.70175,0.5692046,0.5103089,0.568914,844.4182,60.62586,15.19126,61.71807,15.23615,7.284193,9.65278,460.04,56.51593,22.31344,49.72044,21.53092,20.67356,29.2547,-1.329819,16.82959,0.9986349,14.06644,0.934918,0.9707917,0.9317189,228.3293,63.01501,11.66728,53.70862,10.47755,5.780577,6.253177
2025-12-30 16:20:00,-1.522667,17.30057,0.6224259,15.58216,0.5363373,0.5450383,0.5678198,842.973,60.6917,15.17476,61.56285,15.22445,7.15982,9.673205,459.63,56.50642,22.36508,49.72357,21.53025,20.96786,29.23262,-1.354191,16.76587,0.9640778,14.12809,0.9490464,0.98781,0.9202369,228.1572,63.01068,11.82715,53.72113,10.49053,5.657473,6.107226
2025-12-30 16:21:00,-1.519772,17.28424,0.6192878,15.62599,0.5696762,0.5393902,0.5650784,845.3126,60.89012,15.2105,61.80084,15.15551,7.161382,9.666082,462.2998,56.48706,22.48943,49.71497,21.18053,21.03596,29.19682,-1.436394,16.77589,0.9760534,14.10599,0.9837409,0.9444042,0.9659352,228.5107,63.01387,11.7096,53.71368,10.4479,5.718836,6.204237
2025-12-30 16:22:00,-1.557453,17.20592,0.6071437,15.62584,0.5424513,0.5367289,0.5773223,846.1409,60.53086,15.24155,61.9168,15.31693,7.073889,9.645555,462.6532,56.50642,22.3903,49.70535,21.12221,21.04604,29.23309,-1.250165,16.74941,0.9586753,14.11554,0.9311878,0.980686,0.9776133,228.8372,63.02785,11.67364,53.71184,10.40739,5.817135,6.120839
2025-12-30 16:23:00,-1.491724,17.24123,0.5862421,15.61797,0.5790294,0.5212764,0.567766,845.1281,60.74113,15.3422,61.78441,15.25136,7.181932,9.691401,461.7846,56.51648,22.4478,49.70496,21.73128,20.67262,29.22969,-1.369654,16.82134,0.9896846,14.07972,0.9375349,0.9812948,0.9498883,228.4843,63.00855,11.67613,53.71363,10.52688,5.746434,6.154834
2025-12-30 16:24:00,-1.547854,17.19564,0.6053457,15.66735,0.5802833,0.5197889,0.5823331,845.2352,61.18506,15.16508,61.96021,15.1967,7.242055,9.640015,460.6856,56.51124,22.52009,49.71527,21.476,20.81262,29.3319,-1.356923,16.78837,0.9840305,14.1105,0.9598165,0.9898136,0.9778736,228.8641,63.0274,11.73251,53.7282,10.43702,5.77406,6.133435
2025-12-30 16:25:00,-1.517733,17.37075,0.6026238,15.63379,0.5644532,0.5529097,0.5802477,845.9929,60.72186,15.26117,61.7414,15.18242,7.204734,9.675626,461.0516,56.51477,22.39374,49.7354,21.30472,21.26183,29.37016,-1.547204,16.68664,0.9751784,14.07783,0.9585457,0.9869578,0.9697453,228.3509,63.03314,11.67544,53.74359,10.46925,5.718219,6.181731
2025-12-30 16:26:00,-1.562454,17.2636,0.6090248,15.62481,0.5717005,0.534175,0.5577085,844.9071,60.77517,15.23205,61.9936,15.21705,7.263272,9.722182,460.4782,56.48232,22.71486,49.71275,21.4068,21.31425,29.29827,-1.429229,16.79707,0.9626523,14.09702,0.9329078,0.9913218,0.9645575,228.2776,63.03263,11.72025,53.75544,10.5114,5.724519,6.184829
2025-12-30 16:27:00,-1.583926,17.40208,0.6211288,15.7061,0.5715403,0.5337915,0.562427,845.4011,61.06327,15.25241,61.92214,15.1955,7.186584,9.647555,461.427,56.48033,22.62006,49.72344,21.41119,20.80243,29.27841,-1.434078,16.81327,0.9840724,14.01463,0.9437,0.9921882,0.9696627,228.6125,63.04332,11.66599,53.74456,10.44062,5.688679,6.112834
2025-12-30 16:28:00,-1.438909,17.42123,0.6094374,15.61179,0.5602006,0.5274537,0.5561263,845.379,60.84925,15.24567,61.66089,15.2867,7.182439,9.672343,463.2733,56.5145,22.50696,49.73012,21.56645,20.672,29.34681,-1.370127,16.75525,0.9819507,14.10717,0.9779153,0.9814295,0.9627232,228.9383,63.06094,11.75553,53.72588,10.44575,5.623982,6.124214
2025-12-30 16:29:00,-1.572926,17.27378,0.6215592,15.72801,0.5750856,0.5237811,0.6075571,845.4971,60.97954,15.22592,61.70551,15.1805,7.123464,9.684378,463.3421,56.50273,22.41505,49.71224,21.41411,21.12295,29.38431,-1.578465,16.78102,1.005342,14.10978,0.9673967,0.9799218,0.9788841,229.0679,63.05872,11.67613,53.75136,10.47147,5.726118,6.138389
2025-12-30 16:30:00,-1.489481,17.26235,0.6101511,15.6748,0.5699743,0.5184228,0.5879045,845.5751,61.07558,15.13628,61.93467,15.17061,7.145238,9.652591,461.6779,56.51011,22.45688,49.71053,21.40524,21.30519,29.3652,-1.449249,16.67535,0.9772668,14.11999,0.9424949,0.967458,0.9703523,228.8854,63.05632,11.63469,53.75484,10.44527,5.757731,6.151051
2025-12-30 16:31:00,-1.521607,17.3633,0.5952581,15.59546,0.5404143,0.5173582,0.5874605,846.728,60.59299,15.27442,62.01082,15.23204,7.148461,9.6633,460.7018,56.48563,22.43713,49.62403,21.38886,20.97857,29.33442,-1.35821,16.81142,0.9869999,14.16811,0.9466807,0.9729095,0.9426319,228.5542,63.05911,11.71997,53.74441,10.50342,5.646742,6.113134
2025-12-30 16:32:00,-1.65893,17.3255,0.5862392,15.67476,0.5491179,0.5311078,0.5583568,844.7327,60.76828,15.21514,61.93798,15.2041,7.240742,9.647156,460.4304,56.50423,22.49908,49.62201,21.32358,21.09895,29.37047,-1.292719,16.86911,0.9796252,14.04551,0.9815962,0.9495098,0.9807009,228.5532,63.05167,11.60457,53.74955,10.42338,5.657707,6.096143
2025-12-30 16:33:00,-1.485648,17.22317,0.6113666,15.70815,0.5757245,0.5480748,0.5723392,845.1094,60.82784,15.29948,61.9808,15.18337,7.171945,9.674936,461.6655,56.48326,22.43551,49.61232,21.48944,20.73263,29.48727,-1.448174,16.77601,1.017903,14.12942,0.9784635,1.003215,0.9472594,228.6477,63.08066,11.74579,53.75283,10.49158,5.765226,6.240455
2025-12-30 16:34:00,-1.554475,17.39246,0.6077303,15.71599,0.5671296,0.5332729,0.5795004,846.2482,61.03333,15.2735,61.86089,15.14696,7.132492,9.660186,463.0081,56.50289,22.63855,49.62427,21.85794,21.27657,29.38784,-1.578391,16.69326,0.9690741,14.09614,0.9586348,0.9706039,0.9650115,228.5383,63.0672,11.67764,53.76237,10.46153,5.865471,6.199915
2025-12-30 16:35:00,-1.486666,17.4601,0.6017122,15.74293,0.573911,0.5176118,0.5943194,845.5905,60.77637,15.25126,61.77402,15.22785,7.156818,9.622076,463.0012,56.47955,22.76495,49.62396,21.92134,20.85866,29.40866,-1.340443,16.7317,0.9658471,14.12297,0.9705446,0.9769093,0.9894435,228.4677,63.06129,11.5558,53.74456,10.38618,5.753988,6.14148
2025-12-30 16:36:00,-1.530069,17.36382,0.6059809,15.64805,0.5690248,0.5281479,0.5675086,845.1497,60.76376,15.21996,61.84325,15.18557,7.206101,9.689266,462.104,56.48353,22.70035,49.62276,21.53886,21.28911,29.39593,-1.432148,16.74387,0.9598412,14.10229,0.9356174,0.945456,0.9557393,228.7859,63.06734,11.70674,53.75404,10.4276,5.771163,6.155749
2025-12-30 16:37:00,-1.49781,17.38074,0.5856033,15.66211,0.5623545,0.5318902,0.5534351,845.5579,60.63208,15.17354,62.03577,15.2362,7.123648,9.648615,461.3456,56.52124,22.58902,49.61324,21.42637,21.24976,29.34048,-1.448708,16.61359,0.9650625,14.05969,0.9444814,0.9921875,0.9497523,228.9419,63.07054,11.56435,53.76862,10.37395,5.694438,6.091065
2025-12-30 16:38:00,-1.432828,17.26819,0.5997921,15.67916,0.5603269,0.5318408,0.5822781,844.9897,60.86576,15.17123,61.93347,15.18081,7.228366,9.629878,460.9017,56.49703,22.66969,49.61613,21.49739,20.68303,29.299,-1.431712,16.73726,0.9946542,14.08321,0.9576079,1.006088,0.9587585,228.4411,63.06282,11.67308,53.74852,10.43466,5.674952,6.137142
2025-12-30 16:39:00,-1.521152,17.2484,0.5982774,15.68515,0.5761846,0.5299826,0.5328614,844.6717,60.6768,15.1735,61.80801,15.22139,7.085066,9.679906,460.906,56.50582,22.62929,49.62104,21.72848,20.90133,29.34346,-1.399082,16.81506,0.9619524,14.10417,0.9605717,0.9689118,0.9566023,228.4045,63.10023,11.68248,53.76522,10.36309,5.754739,6.191383
2025-12-30 16:40:00,-1.394474,17.29326,0.6001813,15.58735,0.5411938,0.5296326,0.5790384,843.335,60.7014,15.09087,61.86692,15.17471,7.17281,9.68151,461.9194,56.50747,22.60738,49.59581,21.73132,21.26828,29.39212,-1.433104,16.80434,0.9786928,14.10029,0.9460204,0.9684476,0.9378552,228.6641,63.07555,11.63355,53.77514,10.36566,5.651402,6.119962
2025-12-30 16:41:00,-1.57095,17.27357,0.6304405,15.63435,0.5702981,0.517038,0.575663,844.2283,60.66369,15.26633,61.93375,15.19699,7.095115,9.666315,463.3193,56.52836,22.36622,49.61581,21.18242,21.12704,29.36824,-1.358761,16.81,0.9806557,14.11458,0.9597123,0.9815623,0.9853892,229.1768,63.09254,11.63417,53.76855,10.36131,5.803516,6.178981
2025-12-30 16:42:00,-1.601785,17.32416,0.6070115,15.71212,0.5331802,0.5332488,0.5427002,844.3424,60.83598,15.31836,61.72395,15.16949,7.31144,9.652155,462.5437,56.49637,22.55879,49.61438,21.51308,20.67743,29.28512,-1.303508,16.77003,0.9954607,14.0758,0.9888026,0.9615107,0.9641583,228.8206,63.09315,11.68854,53.77287,10.39319,5.727724,6.196903
2025-12-30 16:43:00,-1.542869,17.22603,0.6193278,15.66543,0.5699658,0.5264273,0.5658997,845.5598,60.92861,15.17549,61.50945,15.20895,7.202717,9.706021,462.1126,56.48666,22.56622,49.61217,21.44094,20.82681,29.30954,-1.309157,16.73876,0.9793036,14.07941,0.9576256,0.9768927,0.9916487,228.4534,63.09628,11.68353,53.77011,10.48647,5.648808,6.091355
2025-12-30 16:44:00,-1.530348,17.3064,0.5810238,15.69577,0.5698082,0.5314165,0.5625737,845.2194,61.2284,15.25001,61.53639,15.22793,7.096133,9.755778,460.7348,56.49914,22.54054,49.61525,21.49919,20.72526,29.3205,-1.42569,16.74033,0.9929692,14.1119,0.9623131,0.9942444,0.9750412,228.5783,63.08843,11.72656,53.76368,10.3542,5.721568,6.146816
2025-12-30 16:45:00,-1.497016,17.2452,0.6274264,15.69597,0.5785059,0.5514538,0.5386874,845.5299,60.47987,15.19485,61.71038,15.21731,7.271785,9.695157,460.8052,56.5107,22.45007,49.61996,21.74761,20.86932,29.37906,-1.432672,16.67268,0.9851844,14.12275,0.9713661,0.9767681,1.002256,228.8033,63.08664,11.73101,53.76873,10.38124,5.684268,6.166967
2025-12-30 16:46:00,-1.553039,17.35726,0.5975935,15.64407,0.552358,0.5344653,0.5868272,844.8654,60.99171,15.21208,61.75031,15.18503,7.125504,9.673965,462.2214,56.5085,22.4473,49.61461,21.44672,20.96481,29.30212,-1.24704,16.78807,0.9635467,14.14148,0.9487428,0.9622214,0.9688697,228.5936,63.08442,11.5603,53.73798,10.38443,5.659142,6.180944
2025-12-30 16:47:00,-1.609063,17.15358,0.584159,15.60062,0.5389479,0.5138774,0.5666478,844.9481,61.04427,15.26536,61.42354,15.15972,7.151243,9.617526,462.9973,56.48248,22.37093,49.6127,21.28423,20.93301,29.30025,-1.432281,16.71166,1.01348,14.14741,0.9220511,0.963034,0.9694668,229.2215,63.09687,11.60938,53.76943,10.34824,5.764515,6.188614
2025-12-30 16:48:00,-1.577798,17.36851,0.603355,15.70703,0.5660599,0.5313143,0.6026134,844.487,61.17334,15.30635,61.82161,15.24151,7.130203,9.702692,462.6305,56.49345,22.33098,49.61417,21.2976,20.78137,29.3103,-1.446612,16.61887,0.9982635,14.12249,0.9417784,1.003182,0.965403,228.7525,63.09531,11.60614,53.77288,10.3215,5.509985,6.124297
2025-12-30 16:49:00,-1.568365,17.17471,0.6224746,15.75923,0.5801673,0.531013,0.5825876,846.5762,60.71674,15.17989,61.7893,15.25842,7.210394,9.745214,462.2889,56.48758,22.54638,49.6416,21.69378,20.80428,29.35617,-1.446294,16.79494,0.9676921,14.03423,0.9651102,0.9851572,0.9441112,228.9805,63.08769,11.65058,53.77118,10.27808,5.79837,6.210345
2025-12-30 16:50:00,-1.543776,17.31932,0.5922581,15.6592,0.5799401,0.5431077,0.5672313,846.126,61.14987,15.18041,62.1302,15.19979,7.171621,9.691517,461.6795,56.46243,22.73007,49.63014,21.72163,21.31943,29.29893,-1.455536,16.7029,0.9721116,14.11821,0.9826851,0.9967422,0.9584856,228.6883,63.0843,11.66149,53.77257,10.33111,5.752597,6.098768
2025-12-30 16:51:00,-1.467999,17.27207,0.6233379,15.67057,0.5726538,0.5053784,0.5724219,847.4383,60.88194,15.32971,61.92756,15.07728,7.218262,9.661244,459.9872,56.47714,22.26897,49.71859,21.04246,21.33291,29.34928,-1.428119,16.79272,0.9904487,14.11874,0.9522297,0.9651842,0.9520488,228.153,63.0853,11.65094,53.78331,10.32839,5.841125,6.171983
2025-12-30 16:52:00,-1.597392,17.28679,0.5927587,15.66729,0.553428,0.5301303,0.5746506,849.3862,61.28412,15.20332,62.04776,15.22406,7.159183,9.678782,460.6116,56.50124,22.43051,49.71761,21.27392,20.96172,29.2796,-1.565958,16.60733,0.9774581,14.0674,0.9363593,0.9562577,0.9695432,228.4458,63.07404,11.72538,53.77303,10.43841,5.62075,6.151919
2025-12-30 16:53:00,-1.479301,17.33286,0.6187723,15.63504,0.59685,0.5441825,0.5770576,855.0383,61.11181,15.27319,62.013,15.1117,7.240997,9.675821,461.5636,56.48283,22.2576,49.65519,21.283,20.91741,29.28775,-1.357231,16.69115,0.9737334,14.13032,0.9644254,0.9890766,0.9655074,228.7855,63.07662,11.67663,53.79494,10.4502,5.868486,6.256538
2025-12-30 16:54:00,-1.452512,17.33064,0.5931616,15.69582,0.5726007,0.5309085,0.5983684,862.0975,60.6629,15.18598,61.55382,15.26103,7.19991,9.59378,462.6776,56.48152,22.40781,49.72493,21.47028,20.75332,29.36506,-1.354348,16.77056,0.990411,14.11333,0.976122,0.9744313,0.9576912,229.1987,63.0789,11.71361,53.79274,10.39423,5.729118,6.147722
2025-12-30 16:55:00,-1.512679,17.28082,0.6062444,15.61997,0.5325965,0.5313908,0.5663032,872.5008,60.57107,15.20789,61.63121,15.19458,7.136939,9.669215,462.3951,56.45859,22.44569,49.71817,21.84053,21.07615,29.39755,-1.344829,16.84463,0.9690778,14.08188,0.9486533,0.9948732,0.9649714,228.7195,63.0863,11.55815,53.78981,10.41435,5.705539,6.142173
2025-12-30 16:56:00,-1.585244,17.17792,0.5717692,15.6648,0.5760974,0.543264,0.5585995,883.6954,61.01645,15.1898,61.92578,15.22571,7.234131,9.672848,461.4318,56.46078,22.33687,49.7373,21.77101,21.15496,29.4598,-1.344444,16.70762,0.9889874,14.17111,0.977047,1.016153,0.9646105,228.3718,63.11002,11.65351,53.79109,10.36282,5.684478,6.197804
2025-12-30 16:57:00,-1.5161,17.27721,0.6019891,15.65086,0.5407629,0.5310139,0.5775123,893.1707,60.76622,15.18085,61.8275,15.2804,7.321029,9.6266,461.501,56.47573,22.18822,49.71914,21.09474,21.21346,29.36528,-1.429046,16.64501,0.9739717,14.06189,0.9533102,0.9891965,0.9893202,228.7363,63.07405,11.75043,53.78674,10.3736,5.70399,6.007296
2025-12-30 16:58:00,-1.524261,17.27728,0.602478,15.62443,0.569518,0.5352346,0.5662277,899.4992,60.89832,15.25825,61.75679,15.14828,7.203209,9.654266,461.3457,56.46305,22.42529,49.62255,21.31638,20.87359,29.38716,-1.37968,16.60128,0.9746003,14.07187,0.9400991,0.9697472,0.9602999,229.013,63.0968,11.71093,53.80008,10.33296,5.685018,6.166601
2025-12-30 16:59:00,-1.573268,17.33124,0.6197271,15.61579,0.5777219,0.5410841,0.5725188,907.9529,60.6813,15.26282,61.69632,15.01028,7.267486,9.737718,460.3829,56.46373,22.31826,49.61558,21.23834,21.01021,29.38851,-1.423478,16.77216,0.9640619,14.09027,0.9694905,0.9940564,0.9747261,228.2011,63.09007,11.65234,53.78831,10.39019,5.607681,6.128933
2025-12-30 17:00:00,-1.346915,17.1894,0.5915985,15.63176,0.5680825,0.5362399,0.5751489,922.0577,60.96274,15.22036,61.7783,15.0971,7.151902,9.711126,460.492,56.47039,22.46729,49.61175,21.54322,21.37144,29.33933,-1.449542,16.69328,0.9747272,14.05186,0.983985,0.970149,0.9694768,227.7406,63.08385,11.59252,53.78633,10.30403,5.634065,6.065162
2025-12-30 17:01:00,-1.582315,17.43358,0.609029,15.64212,0.5753682,0.5356705,0.5623098,936.533,60.72729,15.26057,61.89425,15.24085,7.219738,9.693964,461.5559,56.451,22.22218,49.61008,21.1747,21.11892,29.31702,-1.227158,16.812,0.9659377,14.02752,0.9358367,0.9730172,0.9686906,228.3436,63.07809,11.80163,53.7798,10.40254,5.697856,6.127605
2025-12-30 17:02:00,-1.608961,17.18942,0.6116,15.70174,0.5437277,0.522609,0.5873222,949.7969,61.00683,15.34183,61.74007,15.15217,7.164469,9.689813,462.0779,56.43131,22.34364,49.6107,21.19486,20.99039,29.30201,-1.442797,16.76286,0.9699104,14.06686,0.9586333,1.006482,0.9744725,228.7547,63.07663,11.78622,53.77488,10.43759,5.670056,6.244589
2025-12-30 17:03:00,-1.476111,17.2978,0.6286707,15.63154,0.5706566,0.5262614,0.5722552,954.5142,60.98075,15.32226,61.89945,15.15427,7.1499,9.717237,462.5491,56.47161,22.28941,49.62347,21.56895,20.74397,29.32887,-1.370863,16.70068,0.9710664,14.07028,0.9420635,0.9839292,0.9967954,228.3315,63.10095,11.64507,53.79314,10.39671,5.676113,6.149127
2025-12-30 17:04:00,-1.53114,17.29601,0.6150426,15.63551,0.5797926,0.5274115,0.580707,953.7144,60.7439,15.46256,61.69356,15.0736,7.272916,9.711327,462.3941,56.45262,22.19458,49.61137,21.33312,20.6525,29.2201,-1.376935,16.85419,0.9595993,14.1386,0.9767954,0.9898356,0.9707015,228.4228,63.1094,11.69258,53.77529,10.39597,5.840962,6.089789
2025-12-30 17:05:00,-1.477549,17.34963,0.5945485,15.73801,0.5758699,0.5409883,0.5533973,950.3855,60.58912,15.2531,61.70732,15.23485,7.143357,9.691186,463.6354,56.45232,22.32627,49.61128,21.34905,21.10474,29.38577,-1.576952,16.69902,0.9950877,14.08727,0.9606117,1.000129,0.9944862,228.99,63.09468,11.68056,53.79292,10.39708,5.654887,6.164925
2025-12-30 17:06:00,-1.44524,17.26927,0.6015936,15.67623,0.5888039,0.5352287,0.5966251,917.3949,61.09981,15.28763,62.01976,15.17639,7.2621,9.747531,462.942,56.45377,22.33263,49.61313,21.5041,21.08333,29.29018,-1.439328,16.76378,0.9552996,14.09768,0.9667079,1.003764,0.9872594,228.9959,63.10329,11.74023,53.80217,10.35895,5.636043,6.111926
2025-12-30 17:07:00,-1.532493,17.31733,0.6115643,15.63197,0.5400161,0.5383491,0.5560175,872.7957,61.04827,15.31113,61.88433,15.26142,7.126166,9.698622,462.7242,56.42534,22.35376,49.62487,21.47016,21.03326,29.27696,-1.400152,16.62206,0.9649879,13.98873,0.95442,0.9657974,0.9872075,228.819,63.09518,11.65069,53.79342,10.37766,5.639619,6.145131
2025-12-30 17:08:00,-1.354735,17.25552,0.6176463,15.60484,0.5522094,0.5406383,0.5718769,849.2152,60.82972,15.25259,61.84831,15.18445,7.204379,9.667474,460.9311,56.45299,22.37991,49.62315,21.17913,21.05507,29.21634,-1.556914,16.70293,0.9794137,14.11072,0.9513062,1.006428,0.971128,228.1978,63.10733,11.62626,53.79034,10.31333,5.686273,6.26298
2025-12-30 17:09:00,-1.525898,17.23939,0.5991802,15.70587,0.5616277,0.5327679,0.5836933,848.1447,60.77725,15.38922,61.40445,15.13534,7.240514,9.68389,458.6426,56.4326,22.23064,49.6133,21.3391,20.93102,29.35908,-1.410085,16.77704,0.9805084,14.07622,0.9294984,0.9551013,0.9633355,228.2959,63.08855,11.76685,53.79507,10.43314,5.72046,6.139482
2025-12-30 17:10:00,-1.404504,17.30367,0.6145898,15.69775,0.5615302,0.5228094,0.5751776,852.6681,60.90499,15.35386,61.86619,15.17868,7.133994,9.709384,458.7894,56.44317,22.37724,49.67398,21.38218,21.31454,29.25043,-1.341383,16.75878,0.9639951,14.0806,0.9569305,0.9709978,0.9707586,228.7614,63.10975,11.57888,53.77726,10.31533,5.74019,6.136342
2025-12-30 17:11:00,-1.484464,17.31513,0.616609,15.66725,0.5762856,0.5266622,0.5830445,856.5276,60.9642,15.27384,61.82662,15.19298,7.224439,9.704259,460.4413,56.48016,22.37816,49.66816,21.16221,21.01557,29.24365,-1.288807,16.83202,0.9943933,13.9961,0.9392648,0.9772263,0.9813312,228.7644,63.10894,11.62373,53.79328,10.33785,5.702292,6.123645
2025-12-30 17:12:00,-1.579551,17.26629,0.6055509,15.6874,0.5817098,0.5276415,0.5794967,854.3627,60.99981,15.31795,61.74625,15.18579,7.205239,9.683432,459.8829,56.44413,22.31404,49.62576,21.39846,20.64158,29.1975,-1.375369,16.79507,0.9811401,14.12173,0.9399809,0.9879771,0.9641977,228.8833,63.10385,11.62588,53.78787,10.30626,5.615347,6.18079
2025-12-30 17:13:00,-1.538014,17.28953,0.5993381,15.65326,0.5735778,0.521503,0.5964749,853.8851,60.97802,15.3025,61.91245,15.27657,7.250442,9.702332,460.2194,56.42548,22.20211,49.65059,21.42551,21.07477,29.2355,-1.440232,16.75379,0.9399859,14.06256,0.9485,0.9891264,0.9707,228.6136,63.08671,11.82977,53.78426,10.35583,5.739227,6.172201
2025-12-30 17:14:00,-1.684154,17.26183,0.5933924,15.69546,0.5723122,0.5546089,0.5749532,853.2091,60.85248,15.30287,61.68252,15.19094,7.079435,9.68817,459.2607,56.46778,22.36501,49.69156,21.49131,21.20713,29.25283,-1.381661,16.89539,1.015328,14.14711,0.9803078,0.9439545,0.9511508,228.3965,63.09422,11.73843,53.7827,10.35733,5.705384,6.124881
2025-12-30 17:15:00,-1.522139,17.34492,0.6327494,15.68884,0.5841549,0.5328014,0.5694922,854.6117,60.87619,15.33265,61.95621,15.13682,7.111419,9.681133,459.1613,56.46719,22.39064,49.65258,21.44287,20.92906,29.23972,-1.371691,16.74696,0.9858357,14.05232,0.9481899,0.977362,0.9647151,228.6701,63.09523,11.74867,53.79919,10.39033,5.759727,6.146512
2025-12-30 17:16:00,-1.362554,17.26118,0.6230514,15.6657,0.5496874,0.5408689,0.5742146,853.4625,61.02429,15.21335,61.93,15.17989,7.160399,9.691056,459.4823,56.44717,22.34966,49.67669,21.6328,20.62438,29.3084,-1.395864,16.82223,0.955636,14.08738,0.9630933,0.9580562,0.9800274,228.3884,63.08422,11.80554,53.80292,10.42046,5.51973,6.161418
2025-12-30 17:17:00,-1.542385,17.36503,0.5970074,15.67717,0.5788575,0.5318189,0.5807223,851.1517,60.74461,15.27817,61.73188,15.17966,7.234109,9.714916,459.1235,56.46915,22.58662,49.62264,21.37317,21.0955,29.2571,-1.476359,16.82319,1.004388,14.11991,0.9497438,0.9896849,0.9489704,228.2939,63.09039,11.74718,53.78863,10.43191,5.68693,6.150649
2025-12-30 17:18:00,-1.551525,17.35258,0.6106431,15.69833,0.5716189,0.5028929,0.5902009,847.5762,61.05615,15.32474,61.81125,15.17239,7.125206,9.738084,458.9395,56.43097,22.41846,49.68287,21.26401,20.88433,29.22899,-1.423603,16.83686,0.971837,14.08263,0.9542004,0.9868429,0.9507626,228.256,63.08081,11.68846,53.79226,10.40179,5.714459,6.192591
2025-12-30 17:19:00,-1.569076,17.30062,0.6180115,15.66667,0.5525807,0.5290678,0.5588009,848.5065,60.88583,15.2953,62.12063,15.21476,7.207719,9.604988,459.5375,56.44321,22.33423,49.62369,21.34329,21.05117,29.3273,-1.438184,16.83371,0.9668479,14.0645,0.9491203,0.9722352,0.9569779,228.7536,63.06827,11.76276,53.78685,10.44272,5.564013,6.318747
2025-12-30 17:20:00,-1.476679,17.32247,0.6163234,15.71651,0.5771412,0.5311419,0.5847898,849.5951,60.95634,15.289,61.78422,15.1925,7.300724,9.752038,457.9586,56.44762,22.42281,49.62167,21.41845,21.21023,29.2998,-1.244486,16.86658,0.9640442,13.98535,0.9420932,0.9859794,0.9821433,228.1966,63.09884,11.83646,53.7863,10.42331,5.820848,6.284749
2025-12-30 17:21:00,-1.479917,17.28861,0.6178623,15.69943,0.5720671,0.5619994,0.5666205,848.9185,61.11215,15.30943,61.44674,15.23814,7.227197,9.720207,454.494,56.4348,22.34256,49.62328,21.45502,20.89626,29.26639,-1.384228,16.78179,0.9862205,14.04228,0.9353046,0.9768128,0.9402823,226.954,63.09578,11.86372,53.78833,10.48787,5.767426,6.214965
2025-12-30 17:22:00,-1.563802,17.35549,0.6213611,15.64594,0.5620212,0.5303633,0.5835406,847.7731,61.08384,15.34012,61.802,15.17626,7.134224,9.726993,452.3299,56.42672,22.58384,49.67183,21.58819,21.31554,29.32751,-1.449328,16.86565,0.9754268,14.06917,0.9596348,0.9767289,0.9612623,227.1661,63.10259,11.85942,53.79251,10.46804,5.680252,6.253472
2025-12-30 17:23:00,-1.495935,17.18855,0.6041855,15.63067,0.5529445,0.5304762,0.5539243,847.2195,61.00059,15.25538,61.54427,15.20014,7.143511,9.716317,451.4862,56.44445,22.56323,49.62022,21.71754,20.74085,29.3767,-1.478872,16.93067,0.9589773,14.01286,0.9396403,0.9782788,0.9276797,226.8695,63.10514,11.7124,53.78768,10.42296,5.857042,6.22747
2025-12-30 17:24:00,-1.560942,17.29192,0.6007405,15.71729,0.5901979,0.5608208,0.5842375,841.5185,60.62288,15.33219,61.7708,15.18053,7.202433,9.666667,450.2724,56.42587,22.42311,49.61935,21.41473,20.89972,29.34523,-1.453681,16.71291,0.9628196,14.11273,0.9704617,0.9679736,0.9736614,226.2216,63.09359,11.78996,53.7811,10.45247,5.767416,6.247079
2025-12-30 17:25:00,-1.579545,17.21915,0.5888025,15.70617,0.5722684,0.5238989,0.5694149,842.2537,60.5834,15.17976,61.96881,15.24231,7.16029,9.693327,452.1701,56.42474,22.49692,49.61936,21.64539,21.16125,29.36036,-1.459104,16.78529,0.9675681,14.15849,0.9421325,0.9679583,0.9698092,226.6648,63.08306,11.74107,53.79083,10.4441,5.824755,6.168754
2025-12-30 17:26:00,-1.487612,17.37965,0.5992562,15.66638,0.5723732,0.5309697,0.5593235,845.2667,61.16165,15.25673,61.73277,15.26223,7.221716,9.671955,455.245,56.39111,22.47814,49.61682,21.77111,21.00315,29.41433,-1.471077,16.75353,0.9673693,14.05102,0.9318576,0.9643171,0.9449542,227.3587,63.08138,11.79636,53.79183,10.42696,5.642559,6.172476
2025-12-30 17:27:00,-1.561947,17.17886,0.6056426,15.6464,0.5403118,0.5305452,0.5768421,850.1265,60.92492,15.30019,62.02296,15.2172,7.178585,9.729739,458.8053,56.41818,22.53949,49.62497,21.42484,21.46083,29.40792,-1.413443,16.67079,0.9672446,14.09556,0.8974608,0.9811332,0.9712238,228.5835,63.05304,11.77506,53.77277,10.47221,5.822315,6.255078
2025-12-30 17:28:00,-1.534918,17.36469,0.6078982,15.65066,0.5626412,0.5319327,0.5641501,857.7042,60.59336,15.11521,62.15169,15.18911,7.128164,9.633788,462.1422,56.39972,22.53362,49.62116,21.61683,20.8723,29.37841,-1.445757,16.7656,0.9583779,14.06393,0.9857022,0.9536015,0.9321254,229.8798,63.06991,11.74541,53.7742,10.39971,5.671008,6.28811
2025-12-30 17:29:00,-1.583338,17.21935,0.592723,15.7188,0.5550883,0.5292588,0.5687443,858.9261,61.21903,15.26958,61.92771,15.18048,7.238532,9.699768,461.9583,56.38552,22.40761,49.61061,21.60351,21.05762,29.43683,-1.367444,16.8446,0.9903015,13.98802,0.9195403,0.9761837,0.9595062,229.9118,63.08101,11.71348,53.76142,10.45181,5.673747,6.300644
2025-12-30 17:30:00,-1.586542,17.41287,0.6228587,15.63748,0.572069,0.5212551,0.5918837,855.452,60.91763,15.24653,61.29475,15.15306,7.164449,9.716753,457.4607,56.40277,22.20992,49.62095,21.1879,21.50721,29.49045,-1.463174,16.78079,0.9858689,14.01691,0.9488707,0.9755728,0.9255261,228.0795,63.08582,11.59731,53.78406,10.33474,5.683326,6.258027
2025-12-30 17:31:00,-1.46524,17.23031,0.6162415,15.71957,0.5764929,0.5338557,0.5864235,854.0004,61.19188,15.21825,61.70696,15.21936,7.235022,9.676067,454.4689,56.3934,22.48824,49.62101,21.48807,20.65979,29.45413,-1.429941,16.7908,0.9883347,14.13562,0.9224695,0.9653392,0.9804626,227.2956,63.07369,11.68157,53.75985,10.38012,5.640653,6.176198
2025-12-30 17:32:00,-1.486046,17.33346,0.6376439,15.67976,0.5555473,0.5319983,0.5787492,852.1113,60.97552,15.27845,62.02714,15.26661,7.175895,9.717984,457.1239,56.38498,22.45993,49.6227,21.71839,21.41321,29.38099,-1.234666,16.88973,0.9505289,14.10688,0.9417219,1.015254,0.9390962,227.2591,63.06199,11.52603,53.7729,10.41197,5.731237,6.123547
2025-12-30 17:33:00,-1.568046,17.34983,0.6359817,15.76007,0.5758888,0.5202067,0.5577654,849.9835,61.18472,15.22258,61.78895,15.14754,7.212121,9.674626,459.4105,56.3941,22.33223,49.6265,21.22621,21.26527,29.33427,-1.456972,16.87347,0.9893997,14.08317,0.918121,0.9386704,0.9413451,227.799,63.07283,11.68619,53.77355,10.44583,5.822273,6.238204
2025-12-30 17:34:00,-1.478739,17.30844,0.5937876,15.71542,0.5787622,0.5310568,0.6128216,849.7007,60.54224,15.19116,61.8499,15.19988,7.157655,9.726412,459.3619,56.38503,22.29531,49.6256,21.37836,20.9686,29.40461,-1.248493,16.66364,0.9404359,14.04131,0.9306701,0.9874563,0.9570351,228.2393,63.06013,11.69215,53.78558,10.40937,5.571683,6.124237
2025-12-30 17:35:00,-1.475836,17.31592,0.6286337,15.71878,0.5727133,0.5162687,0.5581768,845.4688,60.53063,15.21178,61.72685,15.259,7.149784,9.649649,456.8577,56.38263,22.48227,49.61766,21.38913,21.47564,29.43632,-1.435853,16.71497,0.9640857,14.05499,0.9547088,0.9396467,0.9849845,227.5166,63.05192,11.65405,53.78363,10.32292,5.773932,6.168599
2025-12-30 17:36:00,-1.585013,17.39581,0.6211582,15.6312,0.5725981,0.49314,0.5908762,847.949,60.92403,15.09664,61.48976,15.21434,7.175328,9.648626,456.5091,56.36754,22.36182,49.61809,21.38568,20.81412,29.3396,-1.353269,16.63671,0.9780824,14.0816,0.9272079,0.9554079,0.9870011,227.4734,63.06047,11.84146,53.76881,10.45314,5.613108,6.184957
2025-12-30 17:37:00,-1.663293,17.29426,0.6150995,15.68352,0.5574327,0.5115336,0.576632,845.4362,60.99146,15.16646,61.96877,15.3019,7.175956,9.669989,456.3858,56.34948,22.32955,49.6128,21.3445,21.37289,29.40586,-1.266394,16.81599,0.9569468,14.06196,0.9408987,0.9632921,0.9551694,227.4565,63.03794,11.6713,53.79507,10.40995,5.738321,6.1795
2025-12-30 17:38:00,-1.492359,17.15745,0.5960776,15.67848,0.559683,0.5320356,0.5881233,847.4392,60.98748,15.22072,61.74106,15.20418,7.258203,9.628157,458.6668,56.3619,22.30595,49.6195,21.48374,20.81589,29.35265,-1.491917,16.59342,0.9800872,14.10106,0.935766,0.9672346,0.9509978,228.4235,63.0344,11.6389,53.77468,10.4399,5.726354,6.105932
2025-12-30 17:39:00,-1.496409,17.31939,0.5831541,15.61651,0.5651932,0.5171923,0.583315,847.3764,60.63509,15.29777,61.71576,15.22395,7.188318,9.682497,459.4078,56.3552,22.47315,49.62097,21.74104,21.41617,29.42509,-1.438766,16.87905,0.9652719,14.07994,0.9285591,0.9730907,0.9673063,228.5139,63.04413,11.75572,53.78302,10.45396,5.753404,6.085083
2025-12-30 17:40:00,-1.474342,17.36001,0.6064659,15.67997,0.5780589,0.5326194,0.5456201,848.1898,61.14467,15.23406,61.77205,15.12743,7.130004,9.628045,458.9952,56.35343,22.46442,49.61161,21.62438,21.12005,29.36487,-1.393754,16.73008,0.9740757,14.04825,0.9431874,0.9570544,0.9735211,228.3733,63.02159,11.70037,53.78976,10.415,5.613701,6.182375
2025-12-30 17:41:00,-1.497602,17.35272,0.6116019,15.71651,0.5677845,0.5255553,0.56578,847.8201,60.62823,15.21947,61.83915,15.25576,7.186101,9.730633,457.9542,56.37088,22.55971,49.62596,21.82456,20.81547,29.42917,-1.3846,16.7938,0.9530567,14.11408,0.9679177,0.9617738,0.9601758,228.2254,63.02228,11.76458,53.75564,10.39724,5.680935,6.3101
2025-12-30 17:42:00,-1.425325,17.32744,0.615933,15.72711,0.5798278,0.5352547,0.5797027,848.963,61.09545,15.26205,61.53266,15.16727,7.203227,9.707984,458.9614,56.37835,22.629,49.61436,21.91642,21.56134,29.51952,-1.444977,16.67689,0.9662226,14.07785,0.9645053,0.9702976,0.9469325,228.6435,63.05362,11.83274,53.77592,10.42061,5.732016,6.088372
2025-12-30 17:43:00,-1.569143,17.33406,0.6049634,15.6893,0.5651177,0.5060605,0.5638269,850.3928,60.83714,15.21045,61.74734,15.16464,7.131007,9.694399,460.8491,56.39992,22.48677,49.5924,21.54004,21.50075,29.46973,-1.325002,16.74675,0.9759254,14.09199,0.9165981,0.9982861,0.9743027,228.6905,63.02777,11.81703,53.73852,10.40816,5.728408,6.220171
2025-12-30 17:44:00,-1.575724,17.39838,0.621954,15.67215,0.576218,0.5250906,0.5370832,849.4669,61.01791,15.28481,61.55792,15.14208,7.192673,9.628023,461.2671,56.36932,22.39698,49.61273,21.42517,21.37674,29.42754,-1.442463,16.63101,0.9952716,14.06235,0.959619,0.943499,0.9456254,228.5793,63.03487,11.81297,53.74868,10.37922,5.762335,6.2703
2025-12-30 17:45:00,-1.578155,17.32815,0.5831531,15.66195,0.5747626,0.5591334,0.5802067,850.2244,60.95419,15.26964,61.85157,15.25189,7.180687,9.607526,461.3201,56.37286,22.49928,49.62293,21.70008,20.8895,29.47898,-1.400495,16.76533,0.9639355,14.13169,0.9595518,0.9657891,0.9632564,228.3438,63.01903,11.71708,53.73849,10.36623,5.762357,6.168525
2025-12-30 17:46:00,-1.478712,17.29857,0.5963894,15.70335,0.5763857,0.5272126,0.5401093,849.1743,60.72301,15.29709,61.7164,15.1432,7.230517,9.641836,460.5956,56.37415,22.65613,49.62262,21.83028,21.04394,29.56628,-1.352157,16.67154,0.9695205,14.11603,0.943921,0.9796607,0.9324136,228.2439,63.05276,11.83318,53.75413,10.53821,5.563546,6.134776
2025-12-30 17:47:00,-1.535244,17.27532,0.6152475,15.7182,0.5643456,0.5329826,0.5669315,848.6658,60.67234,15.26929,61.5931,15.15773,7.318828,9.706664,460.7329,56.35818,22.59677,49.61716,21.57734,21.55696,29.55964,-1.393933,16.62317,0.9567995,14.11078,0.9593569,0.9776576,0.9505951,228.7729,63.0471,11.67446,53.74401,10.40497,5.565547,6.219159
2025-12-30 17:48:00,-1.419308,17.32609,0.6028961,15.64627,0.5765914,0.5310524,0.549798,848.9244,60.67886,15.21033,61.93024,15.17445,7.258222,9.664598,461.3461,56.35225,22.49853,49.62572,21.4962,21.55336,29.50028,-1.35731,16.70353,0.9668795,14.12664,0.9919981,0.9814342,0.9788089,228.7664,63.05539,11.81206,53.72643,10.41653,5.716769,6.264024
2025-12-30 17:49:00,-1.483904,17.3387,0.6004936,15.68206,0.5723843,0.5353851,0.5758235,848.6021,60.91226,15.26612,61.77794,15.2101,7.186425,9.662023,460.5249,56.3612,22.4304,49.61517,21.56496,20.89042,29.48311,-1.478633,16.77773,0.9871789,14.02826,0.9574726,0.9802421,0.9446533,228.5595,63.05567,11.68497,53.74176,10.46192,5.690951,6.213922
2025-12-30 17:50:00,-1.569117,17.32718,0.6196833,15.71514,0.5708256,0.5517762,0.5737757,847.5217,60.83397,15.16505,61.75278,15.17325,7.204214,9.668093,459.4051,56.35167,22.52326,49.61205,22.00916,21.16074,29.60651,-1.524316,16.77176,0.9609184,14.11092,0.9531574,0.9877595,0.9373427,228.3378,63.03965,11.81711,53.73504,10.50033,5.625188,6.230192
2025-12-30 17:51:00,-1.52754,17.34059,0.6057798,15.67878,0.5715661,0.5347585,0.5607111,848.2999,60.86105,15.17555,61.80152,15.19592,7.167312,9.706099,459.2009,56.35036,22.53408,49.61828,21.88659,21.57606,29.60981,-1.483737,16.82742,0.9838822,14.08477,0.9477152,0.9936547,0.9304845,228.6186,63.04338,11.73683,53.71721,10.42973,5.664783,6.293636
2025-12-30 17:52:00,-1.525613,17.32202,0.5879132,15.65084,0.5580659,0.5326445,0.553837,849.4144,60.75899,15.20972,62.00395,15.22077,7.169065,9.713122,459.9968,56.3815,22.55869,49.61097,21.48016,21.51405,29.56998,-1.27354,16.79798,0.9576319,14.10715,0.9484723,0.9527347,0.9375663,228.5143,63.03605,11.67446,53.73806,10.43327,5.609455,6.145079
2025-12-30 17:53:00,-1.57198,17.2864,0.6027791,15.67889,0.5613881,0.5242553,0.5586495,849.7,61.06767,15.26727,61.89366,15.21584,7.209403,9.650237,461.1588,56.35311,22.58438,49.61444,21.66997,21.11069,29.63137,-1.354581,16.72859,0.9628589,13.99746,0.9538363,0.9934965,0.9363448,228.4621,63.02812,11.79726,53.73342,10.45287,5.769468,6.270028
2025-12-30 17:54:00,-1.573295,17.24408,0.6418955,15.70357,0.5641161,0.5501802,0.5619488,850.465,61.05235,15.18525,61.74842,15.27263,7.145343,9.698335,461.4781,56.35683,22.63744,49.61984,21.87665,21.08424,29.65156,-1.389602,16.72215,0.9667374,14.1038,0.9344501,0.9482114,0.9592133,228.6376,63.0066,11.75415,53.74147,10.42397,5.695334,6.275503
2025-12-30 17:55:00,-1.522384,17.28044,0.5943244,15.72444,0.5584701,0.5440127,0.5561171,849.2658,60.68337,15.20162,61.93518,15.20053,7.210213,9.704557,459.6941,56.33428,22.52168,49.61801,21.80288,21.55441,29.67075,-1.400314,16.75677,0.966776,14.16543,0.9423224,0.9819443,0.9590071,228.4075,62.99474,11.85348,53.73907,10.49151,5.788929,6.208628
2025-12-30 17:56:00,-1.570208,17.33465,0.6026917,15.75212,0.5779009,0.5309986,0.5783615,848.8096,61.05375,15.21152,61.51963,15.18444,7.189744,9.625654,459.2867,56.3527,22.62461,49.61088,21.48128,21.55676,29.72735,-1.401863,16.82358,0.9769242,14.11144,0.9558062,0.978305,0.9448098,228.1728,63.02827,11.82507,53.72987,10.46992,5.688365,6.206367
2025-12-30 17:57:00,-1.522795,17.28051,0.599324,15.66918,0.5655091,0.5427367,0.5726582,850.617,61.2195,15.15338,61.63425,15.15664,7.131046,9.725554,460.1452,56.35452,22.61598,49.60249,21.42414,21.31358,29.62368,-1.556594,16.7519,0.9628086,14.1146,0.9545391,0.9612637,0.9612129,228.8329,63.03091,11.79984,53.73935,10.40602,5.672502,6.239702
2025-12-30 17:58:00,-1.490479,17.32108,0.6083568,15.62594,0.554327,0.5310506,0.5810062,849.1303,60.79868,15.2242,61.69326,15.17935,7.265844,9.698913,459.499,56.35368,22.59124,49.54321,21.90003,21.32353,29.66107,-1.356942,16.72249,0.9696194,13.99914,0.9444786,0.9629698,0.9315879,228.5458,63.01551,11.81483,53.71178,10.44615,5.524198,6.216106
2025-12-30 17:59:00,-1.368336,17.26954,0.5936115,15.6995,0.5620444,0.5401887,0.5717495,850.854,60.57285,15.14608,61.85859,15.11857,7.255952,9.683308,459.0643,56.35436,22.63233,49.56425,21.79962,21.50302,29.73496,-1.420162,16.65458,0.9991462,14.08124,0.9508958,0.9716161,0.9645088,229.0754,63.00169,11.96144,53.7154,10.56808,5.639625,6.169857
2025-12-30 18:00:00,-1.360377,17.39828,0.5902975,15.72986,0.5628724,0.5269942,0.5489655,849.9973,60.88197,15.29846,61.4426,15.23079,7.179883,9.675354,457.8284,56.34622,22.53691,49.56138,21.51132,21.20337,29.703,-1.306817,16.81774,0.97168,14.10395,0.9546041,0.973547,0.949457,228.372,63.01951,11.78918,53.73104,10.44124,5.777932,6.160418
2025-12-30 18:01:00,-1.501966,17.25092,0.6160206,15.62963,0.5536193,0.5310416,0.5480431,849.4609,60.82054,15.24641,61.75909,15.1637,7.242469,9.683862,457.9007,56.35444,22.51034,49.51464,21.54084,21.33253,29.73197,-1.42237,16.68728,0.9915168,14.11663,0.9910468,0.9540185,0.9607371,227.815,63.04136,11.76469,53.73164,10.47565,5.738101,6.241562
2025-12-30 18:02:00,-1.550981,17.3083,0.6172523,15.72928,0.5780336,0.5263017,0.5639244,850.7867,61.02422,15.17585,61.48594,15.24689,7.23502,9.707746,459.2158,56.34013,22.56344,49.51029,21.6443,21.84554,29.81343,-1.391892,16.80103,0.9770344,14.09698,0.964018,0.9633006,0.9686499,228.5252,63.02133,11.79096,53.72069,10.43752,5.545129,6.134225
2025-12-30 18:03:00,-1.494936,17.25805,0.6146687,15.68172,0.5448388,0.5276731,0.5594771,852.813,60.63552,15.23267,61.84679,15.17622,7.120592,9.676137,460.3421,56.32495,22.84484,49.51342,21.41698,22.00394,29.77601,-1.393029,16.65636,1.000721,14.14965,0.9364114,0.999827,0.9409107,228.8808,63.03248,11.75847,53.72988,10.46292,5.672539,6.279558
2025-12-30 18:04:00,-1.519485,17.43163,0.5915095,15.70213,0.5715129,0.5359885,0.5898045,852.2905,60.80186,15.27893,61.75318,15.2297,7.129012,9.702911,460.4108,56.29605,22.51695,49.50105,21.58537,21.27486,29.76321,-1.557478,16.93977,0.977166,14.07915,0.9082531,1.007795,0.953348,228.6386,63.00699,11.66063,53.70872,10.47543,5.697723,6.138409
2025-12-30 18:05:00,-1.538486,17.34583,0.5962875,15.74808,0.5507839,0.5219393,0.5669379,852.125,60.65715,15.22101,61.50446,15.28364,7.101273,9.685585,458.8643,56.33012,22.56886,49.51393,21.82962,21.50083,29.88707,-1.241827,16.74601,0.9721968,14.11844,0.9569539,0.9829981,0.9608951,228.3988,62.99371,11.71158,53.74165,10.45662,5.766621,6.207955
2025-12-30 18:06:00,-1.473286,17.39056,0.5817749,15.66784,0.5451723,0.5204061,0.5603091,851.9149,60.638,15.30858,62.08363,15.16181,7.178153,9.682959,457.9239,56.32853,22.68648,49.50585,21.33287,21.69569,29.83796,-1.567075,16.82316,0.9875796,14.03332,0.9526346,0.9873792,0.9664407,228.0444,62.99251,11.7368,53.7027,10.45642,5.736205,6.248193
2025-12-30 18:07:00,-1.51176,17.32103,0.6241985,15.68132,0.5583015,0.5311071,0.5776239,852.619,60.85109,15.19235,62.10177,15.19386,7.100159,9.676683,458.5141,56.32209,22.51082,49.50016,21.44902,21.36358,29.87622,-1.474838,16.61025,0.9872332,14.11803,0.9344803,0.975897,0.9460908,228.3811,62.98871,11.79867,53.72255,10.54093,5.761103,6.256362
2025-12-30 18:08:00,-1.55179,17.36758,0.6273535,15.61891,0.5544372,0.5310071,0.5792663,851.929,60.28764,15.12077,61.60585,15.26568,7.268369,9.661571,460.1804,56.32146,22.47035,49.51373,21.62097,22.14738,29.95875,-1.389886,16.79993,0.9957131,14.11745,0.9258363,0.9403465,0.9599484,228.6133,62.98829,11.60151,53.70568,10.47795,5.749614,6.37063
2025-12-30 18:09:00,-1.462382,17.31281,0.5901995,15.63665,0.5724465,0.5203554,0.5910015,851.1161,61.18923,15.2131,61.93933,15.15872,7.144116,9.715264,460.393,56.31992,22.64645,49.49966,21.54983,21.98473,29.97904,-1.228087,16.60748,0.9547894,14.09089,0.9570241,0.9665955,0.9372817,228.5058,62.98853,11.60526,53.68665,10.4677,5.68946,6.182849
2025-12-30 18:10:00,-1.468207,17.15287,0.5906472,15.72725,0.5757975,0.5303084,0.5753954,851.7259,60.67957,15.2977,61.55782,15.16098,7.247477,9.66007,459.7331,56.3164,22.62924,49.51093,21.36264,21.31242,29.85874,-1.223139,16.74694,0.978024,14.13524,0.9831368,1.005022,0.9691133,228.4126,62.96852,11.6566,53.70736,10.45347,5.620238,6.196776
2025-12-30 18:11:00,-1.632037,17.34294,0.6246581,15.57065,0.5789942,0.5309969,0.5543171,851.4669,60.87463,15.16111,61.48003,15.27841,7.205432,9.653716,459.6571,56.33157,22.51809,49.50397,21.48815,21.45685,29.87601,-1.434561,16.75749,0.95709,14.11577,0.9541591,1.000502,0.9788707,228.2286,62.9822,11.59783,53.70648,10.48965,5.780388,6.158331
2025-12-30 18:12:00,-1.466928,17.24122,0.5834507,15.6895,0.5583364,0.5571247,0.5757592,851.7134,60.54519,15.26693,61.89078,15.26162,7.256374,9.693309,459.2074,56.33152,22.59763,49.51318,22.06847,21.91351,30.00228,-1.385966,16.74282,0.9902304,14.09431,0.9622146,0.9794154,0.958204,228.0935,62.98684,11.7065,53.69728,10.48717,5.732926,6.169144
2025-12-30 18:13:00,-1.57576,17.35752,0.5827999,15.6722,0.574468,0.5323369,0.5845988,853.1717,61.20528,15.28021,61.94848,15.20429,7.265278,9.681472,460.474,56.31225,22.62907,49.48288,21.66335,22.05319,29.86341,-1.45369,16.68184,0.9480449,14.05999,0.9327189,0.9743722,0.993438,228.8552,62.98717,11.71339,53.69287,10.36279,5.634745,6.271329
2025-12-30 18:14:00,-1.466048,17.31488,0.5958337,15.71885,0.5854712,0.5098823,0.5783076,852.162,61.11511,15.14852,61.61649,15.17457,7.12846,9.692259,461.0726,56.31927,22.76491,49.51373,21.44984,21.37255,29.92603,-1.459425,16.83894,0.9508822,13.99039,0.9566165,0.9754908,0.9526941,228.7619,62.97557,11.80564,53.69202,10.50093,5.819074,6.122901
2025-12-30 18:15:00,-1.589661,17.39962,0.6277525,15.66882,0.5361249,0.5097337,0.5627803,851.7175,61.01783,15.25491,61.8655,15.19255,7.227791,9.65101,459.1586,56.32403,22.6001,49.52619,21.77467,21.36196,29.9754,-1.697937,16.85821,0.9734465,14.0306,0.9774484,0.9755549,0.9822183,228.5656,62.94001,11.63823,53.6868,10.49646,5.829964,6.213525
2025-12-30 18:16:00,-1.551437,17.32062,0.6062422,15.66545,0.578007,0.5298995,0.5811581,850.9746,60.46712,15.20246,61.84916,15.20889,7.119521,9.667912,459.7211,56.3194,22.60918,49.51821,21.99359,21.92272,30.04041,-1.492807,16.74461,0.9748008,14.06444,0.9552002,0.9770735,0.9669399,228.5577,62.95218,11.74564,53.69342,10.50083,5.680065,6.127346
2025-12-30 18:17:00,-1.498587,17.35418,0.6195179,15.66817,0.5461391,0.5141732,0.5592051,852.1541,60.70792,15.21222,61.69884,15.17527,7.127336,9.691026,459.9835,56.2951,22.40783,49.55302,21.47521,21.9335,30.02122,-1.454701,16.66751,0.9528954,14.15969,0.9476708,0.9777067,0.9210236,228.7035,62.96105,11.65037,53.69554,10.41992,5.673234,6.100577
2025-12-30 18:18:00,-1.471307,17.26303,0.6034581,15.67497,0.5712311,0.5294195,0.5729491,852.0099,60.36428,15.17726,61.89648,15.16214,7.182407,9.702763,460.3897,56.30206,22.51252,49.5439,21.65061,21.45718,29.99493,-1.487652,16.64963,0.9560145,14.09759,0.9432425,0.9791054,0.9819106,228.5787,62.96895,11.72754,53.68296,10.49887,5.736847,6.139683
2025-12-30 18:19:00,-1.474927,17.35101,0.6096398,15.71577,0.5551063,0.5310181,0.5597374,852.7123,60.74583,15.1663,61.44903,15.1943,7.223243,9.667145,461.0194,56.31467,22.52146,49.62504,21.81527,21.50139,30.0096,-1.360433,16.79166,0.9854124,14.09016,0.956428,0.9986517,0.9857067,229.1433,62.97253,11.83642,53.68159,10.4975,5.62139,6.154592
2025-12-30 18:20:00,-1.478386,17.5204,0.6025058,15.70115,0.5769285,0.5404754,0.563924,852.6746,60.98068,15.24794,61.53538,15.17048,7.086608,9.692889,460.262,56.32585,22.61053,49.55424,21.75924,22.07816,30.0525,-1.389252,16.79689,0.9875011,14.11,0.9586679,0.9520572,0.9971346,229.0202,62.99848,11.83342,53.68254,10.45875,5.624575,6.124085
2025-12-30 18:21:00,-1.497505,17.34365,0.6258051,15.6826,0.5575733,0.5142008,0.579795,853.1944,60.91803,15.18441,61.90777,15.23504,7.22679,9.696541,460.7921,56.34168,22.56087,49.51146,21.42785,21.93724,30.06852,-1.426049,16.74085,0.9594099,14.09854,0.9951175,0.9663389,0.9854293,228.5974,62.98544,11.67614,53.65078,10.4733,5.811172,6.219044
2025-12-30 18:22:00,-1.483086,17.41911,0.622476,15.78947,0.5679135,0.5338541,0.5616793,851.0935,61.1606,15.16042,61.89302,15.21605,7.047838,9.675717,460.0573,56.33224,22.4797,49.5024,21.42638,21.86447,30.03818,-1.484118,16.75849,0.9750177,14.10087,0.9943357,0.9440008,0.995518,228.3126,62.99663,11.76185,53.66295,10.55608,5.779063,6.267674
2025-12-30 18:23:00,-1.546717,17.36049,0.615757,15.70338,0.5793077,0.5301712,0.56726,850.9634,60.52728,15.1703,61.57999,15.25843,7.171934,9.681259,461.1027,56.33532,22.44621,49.51182,21.8938,21.42246,30.04882,-1.383873,16.6483,0.9589289,14.11197,0.959764,0.9905624,0.9650373,229.0794,62.96664,11.7631,53.66768,10.43246,5.816523,6.265759
2025-12-30 18:24:00,-1.496295,17.31498,0.6201148,15.64221,0.5641501,0.5365544,0.5804513,852.4965,60.76299,15.23162,61.79338,15.19932,7.273865,9.701442,461.7709,56.29744,22.49345,49.53141,21.87315,21.44957,30.13048,-1.433392,16.6207,0.9775156,14.11039,0.9596354,0.9829637,0.9742715,228.5534,62.97922,11.72492,53.67154,10.5273,5.777191,6.177419
2025-12-30 18:25:00,-1.548996,17.32955,0.6184417,15.63157,0.5710145,0.5326831,0.5614181,852.0769,60.74564,15.1878,61.64286,15.25746,7.203297,9.660316,461.3728,56.31501,22.62272,49.53107,21.53899,21.69212,30.12595,-1.458881,16.83165,0.9713653,14.15912,0.9495872,0.9683471,0.9798673,228.527,62.99905,11.96493,53.64445,10.52521,5.723924,6.157424
2025-12-30 18:26:00,-1.482713,17.23518,0.6307739,15.63459,0.5611615,0.5299451,0.598312,849.9825,61.05758,15.22439,61.70156,15.19153,7.214156,9.653561,460.6473,56.30592,22.60863,49.51155,21.5335,21.92124,30.06752,-1.276602,16.87501,0.9612883,14.11207,0.9658219,0.973243,0.9586861,228.1599,62.95968,11.7633,53.67013,10.47874,5.67514,6.212253
2025-12-30 18:27:00,-1.451887,17.39287,0.6352552,15.68513,0.5682458,0.531013,0.5718243,848.4978,60.77823,15.16513,61.84658,15.12651,7.18139,9.709972,461.5878,56.28517,22.56823,49.53429,21.71491,21.60907,30.09775,-1.532357,16.74909,0.9735331,14.10204,0.9572347,0.9751806,0.9643791,228.5437,62.92595,11.76096,53.66341,10.48181,5.725496,6.117929
2025-12-30 18:28:00,-1.570861,17.29322,0.6326628,15.69122,0.5640801,0.519186,0.5888986,847.8417,60.90361,15.19949,61.37329,15.17216,7.175397,9.700016,462.0061,56.28984,22.49809,49.51591,21.52076,21.47531,30.08871,-1.426625,16.73264,0.9587075,14.14932,0.9526877,0.9560566,0.9892821,229.014,62.93904,11.80835,53.65183,10.46748,5.64212,6.223633
2025-12-30 18:29:00,-1.519001,17.44756,0.6407379,15.62364,0.5705613,0.5532535,0.5657607,849.4224,60.96132,15.19477,61.77177,15.25394,7.184365,9.702324,462.047,56.28888,22.682,49.54495,21.81,21.52039,30.16694,-1.344291,16.80772,0.954806,14.09821,0.9391425,0.9788707,0.9884089,229.0781,62.94653,11.74211,53.65954,10.47615,5.653025,6.181901
2025-12-30 18:30:00,-1.466853,17.31501,0.6082513,15.63968,0.5668026,0.5314855,0.5712507,848.0864,60.46286,15.2295,61.73257,15.17787,7.10191,9.673642,460.3664,56.28309,22.86039,49.61901,22.01131,21.78873,30.18903,-1.404813,16.6655,0.9663942,14.1396,0.9377396,0.9892106,0.9651086,228.5574,62.95102,11.78681,53.65863,10.49558,5.702065,6.209277
2025-12-30 18:31:00,-1.557127,17.33888,0.6044106,15.67159,0.5637844,0.5355394,0.5719199,847.256,60.63993,15.26659,61.80079,15.22274,7.202581,9.716931,459.865,56.28492,22.76806,49.62386,21.83887,21.65613,30.19597,-1.572026,16.80355,0.9731721,14.06371,0.9915342,0.9682459,0.9931075,228.5013,62.95689,11.83182,53.65822,10.50848,5.632545,6.098878
2025-12-30 18:32:00,-1.480335,17.30758,0.6117957,15.68933,0.5660796,0.5308231,0.5670117,847.8721,60.61568,15.11302,61.63201,15.19172,7.196822,9.701313,460.6801,56.28451,22.59357,49.61947,21.57649,21.45773,30.1821,-1.532132,16.816,0.9848776,14.09678,0.9666436,0.9807963,0.9648685,228.8036,62.94662,11.85245,53.64317,10.4601,5.987208,6.232104
2025-12-30 18:33:00,-1.480075,17.33578,0.6266352,15.72082,0.5650205,0.506369,0.5813543,849.1005,60.63483,15.1073,61.72055,15.24334,7.111984,9.689099,461.5132,56.30309,22.51154,49.59901,21.50363,21.49135,30.10735,-1.3266,16.72514,0.9676086,14.14528,0.9655491,0.9708618,0.9579711,228.8786,62.92886,11.77522,53.64125,10.54571,5.679618,6.259432
2025-12-30 18:34:00,-1.522556,17.17024,0.6216853,15.69015,0.57809,0.5432497,0.5571796,851.2101,60.79392,15.13507,61.45326,15.19529,7.209248,9.70935,462.7848,56.29563,22.53396,49.62264,21.8601,21.60252,30.13161,-1.431186,16.77461,0.9453132,14.06758,0.9667896,0.958356,0.9567183,228.4993,62.93088,11.83524,53.63259,10.52619,5.641673,6.220345
2025-12-30 18:35:00,-1.573321,17.28492,0.618583,15.74496,0.5687134,0.5194812,0.5625656,850.5718,60.53654,15.20746,61.5465,15.20386,7.128107,9.700956,461.9281,56.29563,22.67701,49.59787,21.91811,21.68509,30.17768,-1.388158,16.83948,0.9682284,14.12318,0.9396762,0.9862869,0.9503462,228.6371,62.9105,11.89354,53.63003,10.56621,5.62199,6.278459
2025-12-30 18:36:00,-1.446208,17.34203,0.6287996,15.67777,0.5648252,0.5305357,0.6029373,851.5358,60.85363,15.139,61.44425,15.19556,7.178213,9.72214,461.5199,56.29887,22.61337,49.55712,21.55913,21.86496,30.1668,-1.421182,16.69929,0.9483248,14.12398,0.9324913,0.9984869,0.9634703,228.8261,62.9072,11.83658,53.63333,10.56663,5.751334,6.208317
2025-12-30 18:37:00,-1.531224,17.25836,0.6281892,15.69705,0.5764002,0.5349844,0.5814774,851.6219,60.8827,15.29572,61.73142,15.16562,7.165946,9.707608,461.3011,56.2837,22.57352,49.52247,21.63137,21.81756,30.14268,-1.37374,16.88018,0.9629537,14.09242,0.9436258,0.9797843,0.9424877,228.6862,62.91068,11.85934,53.62904,10.51663,5.671403,6.259863
2025-12-30 18:38:00,-1.554606,17.35544,0.6085383,15.74115,0.5510681,0.5309862,0.5729899,849.7529,60.71129,15.18187,61.47927,15.21218,7.205053,9.716653,461.6153,56.29689,22.71496,49.59861,21.61763,21.66238,30.19322,-1.477832,16.84624,0.9763861,14.04985,0.9603058,0.995671,0.9591696,228.2973,62.91406,11.91001,53.6466,10.5133,5.777921,6.267052
2025-12-30 18:39:00,-1.548135,17.19466,0.6071948,15.68809,0.5795327,0.5283189,0.5540064,851.4064,60.59122,15.24316,61.87328,15.27126,7.128217,9.740736,462.516,56.28462,22.92075,49.50972,21.68924,21.6219,30.23225,-1.29623,16.89715,0.9756545,14.05295,0.9651458,0.9779534,0.948389,228.6837,62.88578,11.88295,53.64192,10.59824,5.645769,6.222321
2025-12-30 18:40:00,-1.49203,17.22168,0.6143626,15.68343,0.5822399,0.5213102,0.5465475,849.8215,60.65292,15.21475,61.5599,15.1783,7.114554,9.709164,459.3714,56.28792,22.85443,49.50656,22.17509,21.77991,30.27214,-1.432833,16.77381,0.9681705,14.11308,0.9668583,0.9714275,0.962913,227.5543,62.92404,11.90209,53.63866,10.51634,5.760086,6.190805
2025-12-30 18:41:00,-1.473688,17.3311,0.6113446,15.76383,0.5861695,0.5277653,0.5815036,846.6359,60.30732,15.15319,61.52152,15.22679,7.204985,9.660811,458.9231,56.30793,22.80065,49.50262,21.88271,21.91107,30.23465,-1.363496,16.64412,0.9875481,14.08841,0.948809,0.9879521,0.9674042,227.1816,62.91071,11.85229,53.63337,10.54453,5.695324,6.205831
2025-12-30 18:42:00,-1.478822,17.4271,0.5964633,15.71675,0.5733857,0.534494,0.5713712,847.2285,60.71441,15.18136,61.41159,15.22459,7.111357,9.678958,462.1535,56.28986,22.73658,49.53372,21.81925,21.66932,30.28874,-1.426626,16.64546,0.9869053,14.06082,0.9622704,0.961543,0.970828,228.3266,62.89945,11.84803,53.63288,10.44796,5.591379,6.216737
2025-12-30 18:43:00,-1.476636,17.2808,0.6037838,15.68221,0.5762637,0.5614518,0.5726418,848.4033,60.30236,15.18447,61.55223,15.19064,7.240684,9.689227,464.4049,56.30133,22.48253,49.52843,21.39263,21.69616,30.25229,-1.446365,16.69139,0.9602714,14.04099,0.9456394,0.9671415,0.9829502,229.3298,62.89709,11.85131,53.63044,10.55066,5.755707,6.290348
2025-12-30 18:44:00,-1.580996,17.32953,0.6133332,15.73716,0.5618004,0.525402,0.5518093,850.384,60.59479,15.20458,61.84574,15.14583,7.10446,9.648726,462.6869,56.27669,22.52173,49.53217,21.84116,21.52679,30.27746,-1.377402,16.73952,0.9656066,14.11148,0.9567231,0.9807116,0.9776768,228.9657,62.88798,11.91352,53.62423,10.53387,5.810946,6.283913
2025-12-30 18:45:00,-1.512906,17.40579,0.6002516,15.68567,0.5534328,0.5345656,0.5904886,851.0311,61.08177,15.19878,61.98548,15.1822,7.222518,9.690382,461.6067,56.2728,22.7303,49.51351,21.59256,21.6101,30.33282,-1.454063,16.91516,0.9387412,14.12927,0.9465473,1.006039,0.9563962,228.7943,62.89996,11.87766,53.63716,10.53032,5.681847,6.21059
2025-12-30 18:46:00,-1.373567,17.40409,0.6237035,15.71845,0.5498555,0.5538131,0.5669006,850.2637,60.40468,15.16272,61.45737,15.18832,7.114928,9.652173,460.5376,56.28236,22.53777,49.51754,21.86994,21.69491,30.29511,-1.571517,16.98064,0.9708426,14.12881,0.9188406,0.973218,0.9464777,228.363,62.89217,12.03619,53.63615,10.59856,5.596326,6.312654
2025-12-30 18:47:00,-1.468354,17.39397,0.6209655,15.71203,0.5802216,0.5068728,0.5396775,849.0798,60.82269,15.09825,61.31293,15.18755,7.111712,9.697205,461.5074,56.27389,22.62237,49.49974,21.78417,22.03145,30.2321,-1.343822,16.7008,0.9729698,14.08186,0.9758089,0.9564616,0.9927142,228.9048,62.91469,11.89222,53.61283,10.52374,5.623397,6.23928
2025-12-30 18:48:00,-1.510777,17.21696,0.6209906,15.71381,0.5784443,0.5316848,0.5374025,849.6568,60.52756,15.20129,61.76016,15.24661,7.235677,9.693166,463.3719,56.2916,22.72825,49.50007,21.5838,21.88892,30.30103,-1.457368,16.79712,0.9984766,14.08305,0.9581051,0.996244,0.9591042,229.1783,62.89033,11.8787,53.61787,10.61511,5.761844,6.255885
2025-12-30 18:49:00,-1.368988,17.39751,0.6213301,15.70283,0.5662537,0.535588,0.594135,849.3301,60.50922,15.07599,61.89505,15.14528,7.201329,9.736547,463.4633,56.29082,22.75702,49.50263,21.56929,21.92028,30.21939,-1.560699,16.76653,1.012514,14.12485,1.003201,0.9884198,0.9742017,228.7719,62.88096,11.74547,53.59014,10.56777,5.524754,6.117898
2025-12-30 18:50:00,-1.485631,17.29555,0.5966836,15.64493,0.569171,0.5453461,0.5505033,849.5245,60.62589,15.0878,61.8255,15.29291,7.21442,9.692603,461.8554,56.27753,22.72584,49.53354,21.41596,21.55009,30.22642,-1.339682,16.83719,0.9652698,14.14749,0.9211452,0.9678608,0.9708276,228.2019,62.88015,12.00798,53.62173,10.52991,5.655266,6.138059
2025-12-30 18:51:00,-1.585018,17.3236,0.6267617,15.66785,0.5714474,0.5408868,0.5494772,850.8502,60.60127,15.21975,61.68453,15.21225,7.317098,9.725559,460.7975,56.23861,22.74699,49.49992,21.92722,21.5042,30.23892,-1.57515,16.61223,0.9562007,14.11926,0.9400943,0.9901236,0.962505,228.308,62.87157,11.88268,53.62146,10.52506,5.710757,6.229383
2025-12-30 18:52:00,-1.52662,17.35045,0.5912087,15.69648,0.5738046,0.5310048,0.5727092,849.2463,60.48526,15.20828,61.74701,15.10135,7.146944,9.713486,461.6841,56.26589,22.86243,49.51542,22.08087,22.07544,30.32501,-1.448787,16.76138,0.9838827,14.12599,0.9636449,0.9877682,0.9256619,228.7429,62.88741,12.00111,53.60188,10.59672,5.729259,6.123559
2025-12-30 18:53:00,-1.477856,17.42114,0.592645,15.62671,0.5675216,0.5506128,0.5354238,850.0867,60.50126,15.11461,61.79788,15.19362,7.16194,9.70478,462.9746,56.25684,22.79713,49.51314,21.59419,22.22093,30.30875,-1.412663,16.76062,0.9711754,14.09266,0.9854438,0.999605,0.9652743,228.9977,62.88541,11.94371,53.59245,10.56636,5.690014,6.344241
2025-12-30 18:54:00,-1.702214,17.3472,0.5897195,15.70637,0.5475239,0.5322201,0.5404292,850.64,60.27823,15.17581,61.89885,15.19501,7.173259,9.75134,463.155,56.29199,22.49372,49.53512,21.68681,21.76766,30.26423,-1.441989,16.86709,0.9654018,14.07775,0.9621762,0.9935088,0.9781883,228.9008,62.86486,11.81935,53.60604,10.51616,5.760004,6.295444
2025-12-30 18:55:00,-1.491902,17.3539,0.6022401,15.66499,0.5490636,0.5296996,0.572568,851.2755,61.06323,15.25438,61.50978,15.23053,7.194268,9.686269,462.3882,56.26628,22.68323,49.51461,21.36396,21.95409,30.27711,-1.228065,16.72894,0.9837061,14.20609,0.9699091,0.9789763,0.9276499,228.9953,62.86664,11.83141,53.6015,10.56412,5.644753,6.149759
2025-12-30 18:56:00,-1.615126,17.34216,0.5979858,15.68372,0.5726616,0.5277107,0.5689173,850.2854,60.62117,15.25392,61.78044,15.17681,7.182932,9.691733,462.4118,56.26033,22.7696,49.44743,21.50216,21.83677,30.24419,-1.411769,16.66549,0.9804677,14.1763,0.9575214,0.9656369,0.9299631,228.7746,62.8609,11.89064,53.60209,10.62092,5.710945,6.272751
2025-12-30 18:57:00,-1.473768,17.28896,0.5885397,15.67507,0.5566306,0.5307593,0.5647851,849.5504,60.62868,15.18971,61.87226,15.18967,7.24245,9.731483,462.1697,56.25312,22.5112,49.45777,21.40795,21.67835,30.24375,-1.417666,16.72699,0.9893581,14.10354,0.9426011,0.9500827,0.9099804,229.1092,62.875,11.86913,53.61644,10.54217,5.68465,6.261049
2025-12-30 18:58:00,-1.55641,17.36118,0.6074755,15.69889,0.5840846,0.5224761,0.586743,847.8258,60.9297,15.15811,61.4158,15.17897,7.333007,9.673539,462.4121,56.24484,22.64422,49.42115,21.53799,21.81975,30.31894,-1.348806,16.72905,0.9822181,14.05651,0.9479831,0.9762855,0.9389508,228.9362,62.86553,11.89457,53.6085,10.56277,5.652797,6.183397
2025-12-30 18:59:00,-1.605292,17.44032,0.6122934,15.69334,0.5570295,0.544361,0.5679037,848.3663,61.13131,15.27462,61.79872,15.27618,7.13095,9.701578,462.3221,56.25127,22.44985,49.42543,21.82513,21.81072,30.33998,-1.374052,16.70823,0.968538,14.09555,0.9735526,0.9686843,0.9659517,228.7068,62.8707,11.92528,53.59272,10.57576,5.729846,6.12009
2025-12-30 19:00:00,-1.422627,17.36027,0.6189429,15.72896,0.5532991,0.5296447,0.5517419,848.7352,60.66008,15.23286,61.6527,15.22962,7.24508,9.708649,462.1763,56.25545,22.63339,49.42469,21.90237,21.80888,30.38421,-1.392643,16.72423,0.9845412,14.09558,0.9458805,0.9966558,0.9548154,228.6631,62.84223,11.83689,53.60912,10.55795,5.74698,6.18056
2025-12-30 19:01:00,-1.523136,17.33101,0.6178748,15.68782,0.5612499,0.5450855,0.5565364,849.3129,60.91977,15.23262,61.5685,15.22602,7.203226,9.73467,462.5528,56.22696,22.72954,49.4167,21.44311,22.15509,30.36267,-1.359375,16.80012,0.9551765,14.06979,0.9679171,0.9686072,0.9455751,228.8643,62.87259,11.91847,53.59941,10.55808,5.670472,6.196373
2025-12-30 19:02:00,-1.515222,17.23993,0.6223181,15.72125,0.568937,0.5307977,0.5576458,851.7676,60.59143,15.12681,61.54431,15.23651,7.239923,9.684203,462.1758,56.23999,22.71027,49.42297,21.4874,22.08434,30.41548,-1.393151,16.73511,0.9680482,14.05353,0.9407954,1.003752,0.9482026,229.1211,62.86768,11.75705,53.60327,10.53158,5.689681,6.315103
2025-12-30 19:03:00,-1.571154,17.34231,0.625901,15.72855,0.5585917,0.5097173,0.5493341,851.7142,60.49426,15.25685,61.28769,15.23977,7.204299,9.729982,463.5103,56.22522,22.70846,49.42556,21.7004,21.66279,30.38881,-1.455383,16.70637,0.949985,14.13395,0.968798,0.9863919,0.9620332,229.0241,62.86936,11.84153,53.60013,10.50675,5.766461,6.252461
2025-12-30 19:04:00,-1.561864,17.29474,0.6168202,15.64678,0.5487289,0.5175987,0.5468566,851.535,60.54463,15.06075,61.97037,15.24233,7.157283,9.703052,463.5632,56.26922,22.64153,49.42044,21.44869,21.82195,30.4307,-1.509209,16.60184,0.9643918,14.07207,0.9840851,0.9915254,0.9614405,229.2014,62.87453,11.85777,53.57611,10.50577,5.676183,6.256942
2025-12-30 19:05:00,-1.505521,17.30611,0.6006398,15.69519,0.5798432,0.5291399,0.5724453,851.8474,60.55606,15.21104,61.64856,15.23173,7.195812,9.730984,463.9892,56.23856,22.62329,49.48731,21.95571,21.63052,30.43232,-1.383451,16.72364,0.9982756,14.07165,0.9682409,0.9903893,0.92055,229.6387,62.87028,11.77764,53.58073,10.50436,5.651066,6.181499
2025-12-30 19:06:00,-1.496319,17.3196,0.589997,15.70599,0.5701244,0.5294693,0.5562673,852.5074,60.56168,15.12614,61.63,15.17468,7.173917,9.715066,463.4088,56.26503,22.61705,49.53268,21.5241,21.99217,30.45335,-1.425454,16.70815,0.9613295,14.14421,0.9661297,0.9645905,0.9688609,229.3231,62.86652,11.89962,53.5857,10.44934,5.659785,6.232831
2025-12-30 19:07:00,-1.496215,17.46241,0.5936945,15.69931,0.5506204,0.531104,0.5633886,851.3584,60.46322,15.15133,61.92353,15.16195,7.196164,9.719689,463.1976,56.28291,22.69158,49.50308,21.67716,21.83117,30.49921,-1.267985,16.85184,0.9893965,14.11429,0.963446,0.9778392,0.9495116,229.1142,62.88496,11.84106,53.56773,10.47917,5.826449,6.245005
2025-12-30 19:08:00,-1.529843,17.27707,0.5885768,15.7053,0.5653509,0.5310135,0.5733774,849.3482,60.79851,15.22253,61.75827,15.23002,7.227497,9.692617,461.4648,56.25124,22.87422,49.43321,21.90576,21.6767,30.45766,-1.380916,16.75712,0.9731141,14.07772,0.9665843,0.9692047,0.95864,228.717,62.88328,11.76447,53.55879,10.56723,5.626153,6.248517
2025-12-30 19:09:00,-1.536659,17.33216,0.6069786,15.66947,0.5593454,0.5271226,0.5605984,848.9188,60.98642,15.22925,61.68169,15.22034,7.194966,9.67955,463.4898,56.25143,22.83165,49.52794,21.7364,22.24872,30.54473,-1.275346,16.79417,0.9706473,14.09694,0.9219368,0.9714169,0.9517436,229.2813,62.85819,11.93317,53.57538,10.50127,5.606048,6.257743
2025-12-30 19:10:00,-1.520066,17.405,0.6166059,15.64389,0.5735407,0.5426695,0.5353599,844.9911,60.61229,15.0801,61.55334,15.1931,7.202784,9.718968,462.4582,56.24612,22.66716,49.50018,21.68239,22.11354,30.43187,-1.390308,16.834,0.9491358,14.08832,0.9417776,0.9826737,0.9644186,229.0795,62.86908,11.78755,53.56849,10.51343,5.677354,6.306136
2025-12-30 19:11:00,-1.522181,17.26146,0.6110655,15.65714,0.5812442,0.5310104,0.5733956,846.5216,60.49346,15.12376,61.70575,15.08469,7.151617,9.711009,463.8444,56.2456,22.82424,49.50253,21.71226,22.26116,30.49486,-1.361808,16.71148,0.9536806,14.11275,0.963657,0.9796199,0.9448981,229.3881,62.861,11.89947,53.58685,10.53024,5.701258,6.199578
2025-12-30 19:12:00,-1.491797,17.31772,0.6181145,15.66873,0.5857053,0.5305948,0.5813968,847.2639,60.66676,15.26569,61.96539,15.20863,7.158736,9.669995,463.5895,56.25171,22.74388,49.50762,21.53507,22.29331,30.45955,-1.472991,16.71673,0.964744,14.12889,0.9510167,0.9676179,0.9589167,229.1825,62.86419,11.86958,53.58422,10.52207,5.802577,6.266224
2025-12-30 19:13:00,-1.539343,17.26268,0.6183613,15.7826,0.5707703,0.5470501,0.5488359,848.1792,60.67834,15.08167,61.90143,15.22424,7.220447,9.673458,463.7608,56.22839,22.78496,49.50396,21.69482,22.01484,30.5011,-1.55723,16.79548,0.9664401,14.08054,0.9547524,0.9773697,0.9632977,229.4255,62.8702,11.85425,53.58295,10.47667,5.634427,6.335787
2025-12-30 19:14:00,-1.503923,17.26158,0.5988685,15.74814,0.5620099,0.5381659,0.5609108,848.8851,60.48235,15.18853,61.76628,15.20329,7.12284,9.65426,463.0743,56.27682,22.72726,49.52701,21.55423,22.2094,30.44522,-1.351119,16.72173,0.9415964,14.08993,0.9346845,1.016779,0.938709,229.4482,62.87167,11.86922,53.57184,10.41731,5.554542,6.161764
2025-12-30 19:15:00,-1.403478,17.1685,0.6053388,15.71124,0.5833432,0.5329638,0.5533912,848.9448,60.4336,15.17056,61.83771,15.15522,7.318099,9.647914,462.4702,56.25139,22.75261,49.52026,21.64198,21.84218,30.40262,-1.4965,16.75814,0.9701915,14.13964,0.9457392,0.9813008,0.9642678,228.7128,62.87213,11.93337,53.56131,10.59611,5.682204,6.240471
2025-12-30 19:16:00,-1.485416,17.32768,0.5887123,15.70484,0.5801951,0.5273663,0.577316,847.8013,60.41964,15.16389,61.43616,15.21807,7.146739,9.687491,462.3964,56.25697,22.67444,49.50641,21.42618,21.86352,30.454,-1.479465,16.87346,0.9895352,14.10148,1.010743,1.022446,0.9552985,228.7231,62.87497,11.79929,53.58358,10.49914,5.689207,6.381378
2025-12-30 19:17:00,-1.535691,17.28756,0.601142,15.73236,0.5514387,0.5223903,0.591851,849.3052,60.64933,15.17093,61.7211,15.19894,7.255424,9.671949,463.8336,56.28762,22.87898,49.532,21.59672,21.77911,30.48928,-1.445226,16.69291,0.970203,14.11083,0.9762945,1.0081,0.9387167,229.2697,62.87502,11.82916,53.57326,10.58158,5.632232,6.239866
2025-12-30 19:18:00,-1.492633,17.39879,0.6052797,15.69459,0.5760388,0.5309798,0.5836275,848.8938,60.55807,15.23454,61.71353,15.15963,7.187688,9.649928,463.2402,56.24902,22.74007,49.50367,21.78118,21.78358,30.5072,-1.409869,16.86571,0.9760355,14.07288,0.9711455,0.9691278,0.9835936,229.1393,62.85506,11.79809,53.55826,10.53146,5.536879,6.32408
2025-12-30 19:19:00,-1.496185,17.36421,0.5859555,15.74177,0.5525737,0.5025514,0.5634499,847.6381,60.70571,15.13232,61.68031,15.20264,7.279233,9.681568,462.7986,56.27341,22.88271,49.43616,21.89674,22.04411,30.48016,-1.39601,16.70392,0.9848981,14.00126,0.9276202,1.002658,0.9645613,228.7906,62.87528,11.80762,53.5728,10.44179,5.713803,6.273186
2025-12-30 19:20:00,-1.553186,17.27447,0.6017562,15.6971,0.56938,0.5258426,0.5683579,848.2249,60.46217,15.16846,61.62604,15.26451,7.114909,9.704036,462.9012,56.25992,22.95659,49.44534,22.17404,22.04466,30.48542,-1.28816,16.78734,0.9846915,14.07274,0.9759689,0.968438,0.9444178,228.7951,62.85909,11.8293,53.54486,10.49262,5.673963,6.185952
2025-12-30 19:21:00,-1.481089,17.34979,0.6285236,15.6318,0.5813206,0.530724,0.5586361,849.3079,60.74904,15.21825,61.69134,15.20943,7.185512,9.689186,463.3345,56.28572,22.99737,49.4758,22.12663,22.03878,30.57617,-1.436158,16.62273,0.9878211,14.02263,0.9232939,1.01366,0.9642305,229.0872,62.85974,11.81578,53.54938,10.55484,5.740955,6.270638
2025-12-30 19:22:00,-1.433906,17.22557,0.6201499,15.67779,0.5593625,0.5351083,0.5786129,850.0367,60.29417,15.20176,61.86047,15.13874,7.141422,9.6984,463.1836,56.28425,22.80635,49.42284,21.7157,22.22875,30.5529,-1.368845,16.72154,0.9814494,14.12268,0.9417884,0.9639111,0.9431553,229.3701,62.87613,11.84068,53.57438,10.47821,5.554719,6.301615
2025-12-30 19:23:00,-1.564316,17.32924,0.5948564,15.71117,0.5600308,0.5310048,0.5718631,850.1927,60.60044,15.18468,61.68011,15.22457,7.169582,9.691768,463.0317,56.28827,22.83714,49.41949,21.85045,21.96318,30.47874,-1.42142,16.76161,0.9797609,14.10726,0.9353726,1.005581,0.9225972,229.107,62.87651,11.91201,53.5423,10.61974,5.638824,6.22967
2025-12-30 19:24:00,-1.508178,17.40915,0.5817419,15.65333,0.5476562,0.5310256,0.5813228,848.0889,60.7128,15.16061,61.58733,15.14977,7.108262,9.717019,461.8,56.28254,23.13056,49.42268,21.78494,22.24245,30.49755,-1.396905,16.76769,0.9469697,14.0014,0.9162297,0.9765816,0.9176915,228.4884,62.8753,11.66902,53.58424,10.42348,5.659523,6.222402
2025-12-30 19:25:00,-1.36279,17.22237,0.6233792,15.63459,0.5728174,0.5310131,0.5621351,848.6851,60.78973,15.25179,61.75231,15.15639,7.258326,9.712192,461.7501,56.25741,22.80935,49.40993,21.57781,22.27094,30.39981,-1.345397,16.65868,0.9664035,14.18348,0.9264125,0.9665142,0.9555646,228.7667,62.86674,11.79502,53.55956,10.49188,5.755644,6.258206
2025-12-30 19:26:00,-1.549238,17.16806,0.6273891,15.69291,0.5553799,0.5604922,0.5996793,849.5232,60.93235,15.19828,61.28139,15.24358,7.160281,9.696606,461.9507,56.27876,22.91029,49.40016,21.55394,21.84076,30.45079,-1.344621,16.64736,0.9989597,14.11828,0.9306217,0.9969894,0.9629088,228.8106,62.85349,11.96558,53.54055,10.54282,5.797581,6.341597
2025-12-30 19:27:00,-1.503054,17.33577,0.6100359,15.67329,0.5625833,0.5349191,0.5628648,849.4158,60.69189,15.25342,61.77436,15.1195,7.327706,9.716733,462.0807,56.29165,22.90812,49.46697,21.62818,21.61294,30.46574,-1.472004,16.78647,0.9607875,14.08674,0.9193412,0.9425012,1.001297,228.9379,62.85472,12.03307,53.57594,10.65396,5.731963,6.331595
2025-12-30 19:28:00,-1.483711,17.32602,0.5895844,15.68515,0.5862003,0.5311103,0.5554835,849.8901,60.87116,15.22237,61.81424,15.22943,7.2763,9.749678,462.4618,56.30219,22.85151,49.50517,22.10418,21.72381,30.40584,-1.433311,16.69571,0.9659905,14.08243,0.9389799,1.00525,0.9366203,228.7784,62.83864,11.88468,53.57603,10.58713,5.663416,6.310267
2025-12-30 19:29:00,-1.472284,17.39834,0.5899969,15.71669,0.578009,0.530362,0.6213109,848.8326,61.12141,15.26372,61.52337,15.21519,7.187288,9.682967,463.2024,56.27636,23.09839,49.51711,22.07672,21.85052,30.44627,-1.355739,16.75083,0.9571928,14.08665,0.9530673,0.9695566,0.9260104,229.3198,62.82332,11.91741,53.56575,10.63869,5.584342,6.274505
2025-12-30 19:30:00,-1.619164,17.31072,0.6287938,15.70682,0.5492461,0.5189644,0.5961087,849.2721,60.74261,15.20447,61.55816,15.18141,7.205062,9.680545,463.4091,56.28806,22.97089,49.513,21.62477,22.2243,30.41054,-1.54933,16.76602,0.9385102,14.15115,0.9545166,0.9428191,0.9378967,229.6014,62.82766,11.81732,53.56493,10.51904,5.779656,6.316072
2025-12-30 19:31:00,-1.569102,17.36469,0.6286623,15.66534,0.586687,0.5277828,0.6021504,851.4467,61.27538,15.19802,61.61955,15.16786,7.318992,9.707596,463.1783,56.3097,22.678,49.51812,21.58825,22.08387,30.37593,-1.455938,16.78924,0.9645029,14.08148,0.9547776,1.029098,0.9519782,229.4398,62.81827,11.71681,53.57488,10.52501,5.675229,6.137987
2025-12-30 19:32:00,-1.466254,17.3585,0.6279907,15.71081,0.5680931,0.5317931,0.5761241,851.199,60.71756,15.18254,61.5064,15.25668,7.105279,9.638209,463.2611,56.29251,22.8255,49.49972,21.48844,21.99819,30.47182,-1.416883,16.79268,0.9650264,14.08172,0.9164052,0.9666068,0.9426673,229.101,62.8173,11.95825,53.55239,10.49916,5.780879,6.368312
2025-12-30 19:33:00,-1.58614,17.41172,0.6294411,15.77131,0.5786653,0.5428888,0.5978204,851.6907,60.66312,15.1072,61.86435,15.1623,7.196704,9.694558,462.7743,56.2798,22.68927,49.50485,21.364,21.9221,30.3999,-1.468431,16.83539,0.9786135,14.09104,0.9231793,0.9872882,0.9494465,228.7195,62.82053,11.7411,53.5643,10.45065,5.740182,6.203523
2025-12-30 19:34:00,-1.473032,17.39625,0.6361015,15.69705,0.5700698,0.5284631,0.5723965,849.471,60.57497,15.10711,61.1383,15.13064,7.195118,9.694893,462.72,56.2915,22.7392,49.52302,21.38732,21.52517,30.35038,-1.456656,16.82432,0.9671976,14.11436,0.936936,0.9968696,0.9461342,228.9387,62.82795,11.9258,53.57596,10.52454,5.69441,6.256177
2025-12-30 19:35:00,-1.381985,17.37228,0.6272101,15.72846,0.5790401,0.5310161,0.5720881,850.5013,60.81463,15.12114,61.79189,15.11207,7.25562,9.798578,464.417,56.32722,22.51409,49.5257,21.32858,21.87115,30.34288,-1.231854,16.68268,0.9868283,14.12019,0.9533128,0.9690887,0.9241894,229.1172,62.83786,11.68931,53.55421,10.47785,5.781991,6.268734
2025-12-30 19:36:00,-1.553115,17.25963,0.6248449,15.71766,0.5735613,0.5096063,0.5595159,847.9036,60.69722,15.18393,61.72079,15.12585,7.205625,9.725919,463.6783,56.32159,22.69457,49.50727,21.47797,21.55795,30.30137,-1.35761,16.79271,0.9713375,14.06832,0.946057,0.9831496,0.9308553,229.2154,62.84031,11.91553,53.55483,10.51488,5.728807,6.177711
2025-12-30 19:37:00,-1.511889,17.28825,0.6134776,15.67169,0.5573316,0.5248661,0.557921,847.7292,60.5267,15.10585,61.37486,15.06613,7.156813,9.745109,462.8003,56.32115,22.98507,49.50379,21.79745,21.50323,30.27967,-1.357095,16.62146,0.9610798,14.15888,0.9500645,0.9919634,0.9482267,228.6279,62.83286,11.91096,53.55694,10.491,5.822294,6.259141
2025-12-30 19:38:00,-1.537177,17.38738,0.6193391,15.69408,0.5830808,0.5294941,0.557261,846.2828,61.01204,15.11854,61.81121,15.22329,7.207272,9.735759,461.5238,56.32188,22.83878,49.50146,21.80136,21.91032,30.30703,-1.402547,16.79755,0.94761,14.05832,0.9526702,0.9621965,0.9071094,228.7029,62.86395,11.76385,53.5609,10.59758,5.665967,6.325659
2025-12-30 19:39:00,-1.35624,17.3701,0.5878947,15.66171,0.5432236,0.5052735,0.5816067,845.8665,60.56989,15.22137,61.86542,15.18817,7.231016,9.712044,461.9098,56.32343,22.73998,49.4214,21.6989,21.97068,30.2609,-1.511454,16.72723,0.9986622,14.05913,0.9436764,0.9756728,0.942573,229.0854,62.88237,11.85191,53.58796,10.58789,5.583117,6.214284
2025-12-30 19:40:00,-1.539314,17.3284,0.6123737,15.70421,0.5455983,0.5310129,0.5648642,845.8359,60.62749,15.23224,61.93467,15.18209,7.223696,9.633408,462.0384,56.3222,22.65208,49.43209,21.74307,21.89985,30.23223,-1.572738,16.67715,0.9353954,14.09579,0.9497399,0.9898608,0.9500691,228.9994,62.85215,11.79651,53.56683,10.50897,5.678186,6.233799
2025-12-30 19:41:00,-1.513174,17.43797,0.6093884,15.75613,0.5430884,0.5333014,0.5824755,846.9654,60.67999,15.18136,61.48273,15.16127,7.202481,9.705512,462.0094,56.32311,22.69689,49.4114,21.23551,21.76575,30.20023,-1.506399,16.78775,0.9187424,14.12941,0.9319562,0.9596001,0.9264885,228.7964,62.87026,11.73622,53.55789,10.53015,5.66249,6.159314
2025-12-30 19:42:00,-1.520925,17.31122,0.6101815,15.71397,0.57776,0.5327597,0.5786355,848.0126,60.28748,15.24583,62.09032,15.12575,7.186529,9.700995,461.9791,56.32546,22.6432,49.41371,21.25609,21.77987,30.10554,-1.436803,16.65133,0.941117,14.06884,0.9794836,0.9891373,0.9440037,228.7446,62.85964,11.69989,53.57407,10.4475,5.704214,6.225572
2025-12-30 19:43:00,-1.401033,17.40615,0.6096885,15.64272,0.5623524,0.5460705,0.5947723,848.6287,60.40285,15.21951,61.85771,15.17885,7.201612,9.689666,463.0787,56.32456,22.51167,49.41374,21.55529,21.33981,30.10486,-1.426285,16.7374,0.9158297,14.0914,0.9639387,0.9341661,0.9763613,228.9784,62.88902,11.82246,53.56639,10.4323,5.640652,6.268498
2025-12-30 19:44:00,-1.499841,17.35449,0.628322,15.64892,0.5657445,0.5311908,0.5855807,848.2023,61.04096,15.18466,61.85699,15.15737,7.243367,9.656896,464.2095,56.34541,22.64122,49.42515,21.42785,21.34809,30.1201,-1.377771,16.68891,0.9700775,14.17499,0.9489442,0.9966325,1.004389,229.1784,62.87582,11.8738,53.56296,10.54744,5.627798,6.2506
2025-12-30 19:45:00,-1.543124,17.37914,0.6109799,15.67849,0.5641963,0.5233446,0.5780593,848.6214,60.51845,15.22523,61.89256,15.17714,7.210478,9.70774,464.2007,56.35664,22.45842,49.39898,21.30567,21.33194,30.09589,-1.401467,16.57605,0.9333719,14.02951,0.9470455,1.008681,0.9450038,229.2462,62.85567,11.78532,53.54626,10.47516,5.674327,6.243011
2025-12-30 19:46:00,-1.563738,17.29188,0.6072667,15.71787,0.5753281,0.5310122,0.5559475,849.4487,60.49446,15.21812,61.90854,15.1939,7.168293,9.738529,463.039,56.35855,22.7315,49.37829,21.46243,21.34747,30.10025,-1.415397,16.69103,0.9243217,14.10616,0.9913543,0.9786167,0.9443291,228.917,62.85945,11.80706,53.56809,10.55599,5.712519,6.304709
2025-12-30 19:47:00,-1.532886,17.2019,0.6088567,15.70519,0.5742176,0.5280389,0.5586106,849.9257,60.84566,15.11864,61.6932,15.13741,7.162101,9.714372,462.8678,56.34356,22.71839,49.32253,21.43618,21.55197,30.04491,-1.376878,16.751,0.9590369,14.06654,0.9374241,0.9783562,0.9946854,228.9983,62.8472,11.73179,53.57325,10.45872,5.59933,6.268522
2025-12-30 19:48:00,-1.513397,17.37905,0.5939285,15.70448,0.5752836,0.5282201,0.5672057,847.6063,60.53762,15.25467,61.77999,15.14551,7.224727,9.649988,461.4566,56.36343,22.66413,49.41775,21.67397,21.74354,30.03102,-1.41629,16.71414,0.962376,14.1566,0.9428993,0.9877739,0.9045931,228.818,62.86053,11.86959,53.57751,10.57809,5.637208,6.287395
2025-12-30 19:49:00,-1.410419,17.32277,0.6189603,15.73331,0.5734562,0.5193741,0.5497576,847.7091,60.4454,15.21963,61.68742,15.10328,7.21893,9.723969,461.799,56.31469,22.71864,49.39583,21.57471,21.6596,29.97736,-1.397198,16.65775,0.9628067,14.08033,0.931921,0.971096,0.9376534,228.6727,62.87297,11.71898,53.58006,10.45523,5.708126,6.268857
2025-12-30 19:50:00,-1.520082,17.23793,0.6024531,15.67171,0.5645646,0.5140898,0.5715017,848.2111,60.60679,15.1561,61.66188,15.16271,7.11934,9.686788,463.0904,56.33358,22.64527,49.36309,21.31381,21.57559,30.03761,-1.40936,16.90803,0.9735734,14.11839,0.9563459,1.001609,0.9341211,228.4757,62.85965,11.76745,53.55888,10.56073,5.657755,6.322577
2025-12-30 19:51:00,-1.527442,17.35723,0.6154345,15.75951,0.5712733,0.5154868,0.5749001,847.4747,60.75486,15.221,61.63118,15.14386,7.210372,9.710724,464.132,56.33201,22.77793,49.32533,21.55078,21.30839,30.0293,-1.280175,16.88444,0.9415197,14.14912,0.9377612,0.9767814,0.9134253,228.9776,62.87626,11.9263,53.55851,10.5451,5.704262,6.390802
2025-12-30 19:52:00,-1.525052,17.35778,0.6163753,15.69239,0.5536081,0.5245925,0.5607445,846.9222,60.83642,15.13902,61.80849,15.17415,7.2138,9.674865,463.3662,56.33856,22.76503,49.37888,21.49967,21.32909,30.02554,-1.404226,16.73973,0.9373263,14.09875,0.9403666,0.9695081,0.9438421,229.2233,62.84798,11.79247,53.57047,10.54029,5.653135,6.409968
2025-12-30 19:53:00,-1.503802,17.31812,0.6068648,15.68165,0.5651221,0.5362859,0.5553505,849.5547,61.0084,15.22602,61.9118,15.20467,7.21283,9.673773,463.2039,56.34525,22.89063,49.39531,21.45845,21.15504,29.96341,-1.420689,16.6614,0.9455138,14.07914,0.94326,0.9963289,0.9626405,228.9863,62.87087,11.77896,53.55602,10.49867,5.590298,6.403184
2025-12-30 19:54:00,-1.548947,17.35493,0.6087278,15.66872,0.5542945,0.5470328,0.5794993,849.5356,60.81524,15.23243,61.63567,15.14021,7.161691,9.720355,462.6624,56.35277,22.93926,49.42116,21.73009,21.21562,30.02226,-1.254781,16.83037,0.9957555,14.08443,0.9479325,0.9634718,1.009066,228.7699,62.86962,11.7075,53.55396,10.44649,5.674033,6.422277
2025-12-30 19:55:00,-1.557035,17.19079,0.6001151,15.75642,0.5771833,0.5082635,0.5631371,849.6716,60.52071,15.18845,61.80993,15.17203,7.231136,9.639842,462.7995,56.34988,22.83651,49.41657,21.77202,21.42435,30.00729,-1.425298,16.92176,0.8992745,14.14714,0.9602532,0.9854496,0.9383243,228.9098,62.86322,11.83074,53.55521,10.50965,5.647664,6.435935
2025-12-30 19:56:00,-1.57465,17.25961,0.6125231,15.68667,0.5778715,0.5358302,0.5596818,849.2672,61.00494,15.14335,61.84949,15.21187,7.299345,9.669163,462.1437,56.35133,22.83625,49.40731,21.94861,21.35684,29.98228,-1.562447,16.75233,0.9925206,14.12477,0.9469154,0.9690385,0.8925297,229.5379,62.87597,11.87203,53.5498,10.55531,5.708034,6.512555
2025-12-30 19:57:00,-1.700413,17.34079,0.5936281,15.67524,0.5828489,0.5455205,0.5831026,850.0596,60.7282,15.24414,61.94848,15.13045,7.154948,9.724188,463.7238,56.36404,22.76135,49.41588,21.807,21.70475,30.05887,-1.383977,16.62312,0.9352712,14.1354,0.9504099,0.9509401,0.9216548,229.2145,62.86224,11.74666,53.54416,10.6022,5.710756,6.42742
2025-12-30 19:58:00,-1.566716,17.43769,0.6182701,15.6771,0.5696958,0.5329641,0.561362,848.793,60.61532,15.24646,61.80331,15.17132,7.295954,9.698641,463.6197,56.34618,22.74464,49.42072,21.49303,21.78223,30.07295,-1.401052,16.75398,0.9566106,14.05653,0.9205515,0.9736242,0.9240865,229.0523,62.87428,11.88688,53.56356,10.54598,5.685191,6.428201
2025-12-30 19:59:00,-1.639227,17.36106,0.596626,15.63487,0.5367173,0.5344308,0.5768798,848.6157,60.57927,15.22941,61.71017,15.17329,7.216727,9.723966,463.382,56.37617,22.76885,49.40263,21.7045,21.49276,29.93292,-1.264341,16.64344,0.9676951,14.05899,0.9360245,0.9768456,0.8836776,229.5313,62.88353,11.77648,53.56268,10.54843,5.548646,6.360789
2025-12-30 20:00:00,-1.495247,17.24843,0.585529,15.72648,0.544874,0.5297357,0.5768697,848.298,60.68996,15.19898,61.69086,15.18528,7.148058,9.657266,462.5059,56.35678,22.80689,49.39421,21.46309,21.6917,29.97487,-1.334111,16.72447,0.9334194,14.19071,0.9421685,0.9568723,0.9004786,229.0159,62.85704,11.73006,53.57838,10.52284,5.616382,6.436456
2025-12-30 20:01:00,-1.560817,17.31717,0.6017714,15.71265,0.5736534,0.5025325,0.5800827,848.7277,60.76125,15.2078,61.75897,15.16716,7.2198,9.724796,461.8836,56.35161,22.70505,49.41843,21.47246,21.29074,29.96707,-1.360219,16.90278,0.9645073,14.13579,0.9477354,0.9680868,0.8827636,228.7667,62.87754,11.74598,53.56242,10.46698,5.522061,6.337268
2025-12-30 20:02:00,-1.537881,17.31842,0.6195116,15.70679,0.5579509,0.5277497,0.5401636,850.4716,60.2725,15.1653,61.71022,15.19693,7.169783,9.686297,462.6116,56.3562,22.79651,49.41223,21.77697,21.16787,29.90421,-1.391161,16.67085,0.9156508,14.08783,0.9492064,0.9825889,0.8953969,228.8346,62.87946,11.75228,53.5551,10.50146,5.665195,6.416149
2025-12-30 20:03:00,-1.496305,17.36263,0.6082135,15.72523,0.5578223,0.5302503,0.5617474,849.7239,60.40751,15.21341,61.69749,15.17263,7.147665,9.700578,462.9525,56.35454,22.85158,49.42534,21.77549,20.98963,29.93511,-1.523991,16.78305,0.917352,14.07486,0.9586419,1.008219,0.8950208,229.089,62.87371,11.73264,53.56311,10.47929,5.699041,6.406296
2025-12-30 20:04:00,-1.534365,17.27317,0.6163294,15.66341,0.5709977,0.5316357,0.5622474,850.2872,60.96518,15.17576,61.52559,15.2288,7.258956,9.68576,464.0952,56.36488,22.69976,49.42374,21.81784,21.17473,29.96982,-1.553166,16.80313,0.9333099,14.08461,0.9367354,0.9554458,0.9394408,229.3155,62.88367,11.77194,53.56742,10.54613,5.685054,6.404716
2025-12-30 20:05:00,-1.683597,17.25043,0.5864329,15.67604,0.5758228,0.5324606,0.5824502,849.9816,60.77523,15.09819,61.71727,15.21434,7.225776,9.72404,464.1586,56.38049,22.74681,49.39649,21.68152,21.42275,30.00895,-1.502216,16.72384,0.9588825,14.06155,0.9346067,0.979692,0.9393861,229.0191,62.89171,11.78697,53.58778,10.49842,5.497194,6.38097
2025-12-30 20:06:00,-1.584651,17.36069,0.5915375,15.75241,0.5478585,0.5286942,0.5840897,849.2228,61.18279,15.14902,61.92551,15.09755,7.189974,9.679898,464.1754,56.3545,22.91301,49.42551,22.03665,21.09106,29.90345,-1.344809,16.63971,0.9245681,14.1243,0.9261797,0.9693931,0.9524125,228.8147,62.88399,11.78902,53.57717,10.58122,5.630659,6.47164
2025-12-30 20:07:00,-1.522793,17.3208,0.5859689,15.63819,0.5745749,0.5255778,0.5824208,848.2208,60.55396,15.22642,61.78321,15.27067,7.095712,9.666181,463.159,56.34864,22.8919,49.39161,21.81957,21.06767,29.93028,-1.349311,16.86581,0.9402449,14.02212,0.9544567,0.966792,0.9124087,229.1731,62.90218,11.70434,53.58756,10.51931,5.502535,6.451981
2025-12-30 20:08:00,-1.465907,17.45863,0.6196984,15.75543,0.5552128,0.5282834,0.5949493,847.427,60.70702,15.18431,62.00317,15.26511,7.229379,9.715073,462.0079,56.366,22.68825,49.417,21.65739,21.53011,29.91735,-1.465045,16.8899,0.9084758,14.1406,0.950102,0.9913794,0.9321681,229.1045,62.89052,11.74226,53.57655,10.4406,5.598399,6.440341
2025-12-30 20:09:00,-1.586762,17.35845,0.6224992,15.66923,0.5616754,0.5247308,0.5792788,847.7759,60.72657,15.15996,61.45031,15.12612,7.337891,9.727472,461.3492,56.35524,22.82077,49.42556,21.72721,21.53282,29.93539,-1.343129,16.74648,0.8720238,14.02578,0.9705819,0.9929928,0.9639431,229.1491,62.88852,11.80549,53.56453,10.62857,5.758921,6.40025
2025-12-30 20:10:00,-1.582197,17.4125,0.6120353,15.75414,0.5700209,0.536495,0.5824977,847.7948,60.63621,15.15609,61.86322,15.09599,7.267371,9.720357,462.3018,56.36622,22.91079,49.33446,21.3792,21.58302,29.94028,-1.22542,16.93684,0.9405239,14.01735,0.9157497,0.952871,0.9468967,229.1005,62.85418,11.78105,53.55197,10.55989,5.568193,6.548911
2025-12-30 20:11:00,-1.55076,17.25899,0.6095099,15.66856,0.5752752,0.5324693,0.5819961,848.7432,60.52314,15.24183,61.70689,15.22692,7.25776,9.748318,462.8152,56.37885,22.63287,49.4058,21.23266,21.50376,29.92091,-1.345102,16.88017,0.9690427,14.07144,0.9206074,0.97167,0.9060719,229.1955,62.87139,11.79155,53.56388,10.60131,5.618251,6.444762
2025-12-30 20:12:00,-1.503001,17.30378,0.6067973,15.76259,0.5790434,0.5251623,0.5909889,847.8673,60.53622,15.24947,61.54082,15.22133,7.362287,9.758032,462.1508,56.40232,22.5942,49.31889,21.41337,21.12195,29.83051,-1.224838,16.69161,0.9451303,14.03969,0.9558344,0.9653144,1.004742,228.4883,62.87801,11.66077,53.55942,10.52808,5.671334,6.49844
2025-12-30 20:13:00,-1.480852,17.32298,0.624538,15.75292,0.5498185,0.5266052,0.5853155,849.4854,61.01915,15.14612,61.76087,15.22441,7.261591,9.710602,463.3901,56.37636,22.75319,49.41426,21.60883,21.15948,29.88821,-1.365426,16.73779,0.8468972,14.12539,0.9357702,0.9800784,0.889727,228.8766,62.88162,11.69662,53.56606,10.61546,5.51898,6.384287
2025-12-30 20:14:00,-1.508603,17.36941,0.6271385,15.70104,0.5607992,0.5295079,0.5931119,847.421,60.4872,15.1894,61.64781,15.22984,7.164837,9.704616,463.1389,56.38071,22.435,49.41142,21.53047,21.04179,29.81996,-1.36138,16.69378,0.9259464,14.09739,0.9492404,0.9684687,0.9016448,228.5115,62.88089,11.75158,53.54733,10.51311,5.699333,6.517261
2025-12-30 20:15:00,-1.558293,17.41601,0.6191561,15.68029,0.5704927,0.5345247,0.5654399,850.4714,60.89441,15.18691,61.6947,15.20661,7.199353,9.651043,463.5933,56.39223,22.63924,49.331,21.50279,21.16651,29.84487,-1.371395,16.68144,0.9644443,14.10341,0.9320551,0.9843373,0.9408053,228.9322,62.88004,11.74735,53.5702,10.58846,5.47995,6.453027
2025-12-30 20:16:00,-1.500463,17.35014,0.6189116,15.62265,0.5711179,0.5331154,0.5864514,848.3472,60.79557,15.14857,61.78204,15.20511,7.19928,9.71422,463.2357,56.37928,22.62937,49.42093,21.38635,21.1138,29.83298,-1.359254,16.8481,0.9172955,14.07739,0.9396715,0.9662107,0.9337886,228.9682,62.87288,11.71951,53.55558,10.58881,5.719984,6.538255
2025-12-30 20:17:00,-1.634992,17.39836,0.6168019,15.69658,0.5813583,0.5057367,0.5868955,848.692,60.57238,15.28087,61.51152,15.20371,7.191268,9.77385,463.7543,56.37701,22.79846,49.41653,21.79589,21.10836,29.78986,-1.446412,16.71892,0.9297212,14.0772,0.9658957,0.9656466,0.9573059,228.8441,62.88818,11.75081,53.55961,10.58087,5.693549,6.492084
2025-12-30 20:18:00,-1.537211,17.3238,0.5944161,15.68178,0.5396736,0.5340623,0.5748909,847.724,60.67464,15.14644,61.76861,15.19062,7.194901,9.686815,463.2666,56.37342,22.78437,49.3935,21.74892,21.56112,29.82277,-1.264103,16.8229,0.9221353,14.09029,0.934567,0.9646654,0.9269831,229.0874,62.88712,11.75028,53.55577,10.50985,5.652974,6.474585
2025-12-30 20:19:00,-1.539587,17.33355,0.6141723,15.73891,0.5650519,0.5230331,0.5482062,848.0574,61.02151,15.21389,61.5762,15.19,7.245833,9.707275,463.6757,56.37718,22.73241,49.42415,21.60567,21.48986,29.77132,-1.508491,16.74205,0.948588,14.05201,0.9271207,0.9958462,0.9372643,228.9761,62.88364,11.67157,53.55698,10.46355,5.607421,6.489349
2025-12-30 20:20:00,-1.56412,17.28302,0.5893064,15.70193,0.5972363,0.5272167,0.5838088,849.2056,60.78117,15.21398,61.63556,15.22491,7.184876,9.685898,463.0013,56.39391,22.47281,49.41652,21.50657,21.41093,29.7895,-1.359678,16.92359,0.9394296,13.99957,0.9334314,0.9475428,0.9419411,229.3051,62.89896,11.75893,53.54055,10.49265,5.649947,6.481436
2025-12-30 20:21:00,-1.520988,17.18936,0.6107879,15.64993,0.5763276,0.5302892,0.602131,848.6745,60.68137,15.17302,61.69314,15.24053,7.286923,9.702459,462.4083,56.39135,22.78017,49.4227,21.3381,21.54093,29.81464,-1.441024,16.90532,0.9696114,14.05134,0.9205542,0.983436,0.9385333,229.3362,62.88824,11.77479,53.57428,10.50954,5.595155,6.437809
2025-12-30 20:22:00,-1.485642,17.34822,0.6252207,15.75409,0.5756488,0.5304093,0.5809509,848.1292,60.83415,15.23097,61.76738,15.11491,7.154696,9.664961,461.8294,56.39965,22.54554,49.40992,21.37179,20.99043,29.70887,-1.545318,16.73798,0.9772641,14.01225,0.9484135,0.9454981,0.9186852,228.8752,62.87245,11.72022,53.55328,10.56379,5.713927,6.406869
2025-12-30 20:23:00,-1.635964,17.21453,0.6071934,15.71307,0.5516348,0.5188937,0.5763258,850.4489,60.82927,15.23816,61.7765,15.12029,7.151598,9.688448,463.4483,56.40086,22.70103,49.41598,21.38348,21.1706,29.77097,-1.55383,16.89184,0.9620348,14.04582,0.9518871,0.9642126,0.9476013,229.0941,62.88821,11.76346,53.57753,10.49357,5.565113,6.47635
2025-12-30 20:24:00,-1.560882,17.37208,0.6173981,15.66066,0.5690688,0.5312299,0.5719655,849.7368,60.4716,15.21217,61.85872,15.10281,7.298701,9.672508,463.846,56.39354,22.72164,49.41742,21.34884,21.43292,29.83543,-1.373484,16.86371,0.9803795,13.99168,0.9319349,0.9791985,0.9155825,229.6634,62.8892,11.6553,53.58493,10.55948,5.671447,6.540614
2025-12-30 20:25:00,-1.561939,17.34117,0.595941,15.69142,0.5780296,0.5160763,0.583868,850.2144,60.74156,15.14102,61.62612,15.22732,7.204363,9.730289,463.0881,56.40187,22.59942,49.41676,21.51579,21.16969,29.84076,-1.52321,16.67543,0.948859,14.09329,0.9429762,0.9702128,0.9217891,229.3903,62.87794,11.70216,53.58817,10.52302,5.6931,6.524892
2025-12-30 20:26:00,-1.627434,17.26039,0.6129914,15.70665,0.5717075,0.5119662,0.5843779,848.2846,60.79903,15.17562,62.03364,15.18258,7.226214,9.686122,461.9064,56.39034,22.72227,49.42198,21.27617,21.214,29.88485,-1.393402,16.72221,0.9674513,14.04106,0.9245589,0.9769638,0.9415386,228.6657,62.89569,11.66206,53.55433,10.51294,5.638806,6.439351
2025-12-30 20:27:00,-1.556774,17.29418,0.6034824,15.6634,0.5532943,0.5439805,0.5819887,850.9335,60.61567,15.14541,61.87502,15.17553,7.131077,9.715245,463.3861,56.37385,22.67772,49.3216,21.69766,21.31231,29.95569,-1.534353,16.86771,0.9816687,14.09251,0.9634184,0.9670904,0.9311849,228.8439,62.89758,11.67867,53.55434,10.52127,5.671985,6.50013
2025-12-30 20:28:00,-1.518092,17.27668,0.6313007,15.65367,0.5649834,0.5350028,0.5698442,850.2263,60.36833,15.19673,61.69886,15.17191,7.165399,9.692444,463.5872,56.37109,22.73182,49.31959,21.81481,21.44239,30.01741,-1.480417,16.79729,0.9606028,14.12143,0.9375744,0.9273288,0.9439521,229.0501,62.92036,11.70627,53.5706,10.54388,5.660398,6.52348
2025-12-30 20:29:00,-1.494421,17.28149,0.6216817,15.72437,0.5358995,0.5323821,0.5722508,849.7119,60.72545,15.21285,61.62303,15.17348,7.226581,9.683497,464.4639,56.37476,22.7384,49.32122,21.74291,21.58117,29.99935,-1.381904,16.68053,0.9345166,14.0365,0.9202504,0.9465612,0.9392231,229.1738,62.88137,11.72973,53.57129,10.52224,5.500144,6.582307
2025-12-30 20:30:00,-1.500465,17.31597,0.5817479,15.71824,0.5608235,0.5307183,0.5803175,848.4625,60.75063,15.24624,61.90291,15.22895,7.155136,9.671731,464.1822,56.37485,22.84099,49.3908,21.8852,21.43004,29.95862,-1.279914,16.78633,0.9513695,14.08914,0.9298239,0.9646527,0.9418428,228.9048,62.87486,11.76443,53.5706,10.66796,5.590159,6.54005
2025-12-30 20:31:00,-1.574563,17.14136,0.6166207,15.76036,0.579953,0.5152078,0.5659084,849.145,60.64618,15.32818,61.90108,15.18086,7.150191,9.691065,463.6187,56.39433,22.82858,49.32536,21.54198,21.71038,29.98584,-1.519912,16.84873,0.9430185,14.08116,0.9385563,0.9744201,0.944856,228.9301,62.86306,11.77267,53.55675,10.57539,5.68341,6.586195
2025-12-30 20:32:00,-1.482329,17.36162,0.6193746,15.7462,0.5670983,0.5312373,0.5829581,848.8987,60.93425,15.22339,61.71782,15.24321,7.188917,9.696494,462.5391,56.36859,22.80017,49.32409,21.75935,21.84337,30.01993,-1.421436,16.81609,0.9450121,14.11742,0.9812938,0.975375,0.939907,228.724,62.85759,11.67543,53.56876,10.52967,5.774961,6.434994
2025-12-30 20:33:00,-1.498316,17.38136,0.6110258,15.75149,0.5705786,0.5309106,0.5773215,848.6293,60.58148,15.13543,61.44052,15.185,7.205089,9.700003,461.902,56.3934,22.74339,49.30725,21.37627,21.78701,30.06285,-1.403616,16.73148,0.935034,14.04898,0.9303344,0.9424592,0.9167909,229.1259,62.88462,11.8048,53.56265,10.46362,5.53601,6.480217
2025-12-30 20:34:00,-1.596386,17.3547,0.5993731,15.67995,0.5677375,0.5367996,0.5415649,847.731,60.96188,15.13901,61.62221,15.1783,7.116183,9.645986,462.1693,56.41113,22.72508,49.33104,21.30311,21.58893,29.94235,-1.408422,16.781,0.9460824,14.08878,0.9516336,0.9692566,0.9351901,229.0864,62.84377,11.62713,53.55794,10.53859,5.608018,6.39633
2025-12-30 20:35:00,-1.554909,17.24602,0.6291977,15.71968,0.5578006,0.5206516,0.5548893,849.0659,60.61164,15.16061,61.61386,15.15309,7.220872,9.692816,463.6101,56.37261,22.58618,49.32986,21.48924,21.30938,30.01618,-1.542622,16.87641,0.947888,14.12999,0.9685072,0.9603614,0.9372974,229.1284,62.85685,11.7891,53.55614,10.53339,5.733093,6.504848
2025-12-30 20:36:00,-1.517457,17.28493,0.6271478,15.68543,0.5491527,0.5306222,0.5424668,848.474,60.78871,15.18856,61.78589,15.15885,7.18074,9.694999,463.5754,56.39517,22.70142,49.30161,21.34594,21.6473,30.06161,-1.417909,16.68433,0.9434621,14.09339,0.9343939,0.9991779,0.9286813,229.1469,62.87373,11.75617,53.57171,10.49031,5.65268,6.555014
2025-12-30 20:37:00,-1.677552,17.43378,0.6279464,15.55303,0.5568238,0.5254614,0.55669,848.9781,60.68962,15.22875,61.59827,15.24159,7.167166,9.729509,462.992,56.41018,22.73031,49.32936,21.65466,21.29303,30.05051,-1.515444,16.84193,0.9468742,14.05536,0.9591389,0.9586274,0.9643348,229.4124,62.86096,11.73962,53.5592,10.5736,5.843096,6.443391
2025-12-30 20:38:00,-1.484804,17.43816,0.6155744,15.71278,0.5524738,0.5350841,0.6023024,848.3348,60.57672,15.11989,62.03815,15.14553,7.258315,9.737968,462.4499,56.36863,22.72077,49.30794,21.65474,21.21955,29.96593,-1.373806,16.81327,0.9731595,14.05319,0.9625863,0.9647431,0.9292394,229.0891,62.87221,11.67123,53.57355,10.47361,5.673344,6.563524
2025-12-30 20:39:00,-1.5828,17.25027,0.6058069,15.61642,0.5588667,0.5324874,0.5919204,847.9334,60.85804,15.12516,61.97131,15.14938,7.240722,9.718705,462.3838,56.3681,22.83012,49.32944,21.70391,21.597,30.09899,-1.479042,16.7158,0.9664729,14.03875,0.9523422,0.9888331,0.93303,228.6397,62.84427,11.59691,53.55648,10.53967,5.660554,6.4317
2025-12-30 20:40:00,-1.491224,17.33438,0.6263272,15.70056,0.553695,0.5272428,0.5584018,849.1573,60.49921,15.20873,61.69242,15.22411,7.251738,9.727075,463.1519,56.37975,22.88509,49.33076,21.87816,21.62885,30.06532,-1.357856,16.87961,0.9393114,14.05928,0.9311274,0.9495125,0.9428464,228.934,62.86071,11.65435,53.55977,10.61211,5.497385,6.359924
2025-12-30 20:41:00,-1.576669,17.28657,0.6286087,15.68836,0.5696759,0.5432557,0.5697449,847.1918,60.55054,15.06194,61.61826,15.16658,7.242306,9.69318,462.3283,56.38351,22.90822,49.32358,21.56189,21.8289,30.14068,-1.513805,16.72547,0.9436902,14.11602,0.9549442,0.9466235,0.9545959,228.7301,62.86382,11.75421,53.54176,10.54212,5.606939,6.416178
2025-12-30 20:42:00,-1.518413,17.41859,0.6300414,15.67534,0.5740914,0.5229785,0.575175,848.3737,60.85897,15.25245,61.53925,15.16145,7.26825,9.723792,463.0913,56.37224,22.70464,49.38287,21.36972,21.94813,30.14651,-1.411274,16.66786,0.9340587,14.13499,0.9557534,0.98167,0.9220536,228.7751,62.85979,11.71668,53.56216,10.58998,5.733278,6.427356
2025-12-30 20:43:00,-1.555825,17.26797,0.6295289,15.66523,0.5445894,0.5298197,0.5717163,847.5568,60.67639,15.09263,61.89083,15.18558,7.314082,9.680756,462.4602,56.37354,22.8488,49.41328,21.96823,21.81433,30.23027,-1.388628,16.82824,0.9909096,14.01798,0.9339812,0.979582,0.9442247,228.563,62.86658,11.71656,53.5472,10.65754,5.603134,6.479488
2025-12-30 20:44:00,-1.465128,17.39174,0.6335983,15.66417,0.5638273,0.5310327,0.5922543,852.0346,60.62615,15.08272,61.47859,15.18005,7.309817,9.744707,463.1109,56.37333,22.8624,49.39808,21.47215,22.01854,30.24486,-1.344679,16.66708,0.9492821,14.02545,0.9285384,0.9742134,0.9646886,228.8551,62.86631,11.54686,53.55215,10.49708,5.610627,6.358211
2025-12-30 20:45:00,-1.46581,17.40432,0.6448982,15.56454,0.5818936,0.5223148,0.5711849,847.9062,60.61975,15.18601,61.51747,15.1944,7.097129,9.718495,462.6721,56.36611,22.77698,49.42223,21.45754,21.68263,30.19983,-1.34305,16.71767,0.9720335,14.05316,0.9449778,0.9710523,0.9576749,228.9535,62.87837,11.64426,53.55829,10.55096,5.634376,6.583799
2025-12-30 20:46:00,-1.466082,17.37868,0.5927263,15.70848,0.5370934,0.5324876,0.5737738,846.7045,60.70206,15.08536,61.72441,15.2525,7.317049,9.738548,462.3973,56.37531,22.70856,49.40818,21.4016,21.69569,30.1693,-1.467325,16.82761,0.9659258,14.08072,0.9364805,0.9863868,0.992299,228.8584,62.87871,11.69032,53.55213,10.49589,5.689679,6.49213
2025-12-30 20:47:00,-1.501685,17.31882,0.6265577,15.65153,0.5516254,0.5322008,0.5401203,846.5143,60.78112,15.1803,61.72427,15.21025,7.212627,9.735204,463.0548,56.37032,23.0777,49.42606,21.5424,21.4318,30.19171,-1.474689,16.80583,0.9942792,14.08155,0.9781149,0.9847635,0.934148,228.7401,62.88773,11.7389,53.56347,10.57958,5.72575,6.390916
2025-12-30 20:48:00,-1.555957,17.25283,0.6199268,15.66771,0.5768858,0.5076324,0.5565991,847.202,60.65876,15.13554,61.61516,15.20947,7.304281,9.734066,463.5702,56.34026,23.04189,49.41,21.77938,21.41725,30.33026,-1.384984,16.63417,0.9779736,14.05842,0.9331139,0.9647639,0.9457818,228.9631,62.85264,11.75843,53.53732,10.52525,5.666081,6.584435
2025-12-30 20:49:00,-1.477985,17.40346,0.6035451,15.6548,0.5618153,0.5251791,0.5745102,849.2168,60.42633,15.10081,61.49579,15.13887,7.304546,9.742245,463.8309,56.35214,22.73201,49.41729,21.49613,21.53492,30.37311,-1.42682,16.64528,0.9978108,14.07094,0.9221473,0.9718314,0.9610891,229.1873,62.8771,11.74919,53.54961,10.67211,5.665947,6.55595
2025-12-30 20:50:00,-1.528714,17.29567,0.6561948,15.66433,0.5792269,0.5323455,0.5794761,851.7704,60.79504,15.16763,61.49472,15.22718,7.181886,9.758245,463.6666,56.34787,22.8608,49.39101,21.84636,21.55881,30.43779,-1.568775,16.70262,0.9746379,14.07098,0.9480621,1.000981,0.9388825,229.635,62.84915,11.75253,53.55134,10.60227,5.767687,6.554286
2025-12-30 20:51:00,-1.590509,17.35615,0.631044,15.70936,0.5634174,0.5310156,0.5709485,852.1655,61.11618,15.20932,61.60048,15.22208,7.173725,9.692339,462.424,56.33152,23.08704,49.41643,21.84141,21.48043,30.39169,-1.414293,16.5937,0.9384822,14.04853,0.9581631,0.9933469,0.995039,228.869,62.85942,11.79503,53.52856,10.60377,5.72095,6.577722
2025-12-30 20:52:00,-1.568462,17.36417,0.6074417,15.7558,0.5558286,0.5310131,0.5524119,855.0349,60.96018,15.13572,61.81303,15.16832,7.161525,9.722638,462.5109,56.3485,22.93282,49.40827,21.93931,21.8622,30.46613,-1.346006,16.55527,0.986904,14.05954,0.9366235,0.9530935,0.9380508,228.9573,62.86593,11.6525,53.56333,10.62725,5.700073,6.575109
2025-12-30 20:53:00,-1.469291,17.36917,0.615775,15.657,0.5597744,0.5193526,0.5755129,859.563,60.45151,15.17661,61.79835,15.2517,7.194956,9.669842,462.4235,56.33157,23.33935,49.41217,22.13469,21.55904,30.43476,-1.281166,16.57723,1.007038,14.08589,0.9543151,1.005228,0.9685517,229.1714,62.86341,11.67076,53.52922,10.50597,5.679571,6.537702
2025-12-30 20:54:00,-1.619188,17.33419,0.6284056,15.65015,0.5653101,0.5388762,0.5612963,862.0634,60.30768,15.19141,61.81947,15.25548,7.223389,9.704329,462.2853,56.36113,22.90609,49.42519,22.06173,21.93875,30.49044,-1.244392,16.63861,0.9566868,14.12417,0.9649724,0.9976622,0.951898,229.1863,62.84887,11.62492,53.54123,10.53183,5.763401,6.470203
2025-12-30 20:55:00,-1.599238,17.26883,0.6258596,15.6518,0.5865247,0.528356,0.5743787,868.8853,60.69707,15.26344,61.76294,15.15189,7.212089,9.685989,463.5061,56.3312,23.07253,49.41688,22.1671,22.15061,30.60704,-1.477167,16.75819,0.9632235,13.96206,0.9959932,0.960013,0.9681704,229.0577,62.87644,11.73086,53.51957,10.55968,5.593999,6.562691
2025-12-30 20:56:00,-1.69064,17.2831,0.6240597,15.75764,0.5504205,0.5310131,0.5794529,878.1618,60.70297,15.23484,61.8452,15.30408,7.277643,9.716795,463.7073,56.33399,22.99739,49.41261,21.75115,22.18341,30.61496,-1.334911,16.69731,0.9755636,14.11106,0.9519727,0.9669179,0.9720197,228.4888,62.86809,11.86058,53.54624,10.59108,5.617683,6.569593
2025-12-30 20:57:00,-1.550875,17.43913,0.62924,15.62918,0.5730157,0.5309502,0.5808721,892.9236,60.38808,15.27885,61.64598,15.16485,7.160532,9.696459,464.0898,56.31848,23.20262,49.39359,21.84202,22.14843,30.51315,-1.487604,16.60135,0.9584685,14.06421,0.9683819,0.9715008,0.9729022,228.8359,62.87346,11.83186,53.55453,10.6478,5.865959,6.51918
2025-12-30 20:58:00,-1.613805,17.3513,0.6245578,15.7247,0.5525337,0.5000449,0.5570691,907.5142,60.23033,15.1607,61.55505,15.19934,7.285792,9.721497,463.9322,56.3151,23.12131,49.39125,21.73361,22.12577,30.62248,-1.500215,16.64935,0.9396175,14.06862,0.9601668,0.9669986,0.9471304,229.2812,62.873,11.70476,53.5289,10.54193,5.661831,6.563396
2025-12-30 20:59:00,-1.656461,17.34581,0.6408654,15.80325,0.5618262,0.539736,0.5706989,915.7467,60.82523,15.2317,61.47821,15.21863,7.263309,9.616923,462.7395,56.33932,22.87115,49.41606,21.58445,22.2344,30.62962,-1.24168,16.78454,0.9678369,14.04011,0.9586552,0.991542,0.9912752,228.5613,62.88792,11.69429,53.51862,10.58896,5.654941,6.562252
2025-12-30 21:00:00,-1.538357,17.12136,0.6317261,15.70671,0.567817,0.5112216,0.5717164,923.2729,60.25778,15.25081,61.66753,15.17287,7.216008,9.726717,462.5095,56.31852,22.8691,49.41801,21.79048,21.67038,30.64129,-1.538357,16.75956,0.97233,14.0373,0.9231953,0.9491739,0.9742326,229.0517,62.84915,11.64165,53.54253,10.63394,5.660174,6.573409
2025-12-30 21:01:00,-1.503491,17.22213,0.6195212,15.63477,0.5741655,0.5279639,0.583887,933.0098,60.69868,15.19323,61.84451,15.16411,7.187998,9.728048,461.8494,56.33514,22.91318,49.39402,21.75339,21.71244,30.57531,-1.381421,16.67221,0.9889554,14.03747,0.9715752,1.016635,0.9639864,228.9526,62.86507,11.80038,53.54093,10.60096,5.558985,6.525904
2025-12-30 21:02:00,-1.546982,17.25486,0.6180432,15.68118,0.5729033,0.5315028,0.5630003,946.855,60.7813,15.31142,61.86482,15.27242,7.280589,9.76916,463.0486,56.33448,22.97248,49.41309,21.69191,21.88658,30.68176,-1.376991,16.68417,0.9675022,14.03393,0.9536905,0.9705133,0.9614796,229.2832,62.86963,11.74878,53.54882,10.59572,5.725828,6.463529
2025-12-30 21:03:00,-1.473257,17.30412,0.6047725,15.56527,0.5787711,0.5265177,0.5627407,958.71,60.60235,15.2413,61.89948,15.26731,7.249469,9.704119,463.4948,56.34177,23.08933,49.4145,22.23503,22.01089,30.76355,-1.469216,16.59949,0.9459943,14.1136,0.9437914,0.9793467,0.9728944,229.3599,62.85756,11.78751,53.54048,10.66418,5.672683,6.550872
2025-12-30 21:04:00,-1.522172,17.16088,0.6357309,15.70559,0.557164,0.5334237,0.5965956,957.993,60.65428,15.2828,61.68327,15.24365,7.189537,9.661604,463.8561,56.31956,23.18779,49.33412,21.82316,22.02312,30.71317,-1.431939,16.78925,0.9617959,13.98718,0.9538137,0.9893547,0.9623135,228.8515,62.87471,11.68467,53.53357,10.54619,5.683749,6.672088
2025-12-30 21:05:00,-1.687078,17.27068,0.6341856,15.67212,0.5587485,0.5221289,0.5838587,955.2116,60.59555,15.26305,61.50573,15.16187,7.202996,9.710563,465.5086,56.34437,23.21352,49.36904,22.24907,21.99651,30.75074,-1.413736,16.71576,0.9927045,14.09735,0.9412707,0.9776648,0.9617615,229.1266,62.82809,11.785,53.49986,10.64528,5.682596,6.637671
2025-12-30 21:06:00,-1.558229,17.24035,0.6136461,15.63341,0.5615188,0.5310624,0.536723,935.8712,60.62259,15.23621,61.54435,15.18127,7.285728,9.741523,465.5424,56.34221,23.08119,49.3024,21.87869,22.24117,30.78222,-1.366234,16.74912,0.9575855,14.04328,0.9736347,0.9641644,0.9792981,229.6118,62.85206,11.70284,53.5077,10.64297,5.530455,6.695154
2025-12-30 21:07:00,-1.527349,17.29468,0.6288272,15.6353,0.5787752,0.5438938,0.5783112,885.5206,60.35853,15.20633,61.58525,15.21714,7.233476,9.714499,465.4544,56.33189,23.08595,49.40692,22.02068,22.35229,30.84313,-1.282534,16.64919,0.9546651,14.06411,0.934981,0.9808604,0.9619005,229.3065,62.79863,11.7346,53.52217,10.61127,5.579021,6.675898
2025-12-30 21:08:00,-1.563572,17.20939,0.6084555,15.66227,0.5569828,0.5310621,0.5785459,854.051,60.81012,15.22796,61.86781,15.24053,7.106412,9.717214,463.0409,56.35615,23.04564,49.32981,22.08415,22.22295,30.78552,-1.401002,16.6998,0.968161,14.03791,0.9332207,1.000858,0.9518358,229.0227,62.82059,11.7014,53.48539,10.61697,5.586706,6.677179
2025-12-30 21:09:00,-1.50033,17.20722,0.6139389,15.71923,0.5567423,0.5358206,0.5951821,849.0021,60.68092,15.29162,61.56848,15.13445,7.252849,9.704519,459.3746,56.34775,23.20836,49.32552,21.81837,22.36659,30.85406,-1.308138,16.814,0.9475268,14.09119,0.9497461,1.004749,0.9536082,228.7119,62.84787,11.72001,53.51208,10.62531,5.625205,6.78888
2025-12-30 21:10:00,-1.518747,17.21704,0.6105978,15.74085,0.5534792,0.499567,0.5602772,853.7058,60.80857,15.21892,61.88929,15.2065,7.196009,9.710559,460.4632,56.34692,23.03454,49.30615,21.54705,22.19343,30.82314,-1.533011,16.76587,0.9723939,14.05764,0.9290292,0.9749793,0.9561283,228.9938,62.86084,11.79062,53.50732,10.63319,5.515408,6.694272
2025-12-30 21:11:00,-1.579221,17.20846,0.6185213,15.64533,0.5493328,0.5265853,0.5967075,855.873,60.76374,15.21804,61.75008,15.22157,7.245487,9.700708,462.7557,56.37288,22.92333,49.31756,21.68704,22.0289,30.75924,-1.532623,16.63289,0.9600656,14.08263,0.961142,1.016075,0.9497938,229.4521,62.84641,11.75514,53.5169,10.73221,5.599632,6.805727
2025-12-30 21:12:00,-1.650074,17.37598,0.5990205,15.61708,0.5620091,0.526222,0.5731698,855.3032,60.47457,15.31276,61.71923,15.16666,7.196993,9.695705,461.4729,56.34835,23.07198,49.31987,22.16972,22.32687,30.88176,-1.279323,16.63367,0.9445383,14.04246,0.9460359,0.9774539,0.9841801,229.418,62.82033,11.77772,53.48767,10.66455,5.620553,6.864362
2025-12-30 21:13:00,-1.552038,17.19922,0.6093082,15.69125,0.5473927,0.521613,0.579351,852.1249,61.07364,15.29881,61.43159,15.13435,7.13054,9.720612,461.7544,56.3766,23.01212,49.31974,22.2207,21.91691,30.7902,-1.394542,16.7063,0.9794161,14.0442,0.9693198,0.9640404,0.9650864,228.8914,62.84888,11.77457,53.51257,10.64705,5.640182,6.805379
2025-12-30 21:14:00,-1.474588,17.31009,0.6243139,15.63511,0.5828079,0.5130665,0.5573015,850.655,60.38741,15.15324,61.84685,15.18357,7.137252,9.730693,461.0269,56.36694,22.99143,49.33091,21.88342,22.00297,30.72803,-1.264902,16.73187,0.9768309,14.06576,0.9305338,0.9604613,0.9596837,228.9787,62.84386,11.76135,53.51366,10.68278,5.779808,6.772825
2025-12-30 21:15:00,-1.541323,17.26316,0.6286796,15.68527,0.5788698,0.5320115,0.5500572,844.5574,61.00837,15.2282,61.39318,15.1799,7.191947,9.703066,460.5467,56.36207,23.00407,49.31731,21.91362,21.82917,30.64567,-1.37332,16.65347,0.9601842,14.0442,0.9925464,1.008139,0.9372329,228.8818,62.8601,11.79444,53.49427,10.72278,5.50392,6.693598
2025-12-30 21:16:00,-1.602039,17.2812,0.6286704,15.72752,0.5523909,0.5285411,0.5705975,841.4143,60.60493,15.17623,61.38364,15.12833,7.20475,9.715021,459.7103,56.36201,22.95493,49.31245,21.64086,22.1393,30.76051,-1.429603,16.51933,0.9600569,14.03701,0.9418416,0.9686258,0.9647954,228.7054,62.85506,11.83855,53.50078,10.70629,5.556018,6.67585
2025-12-30 21:17:00,-1.576753,17.16788,0.6269392,15.64963,0.5839965,0.5308693,0.5907137,840.129,60.53445,15.16739,61.62447,15.23544,7.18938,9.710898,459.9283,56.34134,22.88003,49.32905,22.09748,21.80411,30.73475,-1.427056,16.63938,0.968308,14.12997,0.9285288,0.9700859,0.9711369,228.3309,62.85022,11.76744,53.50008,10.63602,5.502239,6.665589
2025-12-30 21:18:00,-1.547372,17.3401,0.6378732,15.72875,0.578519,0.5371083,0.5699989,840.8492,60.72004,15.20623,61.75909,15.23814,7.173602,9.694113,460.126,56.3417,22.84045,49.30803,22.18692,22.03622,30.78288,-1.438307,16.60846,0.9409458,14.09458,0.9401921,0.9678496,0.952439,228.4549,62.86223,11.6787,53.49731,10.66749,5.518705,6.547611
2025-12-30 21:19:00,-1.493687,17.17444,0.6282684,15.50737,0.5873856,0.530948,0.5677683,842.8311,60.57009,15.18549,61.76986,15.23481,7.198673,9.69714,460.6588,56.35886,23.07318,49.30675,21.77803,22.23664,30.76734,-1.493687,16.79112,0.9613672,14.06466,0.9513262,0.9435525,0.9326279,228.892,62.84824,11.82201,53.48996,10.6192,5.536974,6.627816
2025-12-30 21:20:00,-1.476338,17.32736,0.6358591,15.71762,0.5802854,0.5230954,0.5658564,845.7455,60.40172,15.23826,61.29535,15.21598,7.201571,9.696591,458.1872,56.33699,22.81812,49.31727,21.67926,22.03108,30.74398,-1.459079,16.71195,0.9939731,13.99005,0.9627311,0.9461058,0.9723279,228.4116,62.86356,11.81889,53.49386,10.66087,5.40953,6.740306
2025-12-30 21:21:00,-1.517407,17.26322,0.6196521,15.57789,0.5769981,0.5085958,0.5691178,845.5073,60.50987,15.11905,61.47861,15.17479,7.18974,9.697076,455.5908,56.34339,22.95994,49.32987,21.9798,22.169,30.79799,-1.530965,16.60385,0.95056,13.99269,0.9613571,0.9659692,0.9593347,227.6591,62.86061,12.00262,53.501,10.7225,5.5581,6.691324
2025-12-30 21:22:00,-1.486819,17.21439,0.6218714,15.62821,0.5700632,0.5059335,0.5678023,843.1583,60.37591,15.1612,61.62135,15.09866,7.245854,9.722497,453.7118,56.3302,22.78116,49.3287,21.61077,21.96945,30.70412,-1.444158,16.68386,0.9329982,14.02905,0.9441342,0.9451659,0.9434763,227.1236,62.86414,11.88007,53.50122,10.68661,5.518093,6.664512
2025-12-30 21:23:00,-1.503043,17.29845,0.6475088,15.70809,0.5745565,0.531046,0.5960948,841.6432,60.50628,15.18006,61.90589,15.16288,7.185301,9.701314,452.4238,56.31205,22.8503,49.30291,21.6553,21.89877,30.71889,-1.571096,16.71695,1.013663,14.09972,0.9539669,0.9703174,0.9553521,226.5598,62.85558,11.89444,53.49104,10.70932,5.497925,6.665604
2025-12-30 21:24:00,-1.512682,17.33031,0.6244141,15.67243,0.5355344,0.5319476,0.5708405,834.0873,60.99111,15.11987,61.68009,15.20761,7.156117,9.740285,450.3493,56.33398,22.87057,49.33441,22.12632,21.42307,30.62163,-1.399015,16.87464,0.9645829,14.03853,0.9314196,0.9909842,0.9639547,226.2394,62.84999,11.85516,53.49532,10.72731,5.618364,6.592463
2025-12-30 21:25:00,-1.51699,17.34922,0.6306066,15.71044,0.5669926,0.5406129,0.5798367,832.886,60.33324,15.234,61.51427,15.19441,7.274731,9.676761,452.0507,56.32935,22.94033,49.32787,22.00784,21.66344,30.66634,-1.342801,16.69917,0.9762203,14.11742,0.9694367,0.9483494,0.9883312,226.6113,62.854,11.9135,53.51562,10.75648,5.553027,6.59398
2025-12-30 21:26:00,-1.552966,17.34596,0.6305489,15.70156,0.5728135,0.5297993,0.6152243,836.9175,60.82067,15.16171,61.70641,15.18593,7.256006,9.706157,455.1992,56.34086,23.12573,49.32354,22.29365,22.16215,30.88411,-1.295204,16.61603,0.9736034,14.08002,0.9691421,0.9645458,0.9525111,227.6859,62.8364,11.94081,53.49139,10.72039,5.701201,6.724174
2025-12-30 21:27:00,-1.697023,17.26326,0.6279281,15.74231,0.5780305,0.5533842,0.6059638,845.0952,60.65297,15.175,61.40942,15.18247,7.323637,9.657845,459.5818,56.36385,23.06379,49.31535,22.19936,22.39136,30.89801,-1.354735,16.53107,0.9657956,14.03411,0.9734318,0.9690132,1.002545,229.092,62.85277,12.06189,53.46892,10.65172,5.712427,6.7625
2025-12-30 21:28:00,-1.580461,17.27168,0.6292848,15.70113,0.5451545,0.5305094,0.5755522,850.9296,60.60859,15.12413,61.626,15.15934,7.160914,9.72183,462.0524,56.34596,23.07411,49.32259,21.76244,22.19831,30.91232,-1.476138,16.64412,0.9679447,13.98349,0.9614168,0.9781684,0.9624867,230.2111,62.85155,12.01645,53.48535,10.67642,5.736454,6.692974
2025-12-30 21:29:00,-1.530486,17.39711,0.628693,15.65761,0.5771145,0.5385212,0.5819024,853.5013,60.74032,15.07091,61.60088,15.20662,7.173218,9.672033,462.386,56.36191,23.36533,49.33269,21.98738,22.49228,30.95191,-1.573395,16.58622,0.9613505,14.01774,0.9658482,0.9692056,0.9539149,230.4715,62.84315,11.9738,53.50206,10.61973,5.575691,6.693437
2025-12-30 21:30:00,-1.579345,17.36068,0.6859097,15.69902,0.5678174,0.5346617,0.5924797,852.3405,60.68948,15.23756,61.59189,15.23969,7.23929,9.739879,459.0641,56.34538,23.30583,49.31868,22.6001,22.03481,31.00879,-1.556527,16.7026,0.9583832,14.07397,0.9266462,0.948574,0.9563214,229.0345,62.8189,11.87812,53.48816,10.72145,5.687615,6.599066
2025-12-30 21:31:00,-1.534226,17.25083,0.623119,15.6161,0.5723046,0.5071282,0.5839187,848.5548,61.14196,15.19579,61.63152,15.11746,7.238307,9.736794,455.9225,56.31612,23.38414,49.33167,22.4855,22.35226,30.9847,-1.433278,16.59745,0.9666122,14.02435,0.975889,1.007447,0.9617164,227.6042,62.81772,11.91834,53.50511,10.68585,5.457805,6.6127
2025-12-30 21:32:00,-1.485468,17.3278,0.6347995,15.62717,0.554979,0.5155994,0.5717012,846.7433,60.36372,15.28444,61.49861,15.17318,7.154919,9.718975,457.8607,56.29531,23.34514,49.39528,22.29534,22.2056,31.06306,-1.39337,16.66964,0.958822,14.11109,0.9800518,0.9679459,0.9879457,227.5061,62.82869,11.86047,53.48698,10.62382,5.567232,6.503056
2025-12-30 21:33:00,-1.646245,17.26279,0.6363495,15.60872,0.5627062,0.5296604,0.5682884,846.8878,60.67771,15.17541,61.72411,15.23679,7.288218,9.6928,459.6764,56.32664,23.30815,49.33742,22.47123,22.31764,31.14472,-1.360791,16.74356,0.9690033,14.10902,0.9526987,0.9942348,0.9736026,228.0978,62.83587,11.75729,53.50162,10.61038,5.633489,6.55926
2025-12-30 21:34:00,-1.483296,17.28932,0.6383743,15.63001,0.5652984,0.5349423,0.5811567,845.537,60.33001,15.1186,61.6009,15.17204,7.207527,9.697515,459.4014,56.335,23.07428,49.31918,22.35837,22.40663,31.1825,-1.446391,16.81793,0.9923786,14.10051,0.9569607,0.9725747,0.9673065,228.2936,62.82793,11.85503,53.52522,10.62232,5.724336,6.492372
2025-12-30 21:35:00,-1.471003,17.37364,0.662694,15.58534,0.563153,0.5309808,0.5755949,845.3566,60.99388,15.20579,61.592,15.19318,7.166161,9.708544,458.1665,56.30798,23.25738,49.30421,21.75769,22.64063,31.12366,-1.377549,16.6122,0.9580495,14.01671,0.957477,0.9948992,0.9863083,227.8483,62.80721,11.70667,53.51155,10.65356,5.667286,6.557245
2025-12-30 21:36:00,-1.509368,17.32042,0.629783,15.61757,0.5425814,0.5365913,0.5760877,845.4061,60.38762,15.10838,61.75751,15.16247,7.149691,9.709134,456.8635,56.31364,23.0215,49.32162,21.95916,22.10319,31.06626,-1.360163,16.58547,0.9678971,14.03783,0.9484794,0.9669102,0.9540535,227.9088,62.80072,11.6806,53.48074,10.58301,5.798682,6.552462
2025-12-30 21:37:00,-1.568128,17.27059,0.6193254,15.65939,0.5572783,0.500232,0.5787328,844.8581,60.66353,15.18126,61.72134,15.17732,7.190007,9.736626,458.5636,56.31385,23.03121,49.34881,22.27168,22.38947,31.16934,-1.549341,16.56823,0.9648912,14.07447,0.9279208,0.9604794,0.9876921,228.3466,62.78112,11.74649,53.49966,10.73849,5.693777,6.492172
2025-12-30 21:38:00,-1.559085,17.27539,0.6214767,15.53714,0.5798063,0.5266714,0.5765198,844.0823,60.66474,15.17346,61.7757,15.18207,7.226823,9.720606,460.9761,56.32555,23.09628,49.44349,21.78728,22.61544,31.22104,-1.294205,16.72826,0.9642398,14.10985,0.9707046,0.9821217,0.9754223,228.9157,62.79044,11.69233,53.48153,10.57292,5.63715,6.395338
2025-12-30 21:39:00,-1.61866,17.30072,0.6020253,15.68359,0.5419148,0.532545,0.5771863,841.6425,60.47665,15.13425,61.56522,15.19445,7.28772,9.746641,460.3301,56.29749,23.20242,49.41065,21.99942,22.3854,31.07262,-1.399756,16.68731,0.9652529,13.99476,0.9541413,0.9680988,0.9719967,228.7812,62.77173,11.75036,53.44556,10.57106,5.516712,6.270966
2025-12-30 21:40:00,-1.534358,17.3821,0.6077548,15.66072,0.5610179,0.5302016,0.5918393,842.9299,60.56609,15.16186,61.64167,15.22087,7.257243,9.750053,460.3163,56.30062,23.19942,49.37886,22.14308,22.53344,31.29317,-1.412406,16.53925,0.9573149,14.01798,0.9579721,0.9772342,0.9679304,228.4249,62.78937,11.72338,53.48111,10.58775,5.717242,6.387063
2025-12-30 21:41:00,-1.493169,17.21871,0.6307802,15.62249,0.550794,0.5178175,0.5797758,842.1436,60.78925,15.12939,61.93426,15.21012,7.338309,9.708253,458.8795,56.29129,23.05885,49.38671,22.29052,22.72354,31.3104,-1.374181,16.47671,0.9967225,13.99988,0.9626061,0.9447192,0.9623712,227.9899,62.77887,11.71522,53.49003,10.52304,5.671173,6.283694
2025-12-30 21:42:00,-1.472803,17.31064,0.622708,15.57114,0.5444108,0.5338756,0.5733023,841.1122,60.59873,15.2112,61.69701,15.19612,7.247408,9.778075,458.1585,56.30546,22.93227,49.4207,21.76785,22.29132,31.18103,-1.422056,16.62241,0.9502922,14.03862,0.9464329,0.9573472,0.9615824,228.0231,62.78505,11.80892,53.50182,10.59677,5.762261,6.421051
2025-12-30 21:43:00,-1.541581,17.33368,0.621407,15.6753,0.5343911,0.5277092,0.5790457,841.1091,60.61322,15.12717,61.79753,15.23553,7.26527,9.729222,460.1504,56.30507,23.08545,49.36938,22.31477,22.25086,31.24198,-1.522611,16.77532,0.9779982,13.99506,0.9260413,0.9633788,0.9589915,228.5931,62.78399,11.69979,53.47578,10.53449,5.721756,6.354683
2025-12-30 21:44:00,-1.571602,17.34849,0.6290414,15.68295,0.5623405,0.5221084,0.5906836,841.492,60.74062,15.12333,61.84691,15.20706,7.255704,9.748609,461.3281,56.32172,22.91882,49.32403,22.30005,22.70744,31.28339,-1.322391,16.6649,0.9317849,14.07394,0.9527838,0.9800033,0.9583452,228.654,62.78585,11.81741,53.49008,10.66812,5.675085,6.255802
2025-12-30 21:45:00,-1.643489,17.21348,0.6038837,15.62046,0.5723152,0.5088305,0.5837463,843.0502,60.62983,15.09014,61.62973,15.14479,7.247701,9.762967,463.489,56.32515,23.05992,49.31763,22.05868,22.68838,31.24748,-1.530339,16.69765,0.9749909,14.03079,0.9522226,0.9771137,0.9847501,228.6325,62.77342,11.69138,53.45935,10.54174,5.595132,6.22489
2025-12-30 21:46:00,-1.541112,17.33161,0.6282358,15.69282,0.5368637,0.5435728,0.5821381,843.3535,60.86888,15.10203,61.61139,15.18013,7.316218,9.737399,462.0053,56.3018,22.93168,49.32554,22.11666,22.75252,31.28182,-1.388575,16.55735,0.9619266,14.04889,0.952154,0.961583,0.9784157,228.8941,62.7956,11.65188,53.48528,10.51864,5.626895,6.169114
2025-12-30 21:47:00,-1.492509,17.21225,0.6170124,15.7256,0.5662847,0.5243877,0.5642155,842.7395,60.49799,15.27071,61.7074,15.19104,7.228688,9.709183,460.4433,56.3142,22.8541,49.32714,21.46636,22.57348,31.24141,-1.411015,16.67458,0.9723182,13.99306,0.9237911,0.9800901,0.9688786,228.9433,62.7822,11.79814,53.47396,10.58218,5.637297,6.272269
2025-12-30 21:48:00,-1.497583,17.17104,0.6285757,15.58588,0.5682877,0.5310131,0.576498,842.8301,60.32829,15.15945,61.91192,15.21805,7.232804,9.645802,460.2775,56.32446,22.65733,49.32982,21.3517,22.70544,31.14752,-1.399478,16.62403,0.965398,14.00627,0.9360191,0.96105,0.9608601,228.6098,62.7873,11.7011,53.46766,10.53033,5.676569,6.189346
2025-12-30 21:49:00,-1.519128,17.30046,0.6242849,15.68389,0.5461327,0.5418455,0.5786926,841.2951,60.63105,15.11523,61.42847,15.15954,7.216208,9.726662,460.7259,56.29063,22.63169,49.31431,21.94503,22.30528,31.16694,-1.49607,16.60885,0.9861243,14.00051,0.9653617,0.9703496,0.9712017,228.2009,62.78495,11.67366,53.47316,10.5471,5.655293,6.155106
2025-12-30 21:50:00,-1.483159,17.18941,0.6290509,15.62032,0.5787301,0.512216,0.5799102,843.4808,60.31803,15.18106,61.71944,15.22104,7.258717,9.67883,463.248,56.30672,22.78985,49.33004,22.05207,22.43265,31.28397,-1.576608,16.58142,1.011458,14.00415,0.9352046,0.9617888,0.9741419,228.5868,62.77691,11.83975,53.48003,10.60921,5.653087,6.238063
2025-12-30 21:51:00,-1.520952,17.28288,0.6267288,15.65838,0.5748667,0.5275726,0.594422,841.3312,60.79053,15.14319,61.46555,15.22305,7.204509,9.726443,462.8034,56.30923,22.78701,49.329,21.73731,22.70145,31.35372,-1.456452,16.58422,0.9859705,14.08923,0.9577434,0.9607015,0.9610677,228.4699,62.76397,11.76025,53.44799,10.49563,5.535585,6.134559
2025-12-30 21:52:00,-1.474509,17.16359,0.6162495,15.66322,0.5559891,0.5309806,0.5972186,842.3665,60.68878,15.11264,61.44839,15.15323,7.23588,9.75872,461.5764,56.30137,22.65265,49.33181,21.9469,22.56521,31.24984,-1.45805,16.55579,0.9827532,14.03709,0.9480851,0.9710109,0.9760802,228.536,62.76313,11.71844,53.44306,10.53036,5.677577,6.222047
2025-12-30 21:53:00,-1.502972,17.2336,0.6048996,15.63769,0.5651626,0.5248362,0.5839993,841.5142,60.89219,15.05661,61.66147,15.18083,7.224322,9.709375,460.1171,56.29451,22.82211,49.30167,21.75719,22.29836,31.11934,-1.44967,16.62671,0.9660106,13.98974,0.9356577,0.9433498,0.9635875,228.2286,62.75217,11.684,53.45844,10.53673,5.709075,6.275789
2025-12-30 21:54:00,-1.63189,17.19454,0.6285555,15.60387,0.5738406,0.5117934,0.5929918,842.0087,60.56096,15.05052,61.80067,15.18042,7.2597,9.745064,459.889,56.30896,22.94481,49.31938,22.11709,22.39973,31.29499,-1.421244,16.65743,0.9460359,13.9956,0.9627095,0.9422734,0.9426783,228.5571,62.7481,11.75162,53.44635,10.52488,5.610336,6.118044
2025-12-30 21:55:00,-1.503111,17.11279,0.6332437,15.61001,0.5665485,0.5479287,0.5803257,844.8787,60.73184,15.04579,61.79358,15.16526,7.27752,9.728254,462.2505,56.32242,23.02339,49.3317,21.68624,22.81348,31.31155,-1.45277,16.58666,0.9758485,14.07617,0.9341111,0.9663085,0.9689654,229.04,62.75083,11.64638,53.44256,10.49982,5.590166,6.123717
2025-12-30 21:56:00,-1.495994,17.28806,0.5885776,15.61852,0.5622386,0.5310532,0.5888858,845.6097,60.62193,15.18903,61.99642,15.1921,7.283505,9.717166,461.3682,56.30268,22.7515,49.24355,21.9072,22.61452,31.30333,-1.395393,16.573,0.9947508,14.01691,0.9704336,0.9700928,0.9538147,228.8076,62.75037,11.69963,53.43681,10.52494,5.73278,6.103468
2025-12-30 21:57:00,-1.469324,17.29235,0.6478013,15.64615,0.5626906,0.5525271,0.5958389,845.7252,60.69365,15.15278,61.58481,15.19997,7.273225,9.692133,459.8411,56.29647,22.63705,49.31266,21.45076,22.58377,31.19493,-1.347254,16.64471,0.9486842,14.02047,0.9284735,0.9279441,0.9670708,228.2426,62.75929,11.78311,53.43818,10.52715,5.492962,6.202156
2025-12-30 21:58:00,-1.482155,17.30925,0.6137038,15.66068,0.572363,0.5266241,0.5704473,844.2698,60.645,15.06724,61.33085,15.22639,7.158555,9.679866,459.2666,56.29617,22.70157,49.31406,21.45891,22.55367,31.18766,-1.268451,16.56017,0.9673674,14.06422,0.954628,0.9815764,0.9602401,228.4557,62.76094,11.76732,53.4308,10.49895,5.700946,6.216074
2025-12-30 21:59:00,-1.421237,17.30674,0.6182745,15.56919,0.5774091,0.5484931,0.5872806,846.0954,60.52287,15.10657,61.62999,15.17592,7.256132,9.742103,459.286,56.28791,22.84331,49.29547,21.84506,22.56704,31.27128,-1.49694,16.77313,0.986207,14.06413,0.9352244,0.9628016,0.9848574,228.6656,62.75949,11.68979,53.41012,10.50301,5.557013,6.174319
2025-12-30 22:00:00,-1.540499,17.33278,0.6089735,15.66927,0.5584032,0.5381104,0.5845032,845.594,60.58028,15.06696,61.86959,15.19732,7.304782,9.743429,459.4115,56.28541,22.90788,49.24126,21.68746,22.78782,31.2014,-1.513587,16.64985,0.9663076,14.09268,0.9703995,0.9997129,0.9719401,228.5205,62.76001,11.71159,53.40943,10.47754,5.630308,6.245129
2025-12-30 22:01:00,-1.509426,17.31681,0.5882028,15.66201,0.5555719,0.529314,0.5857136,845.1605,60.72303,15.17547,61.64693,15.21808,7.233568,9.6994,459.149,56.31025,22.97863,49.2416,21.59059,22.21251,31.17247,-1.347975,16.74382,0.9647,14.0175,0.971496,0.9640047,0.977662,228.1884,62.77745,11.86083,53.44082,10.5,5.558053,6.262302
2025-12-30 22:02:00,-1.489039,17.20837,0.6050063,15.64092,0.5386756,0.5309932,0.5802545,847.2681,60.45573,15.09294,61.61772,15.28397,7.228405,9.683781,459.6957,56.31466,22.86788,49.31573,22.12428,22.36872,31.31719,-1.440649,16.65619,0.9945912,14.01856,0.9503233,0.9885838,0.9414427,228.9458,62.78875,11.64619,53.4314,10.47209,5.68571,6.207861
2025-12-30 22:03:00,-1.69698,17.26891,0.633598,15.60404,0.5664269,0.5295547,0.5953905,845.8852,60.99709,15.03038,61.66963,15.20021,7.178391,9.700084,460.5625,56.30478,22.85491,49.25613,22.17,22.81409,31.31406,-1.349656,16.8268,0.9475048,14.02143,0.9237838,0.9864518,0.9575254,228.6861,62.77956,11.74139,53.43435,10.4991,5.585354,6.194724
2025-12-30 22:04:00,-1.475738,17.25781,0.629361,15.6441,0.5657662,0.5275674,0.6137605,846.38,60.70279,15.09281,61.2747,15.17508,7.164141,9.698556,459.2856,56.29304,22.89624,49.19789,21.9483,22.75401,31.31901,-1.577402,16.8394,0.9900524,13.98724,0.9568586,0.9624467,0.9651429,228.7197,62.77499,11.84699,53.44143,10.47241,5.668347,6.226163
2025-12-30 22:05:00,-1.690266,17.26263,0.5973061,15.65411,0.5785329,0.534496,0.5808536,847.8826,60.98331,15.2002,61.43747,15.25293,7.230429,9.674134,459.5386,56.30143,23.08352,49.21266,21.71356,22.23603,31.20161,-1.401109,16.73447,0.996414,14.06464,0.9626117,0.9791418,0.9749804,228.4646,62.78263,11.83727,53.4063,10.53149,5.686802,6.279705
2025-12-30 22:06:00,-1.511298,17.26117,0.6338685,15.61009,0.5467467,0.5432945,0.5570108,849.6326,60.56944,15.10306,61.38588,15.19968,7.213976,9.68304,459.9952,56.2872,22.91386,49.21296,21.95688,22.15399,31.24445,-1.385301,16.69713,0.9886447,14.07872,0.9755567,0.9566346,0.9645569,228.4328,62.76801,11.80686,53.44215,10.44308,5.533376,6.181095
2025-12-30 22:07:00,-1.499587,17.25773,0.6121396,15.52769,0.5383531,0.5157026,0.5753682,847.1768,60.9458,15.10869,61.79765,15.2174,7.131876,9.710206,461.0591,56.30582,23.03442,49.21317,22.01904,22.77964,31.34682,-1.403553,16.68968,0.9813221,14.12635,0.9266522,0.9780267,0.94995,228.5168,62.75636,11.9803,53.43016,10.52133,5.651864,6.304965
2025-12-30 22:08:00,-1.505396,17.36687,0.6285312,15.60567,0.5847266,0.5198371,0.5936163,850.1563,60.15762,15.23565,61.80388,15.19369,7.173568,9.678598,462.291,56.29881,22.80401,49.22621,21.52946,22.65431,31.20962,-1.360885,16.63552,0.9611319,14.05038,0.9674956,0.9671288,0.9289488,228.9478,62.76765,11.81551,53.42439,10.54374,5.651042,6.17902
2025-12-30 22:09:00,-1.524031,17.29815,0.62358,15.71399,0.5676199,0.5083838,0.5852993,848.9843,60.48058,15.04027,61.60141,15.27545,7.23277,9.667119,462.0748,56.29337,23.04302,49.22308,21.62444,22.32098,31.20862,-1.460222,16.76657,0.9984339,14.01407,0.9503548,0.9637184,0.9650944,229.1302,62.74178,11.75914,53.41167,10.49163,5.693078,6.300569
2025-12-30 22:10:00,-1.591376,17.20626,0.6224686,15.56747,0.5616838,0.5314159,0.570404,849.6406,60.98017,15.08045,61.52148,15.25386,7.190801,9.683811,460.4876,56.30512,23.08962,49.20771,21.97451,22.26151,31.23026,-1.436645,16.696,0.9431749,14.02652,0.9764165,0.9516275,0.948774,228.6985,62.73154,11.87308,53.42862,10.53486,5.691336,6.299112
2025-12-30 22:11:00,-1.526852,17.39734,0.6046171,15.6032,0.5531178,0.5310409,0.5820193,849.6966,60.47886,15.13555,61.72645,15.15438,7.205616,9.691831,460.8026,56.27611,23.00696,49.21431,22.09858,22.82819,31.34521,-1.437374,16.55986,0.9498039,14.02108,0.9338199,0.9640918,0.9576871,228.7822,62.71682,11.78857,53.40886,10.54219,5.65394,6.194675
2025-12-30 22:12:00,-1.604567,17.24876,0.626649,15.5772,0.542951,0.5119126,0.5658011,849.5035,60.63957,15.12227,61.37929,15.21846,7.281247,9.724487,461.2166,56.30157,22.79556,49.20726,21.86576,22.51756,31.30435,-1.482497,16.71598,0.9601055,14.01793,0.9263191,0.9757081,0.9667051,228.8752,62.71897,11.81366,53.4162,10.56575,5.620326,6.198697
2025-12-30 22:13:00,-1.548631,17.19806,0.6322107,15.65868,0.5579665,0.5292839,0.5797737,848.3464,60.85765,15.17383,61.682,15.25257,7.193393,9.711502,462.7599,56.29359,22.88218,49.21298,21.68786,22.82417,31.25379,-1.52561,16.7414,0.9858468,14.01553,0.9262618,0.9536898,0.9593748,229.0531,62.69851,11.73256,53.42923,10.55745,5.837114,6.29291
2025-12-30 22:14:00,-1.553618,17.29356,0.6117181,15.61197,0.5507831,0.5287222,0.5638006,847.7076,60.55374,15.09125,61.56923,15.18216,7.259349,9.737409,460.7211,56.30482,23.04292,49.22386,21.68231,22.92408,31.3557,-1.442112,16.64713,0.9536566,14.06819,0.9172367,0.9852903,0.9457557,228.2818,62.71741,11.91048,53.40807,10.51893,5.628643,6.21922
2025-12-30 22:15:00,-1.533265,17.2863,0.623746,15.55509,0.554804,0.5281897,0.569858,848.7701,60.7942,15.1675,61.46395,15.1715,7.199355,9.733674,460.5148,56.2936,22.89141,49.21463,21.7181,22.25195,31.25354,-1.369492,16.60625,0.9935974,14.02388,0.9302511,0.9518392,0.9669735,228.4942,62.72509,11.78774,53.41261,10.51007,5.77922,6.501375
2025-12-30 22:16:00,-1.507998,17.34839,0.6358875,15.64483,0.5630827,0.530022,0.5991687,848.8635,60.76083,15.18124,61.8232,15.19169,7.252163,9.758695,460.8046,56.2992,22.86337,49.21658,21.84318,22.37201,31.25632,-1.435452,16.53816,0.9815949,13.98197,0.935432,0.9632364,0.9547223,228.758,62.72854,11.80369,53.45165,10.58541,5.772983,6.334355
2025-12-30 22:17:00,-1.551471,17.17155,0.633269,15.58074,0.5837068,0.5330481,0.5923065,847.6642,60.7854,15.16741,61.68303,15.24319,7.283592,9.741051,461.8747,56.30563,22.91611,49.21195,21.93002,22.43526,31.34427,-1.4294,16.79056,0.9514431,13.9903,0.9372228,0.9680857,0.9434865,228.703,62.74913,11.81104,53.4277,10.49888,5.571236,6.264848
2025-12-30 22:18:00,-1.516788,17.16661,0.6263412,15.59171,0.5746912,0.5292897,0.5731912,847.7474,60.66237,15.14832,61.63571,15.19588,7.160517,9.759609,462.3077,56.27575,23.00858,49.22948,21.92601,22.65669,31.26785,-1.373604,16.5482,0.9580054,14.00554,0.9279364,0.9638264,0.9614668,228.6996,62.72492,11.87278,53.43313,10.518,5.672407,6.218746
2025-12-30 22:19:00,-1.537335,17.21963,0.6264632,15.65924,0.551924,0.518384,0.5851383,845.0544,60.88198,15.22866,61.64702,15.16696,7.19301,9.708476,461.9567,56.30325,22.88692,49.22142,21.92505,22.57601,31.24728,-1.443077,16.72294,0.9786282,13.95664,0.9362382,0.9625973,0.9656901,228.8681,62.72832,11.76231,53.41245,10.51426,5.633463,6.192094
2025-12-30 22:20:00,-1.513133,17.25366,0.6378549,15.69787,0.5570059,0.525256,0.578292,846.6905,60.65027,15.23483,61.54989,15.22157,7.286644,9.747866,461.899,56.28766,22.88394,49.21761,21.96423,22.82279,31.21986,-1.513133,16.6143,0.9650295,14.0133,0.9692833,0.9866767,0.9622387,229.1653,62.72058,11.84676,53.41425,10.55675,5.848697,6.271575
2025-12-30 22:21:00,-1.537016,17.22491,0.6284513,15.62948,0.5429914,0.5337359,0.5365638,847.1402,60.7893,15.18939,61.39998,15.29426,7.227247,9.750033,461.4517,56.28525,22.85147,49.23014,21.40792,22.71273,31.25349,-1.442881,16.72872,0.930178,14.01952,0.9243652,0.9447184,0.9595813,229.1299,62.72488,11.73613,53.40667,10.60366,5.765031,6.183832
2025-12-30 22:22:00,-1.476814,17.29031,0.6314751,15.6377,0.5735639,0.5386284,0.5674719,846.2557,60.50726,15.14919,61.46231,15.22985,7.180876,9.712705,462.2354,56.27721,22.99374,49.22097,21.73625,22.39496,31.18799,-1.368627,16.66375,0.9593842,14.04819,0.9660552,0.9784936,0.9491885,228.7187,62.71951,11.84556,53.39977,10.52586,5.614956,6.134387
2025-12-30 22:23:00,-1.544354,17.17327,0.630259,15.57104,0.5685822,0.5161367,0.565324,846.1638,60.26319,15.14825,61.85449,15.21214,7.308219,9.736709,462.9404,56.28634,23.02202,49.2208,21.96963,22.42219,31.28426,-1.295484,16.66406,0.9559148,14.01318,0.9453338,0.9597161,0.9372787,228.9993,62.71501,11.75957,53.42073,10.58479,5.747981,6.221713
2025-12-30 22:24:00,-1.518804,17.27388,0.6095738,15.53776,0.5613881,0.5341509,0.5802374,846.4698,60.65932,15.06954,61.85243,15.20141,7.244587,9.714172,462.1258,56.27903,22.91569,49.21416,21.82838,22.51053,31.2914,-1.362326,16.63022,0.9710543,14.04611,0.9659105,0.9517807,0.9406374,228.9414,62.70409,11.7197,53.41655,10.46372,5.738478,6.161246
2025-12-30 22:25:00,-1.525184,17.18483,0.630385,15.60503,0.576489,0.5305674,0.5793359,847.2403,60.2605,15.20641,61.45798,15.23003,7.153004,9.734581,462.2839,56.30139,22.82192,49.21889,21.92631,22.4269,31.21886,-1.413685,16.55805,0.9675896,13.99507,0.9285306,0.9694139,0.9634584,228.9032,62.70184,11.68358,53.39933,10.49531,5.666336,6.324251
2025-12-30 22:26:00,-1.631017,17.25429,0.6114427,15.6879,0.5662721,0.5251529,0.5827727,846.0158,60.82726,15.1233,61.59161,15.28189,7.187538,9.76433,462.7762,56.29227,22.92756,49.2244,21.88667,22.78687,31.27569,-1.436215,16.63422,0.96394,14.00802,0.9325107,0.970473,0.9534749,228.5013,62.72568,11.73861,53.39573,10.55587,5.703384,6.145558
2025-12-30 22:27:00,-1.570998,17.29724,0.6567363,15.59216,0.5458881,0.5330488,0.5654341,846.4281,60.73389,15.19437,61.53626,15.25974,7.183526,9.71634,463.1191,56.32056,23.11168,49.21983,22.03179,22.51718,31.27222,-1.507934,16.6355,0.9616196,14.0127,0.9327874,1.003799,0.9502572,228.9375,62.71372,11.72169,53.39941,10.51604,5.64475,6.219509
2025-12-30 22:28:00,-1.533059,17.22174,0.6313117,15.52332,0.5564946,0.5174708,0.5801909,846.8664,60.73338,15.03995,61.28675,15.24273,7.230554,9.703832,463.5347,56.29049,23.0489,49.25756,22.08825,22.67579,31.27623,-1.533059,16.58669,0.9544019,13.97497,0.9614416,0.982709,0.9603587,229.3227,62.69923,11.68024,53.40269,10.56355,5.657793,6.179768
2025-12-30 22:29:00,-1.480222,17.27811,0.6283796,15.65851,0.5604912,0.5080145,0.5668573,847.7072,60.53132,15.10491,61.78613,15.19037,7.209486,9.739187,463.7823,56.28025,22.96256,49.326,21.73271,22.92783,31.3349,-1.450399,16.57809,0.9650221,14.03186,0.9336318,0.9641339,0.9441317,229.3415,62.68375,11.67961,53.38675,10.55354,5.750096,6.239523
2025-12-30 22:30:00,-1.493526,17.27005,0.6333202,15.64268,0.5732729,0.5309987,0.594291,847.0973,60.42652,15.16501,61.40545,15.25534,7.211834,9.76753,462.5359,56.25867,22.80978,49.32529,21.58166,22.971,31.33885,-1.407608,16.61635,0.9365834,14.00342,0.9410687,0.9717306,0.9228657,229.4196,62.68169,11.75671,53.39993,10.53726,5.830565,6.259341
2025-12-30 22:31:00,-1.492235,17.21373,0.6287637,15.59996,0.5780417,0.5282697,0.5924635,848.0529,60.61504,15.1102,61.31293,15.24327,7.176657,9.735807,461.9797,56.28783,23.10232,49.26273,21.4817,22.67881,31.30203,-1.34786,16.5405,0.982122,13.88254,0.9328684,0.9692638,0.9873224,229.1385,62.68416,11.77015,53.39331,10.57358,5.799332,6.308971
2025-12-30 22:32:00,-1.661639,17.15027,0.6284091,15.56041,0.5721525,0.5318282,0.5953411,846.7122,60.99598,15.14192,61.55206,15.17417,7.247651,9.68539,462.1134,56.28247,22.85822,49.22,21.52402,22.67804,31.39671,-1.572683,16.59945,0.9688495,13.97766,0.9464269,0.968711,0.9467801,229.2779,62.67831,11.71819,53.39629,10.50905,5.69535,6.227889
2025-12-30 22:33:00,-1.557713,17.25459,0.6347153,15.59612,0.5863701,0.5245046,0.5915884,846.0573,60.77736,15.11056,61.85518,15.23678,7.126139,9.750221,462.0567,56.29496,22.9125,49.21865,21.84105,22.56478,31.34711,-1.504199,16.68061,0.9504057,14.00121,0.9611773,0.9879288,0.9566802,228.8032,62.70454,11.85916,53.39769,10.57792,5.662799,6.178864
2025-12-30 22:34:00,-1.495531,17.19351,0.6260179,15.59608,0.5594285,0.5333587,0.5712219,845.6097,60.24599,15.10392,61.28486,15.19282,7.213515,9.693158,463.2736,56.25871,22.84044,49.2111,21.78223,22.52234,31.33267,-1.403469,16.74066,0.9893531,14.01221,0.9491601,0.9585941,0.938006,228.7355,62.70448,11.63647,53.38438,10.51572,5.594481,6.108207
2025-12-30 22:35:00,-1.573218,17.33968,0.6298593,15.55839,0.5613946,0.5613363,0.5829933,846.3834,60.46119,15.1649,61.53776,15.19888,7.259493,9.702963,463.6653,56.30898,22.81084,49.22127,21.8252,22.65164,31.37477,-1.252793,16.8119,0.9946168,13.96537,0.9325487,0.972284,0.9730341,228.4462,62.69292,11.68998,53.38374,10.59792,5.674545,6.19094
2025-12-30 22:36:00,-1.519571,17.28305,0.6259176,15.57875,0.576048,0.5310178,0.5686269,847.215,60.94702,15.18197,61.3041,15.1985,7.295614,9.767211,463.4597,56.30751,22.80719,49.22133,21.89758,22.50315,31.46542,-1.366259,16.70026,0.9717129,13.98715,0.9443648,0.9834339,0.9677603,228.7128,62.71738,11.59873,53.38561,10.5937,5.710133,6.24277
2025-12-30 22:37:00,-1.666447,17.27961,0.6286737,15.64921,0.5585395,0.5244648,0.5836583,846.5687,60.52897,15.13063,61.61291,15.21494,7.149505,9.686758,463.0016,56.29911,23.03279,49.21023,21.69782,22.88758,31.37634,-1.443816,16.59597,0.9779028,14.00285,0.9369089,0.9604872,0.9562004,229.2288,62.70435,11.82328,53.37815,10.60135,5.750335,6.241096
2025-12-30 22:38:00,-1.476015,17.25628,0.6332309,15.61942,0.5636111,0.5310135,0.5756896,847.5101,60.61418,15.158,61.77273,15.1936,7.29409,9.718028,464.1822,56.28592,22.94601,49.23061,21.94551,22.83885,31.47964,-1.426168,16.62205,0.9806267,13.98219,0.9647036,0.9857374,0.9333305,229.0861,62.69915,11.83727,53.38519,10.57776,5.64742,6.191002
2025-12-30 22:39:00,-1.500458,17.26721,0.6283269,15.59068,0.5493213,0.5505646,0.5513643,847.346,60.66398,15.06323,61.77744,15.16782,7.243835,9.729263,464.7034,56.30368,23.06883,49.21516,22.19798,22.93643,31.51229,-1.451976,16.55006,0.9386551,14.05983,0.9208293,0.9946535,0.9366394,229.2256,62.72329,11.88291,53.38263,10.54571,5.576427,6.204382
2025-12-30 22:40:00,-1.620773,17.36715,0.600049,15.57342,0.55619,0.5244704,0.5909621,845.7357,60.87953,15.14126,61.70472,15.14666,7.201901,9.7087,460.931,56.29293,22.78101,49.21171,21.70841,23.03034,31.50563,-1.463501,16.69495,0.9728625,14.01774,0.9499984,0.9656842,0.9274732,228.1922,62.69585,11.76189,53.36968,10.52168,5.755652,6.243282
2025-12-30 22:41:00,-1.54389,17.243,0.6350516,15.60253,0.5621409,0.5287056,0.5854365,841.8337,60.89831,15.09246,61.33398,15.22128,7.209551,9.777708,459.4859,56.2994,22.69504,49.21043,21.26085,22.49165,31.35263,-1.431669,16.70949,0.9793816,14.00358,0.9306015,0.9646536,0.978413,228.1872,62.71714,11.72566,53.36648,10.55067,5.805813,6.325919
2025-12-30 22:42:00,-1.700925,17.22949,0.6356489,15.6195,0.5738524,0.5568748,0.6001473,844.0521,60.28753,15.10702,61.2074,15.1741,7.177408,9.749489,462.1342,56.27562,22.9558,49.22365,21.70786,22.67676,31.50226,-1.398149,16.6761,0.9919431,14.02842,0.9357581,1.005687,0.9264705,229.1408,62.70792,11.74426,53.37666,10.71754,5.704033,6.302598
2025-12-30 22:43:00,-1.690107,17.21799,0.6478665,15.58714,0.5468663,0.5078437,0.5663649,844.2609,60.30318,15.09229,61.51858,15.241,7.252544,9.738997,463.9124,56.30965,22.8801,49.22416,21.24171,22.65503,31.46287,-1.359344,16.51182,0.9840391,14.05764,0.9582077,0.9895038,0.9422313,229.4566,62.69855,11.68482,53.36752,10.5818,5.857738,6.247602
2025-12-30 22:44:00,-1.495465,17.13465,0.6318478,15.568,0.5709285,0.5141918,0.5820439,844.0773,60.65995,15.13746,61.27959,15.13867,7.281919,9.7741,464.4696,56.29492,22.84807,49.21295,21.73792,22.61191,31.44946,-1.357433,16.57838,0.9695778,14.01233,0.9520364,0.9611651,0.952024,229.2793,62.69958,11.79974,53.38137,10.6076,5.666016,6.189966
2025-12-30 22:45:00,-1.695611,17.34147,0.6278855,15.58208,0.5559895,0.5281219,0.5838618,845.5025,60.85051,15.22694,61.76463,15.19882,7.260654,9.797516,462.8997,56.31203,22.81419,49.20853,21.26576,22.45468,31.44062,-1.449795,16.74181,0.9720845,14.07384,0.9175787,0.9680845,0.9278718,228.3745,62.72795,11.6932,53.37536,10.58142,5.736832,6.137661
2025-12-30 22:46:00,-1.580625,17.25404,0.6284797,15.56488,0.581592,0.5363289,0.5804926,845.6569,60.73147,15.07242,61.38411,15.15714,7.170432,9.739731,461.8427,56.32752,22.96718,49.21921,21.9032,22.48213,31.34011,-1.555282,16.82285,0.9934818,13.99633,0.9384782,0.9544788,0.9583082,228.5394,62.71912,11.83198,53.38013,10.60924,5.746174,6.210258
2025-12-30 22:47:00,-1.49843,17.22251,0.6045585,15.6101,0.5840197,0.521908,0.6160555,845.3754,60.92631,15.0395,61.44692,15.2604,7.211017,9.711793,462.431,56.29345,22.76718,49.20619,21.81645,22.97303,31.42534,-1.5821,16.52906,0.965364,14.07828,0.9481893,0.9677776,0.9462143,228.754,62.73097,11.63843,53.38039,10.56552,5.62587,6.368821
2025-12-30 22:48:00,-1.63799,17.26761,0.6345019,15.5283,0.5777763,0.5543239,0.566597,844.0528,60.53735,15.10792,61.34284,15.24626,7.202252,9.745192,463.8535,56.2748,22.85068,49.24278,21.71614,22.82207,31.35519,-1.4428,16.60537,0.9554676,13.94425,0.9489532,0.9460876,0.9277098,229.006,62.71947,11.64468,53.39312,10.55031,5.808896,6.174146
2025-12-30 22:49:00,-1.707573,17.20958,0.623327,15.51872,0.5404775,0.5275092,0.6004777,846.0953,60.66517,14.99686,61.88403,15.14987,7.238974,9.709354,465.3653,56.30948,22.81896,49.20576,21.88363,22.85315,31.27793,-1.35314,16.60862,0.957035,14.02782,0.9183791,0.9898903,0.9427579,229.3738,62.68362,11.62623,53.36966,10.54323,5.653147,6.250905
2025-12-30 22:50:00,-1.476895,17.37174,0.6392654,15.53308,0.5599094,0.5097283,0.5810353,846.4562,60.90495,15.0813,61.77328,15.19301,7.194869,9.712428,464.6634,56.28738,22.93611,49.21951,21.72342,22.90717,31.37021,-1.429197,16.73865,0.9523743,14.01176,0.9652213,0.9695866,0.9590668,229.0751,62.722,11.67528,53.37804,10.51888,5.788537,6.278273
2025-12-30 22:51:00,-1.51692,17.19343,0.6326467,15.60579,0.5394381,0.5044687,0.579961,844.9531,60.94901,15.14281,61.86235,15.21009,7.320468,9.728348,463.1612,56.26175,22.93449,49.20816,21.79784,22.79965,31.37073,-1.373308,16.58449,0.9683535,14.00682,0.9687403,0.9954234,0.9529642,228.9252,62.70378,11.59378,53.38041,10.4552,5.750033,6.2469
2025-12-30 22:52:00,-1.562372,17.16982,0.6371686,15.56304,0.5787653,0.5098663,0.5810247,846.5214,60.27294,15.11674,61.78352,15.25898,7.278607,9.791101,462.7077,56.27626,22.97424,49.23948,21.42332,22.93341,31.36383,-1.452573,16.48036,0.9307411,14.001,0.9445904,0.9786165,0.9316047,229.0282,62.70168,11.79749,53.35816,10.51349,5.618735,6.258062
2025-12-30 22:53:00,-1.581127,17.19246,0.6331006,15.56998,0.5674615,0.531453,0.5974753,846.6378,60.82371,15.11697,61.55933,15.1531,7.180029,9.719059,462.2154,56.30903,22.90378,49.22285,21.4591,22.91039,31.32472,-1.22878,16.57879,0.9509205,13.98511,0.9359482,0.9780374,0.9724864,229.0688,62.68711,11.67194,53.37653,10.57921,5.707334,6.20986
2025-12-30 22:54:00,-1.600703,17.16319,0.6355534,15.55998,0.5605816,0.5267954,0.5935932,846.1362,60.5462,15.09421,61.38155,15.26872,7.267326,9.771315,462.9734,56.30897,22.76252,49.21761,21.44326,22.60654,31.31466,-1.470819,16.54461,0.975002,13.95871,0.9429884,0.9800602,0.941545,228.944,62.71028,11.81416,53.35831,10.59078,5.689828,6.278487
2025-12-30 22:55:00,-1.578573,17.1574,0.6263087,15.58306,0.5791391,0.5510654,0.5467274,846.7062,60.84946,15.03001,61.72611,15.23013,7.236588,9.764172,464.8416,56.27483,22.84414,49.2001,21.23957,22.68097,31.24037,-1.377788,16.6447,0.9793375,14.01714,0.9208382,0.9614982,0.9527655,229.3224,62.70095,11.77164,53.36082,10.61818,5.786718,6.296046
2025-12-30 22:56:00,-1.489562,17.23631,0.6419415,15.66375,0.5781433,0.5305333,0.5605046,847.5454,60.62687,15.14362,61.66042,15.18948,7.252095,9.740564,465.2233,56.28996,22.91701,49.191,21.96048,22.95278,31.30999,-1.574555,16.56207,0.9603429,14.00739,0.9208826,1.003394,0.9905501,229.578,62.68076,11.7452,53.37642,10.52351,5.649302,6.176783
2025-12-30 22:57:00,-1.564401,17.14107,0.6458527,15.51706,0.5662989,0.543847,0.5692122,845.8218,60.74588,15.08946,61.43233,15.21119,7.212895,9.720608,463.5882,56.29948,22.84718,49.20992,21.44669,22.94542,31.32318,-1.487356,16.63637,0.9584391,14.03094,0.937688,0.9748697,0.9496694,229.5537,62.69402,11.76034,53.39205,10.48281,5.762511,6.26366
2025-12-30 22:58:00,-1.569947,17.14497,0.612473,15.61575,0.552003,0.5255222,0.5812268,847.374,60.59717,15.04181,61.52432,15.29358,7.198524,9.786056,463.1631,56.2624,22.91077,49.21012,21.78299,22.76906,31.2607,-1.426771,16.60915,0.991767,14.03848,0.9308286,0.9959815,0.9439947,229.1488,62.69191,11.74931,53.38333,10.51168,5.705558,6.292106
2025-12-30 22:59:00,-1.485747,17.25953,0.6406186,15.64267,0.5589029,0.5332056,0.5770288,846.5091,60.54198,15.11313,61.61568,15.23665,7.25813,9.718614,463.0025,56.28154,23.06445,49.23219,21.51441,22.82947,31.37271,-1.416313,16.57107,0.9865478,13.95261,0.9582179,1.017035,0.9483264,228.6903,62.65071,11.70095,53.38378,10.49135,5.648758,6.289156
2025-12-30 23:00:00,-1.540551,17.29524,0.6201127,15.5299,0.5581828,0.5113682,0.6004793,846.7061,60.61566,15.14467,61.71257,15.22109,7.217341,9.737009,464.4361,56.28198,22.84026,49.21704,21.49425,22.62264,31.39892,-1.494187,16.60824,0.9718282,14.00977,0.9576601,1.002166,0.9559188,229.4384,62.6732,11.71592,53.3802,10.56669,5.777382,6.190804
2025-12-30 23:01:00,-1.695306,17.32876,0.6115515,15.54251,0.5823471,0.5344765,0.5717725,845.9259,60.71535,15.01819,61.61191,15.19256,7.144311,9.738568,464.2904,56.27761,23.17845,49.2173,21.77392,22.56106,31.3246,-1.371785,16.57162,0.9846219,13.99784,0.9315839,0.970015,0.9650846,229.2798,62.67603,11.70367,53.35908,10.47318,5.702375,6.288033
2025-12-30 23:02:00,-1.553073,17.17836,0.6484516,15.59954,0.5691624,0.5293369,0.5672979,844.6553,60.05962,15.03269,61.60674,15.15803,7.380938,9.75821,463.001,56.30086,22.9664,49.20859,21.76011,22.58895,31.37945,-1.41094,16.54565,0.9624264,14.07061,0.9497256,0.9492602,0.961679,228.6938,62.68038,11.69624,53.37593,10.52988,5.712738,6.145392
2025-12-30 23:03:00,-1.528656,17.21857,0.6407703,15.61661,0.576434,0.5245408,0.5737438,846.2552,60.60666,15.11161,61.69407,15.21072,7.237876,9.797851,462.839,56.30063,23.03634,49.21066,21.99074,22.65891,31.40312,-1.37424,16.61341,0.9729792,13.9518,0.9337368,0.9983677,0.9778823,228.6699,62.71476,11.78778,53.3819,10.5206,5.716137,6.26931
2025-12-30 23:04:00,-1.478393,17.25655,0.6072997,15.62851,0.5472691,0.5168095,0.5866274,846.1639,60.76057,15.1401,61.6698,15.21898,7.308231,9.72118,463.0773,56.2966,23.10497,49.21593,21.75882,22.7157,31.48372,-1.43744,16.60157,0.963479,13.97564,0.958763,0.9924198,0.9584065,229.278,62.71024,11.70146,53.37509,10.55727,5.698242,6.27135
2025-12-30 23:05:00,-1.612348,17.22298,0.644531,15.51971,0.5626151,0.5245766,0.5907125,848.1343,60.30693,15.10541,61.64417,15.14707,7.229129,9.736764,464.0594,56.3008,23.13721,49.20337,22.16025,22.64181,31.50838,-1.41621,16.67461,0.993824,13.98353,0.9305487,0.9790971,0.9206629,229.4118,62.70269,11.58892,53.37397,10.52948,5.664365,6.247346
2025-12-30 23:06:00,-1.642735,17.22201,0.6286732,15.59374,0.5713697,0.527993,0.5893496,850.142,60.66801,15.14202,61.76917,15.23292,7.278122,9.685555,465.1958,56.30042,22.88487,49.21007,21.57429,22.92915,31.55611,-1.442655,16.6197,0.9677891,13.96919,0.9195035,0.9814932,0.9540991,229.6696,62.69516,11.64816,53.37804,10.51472,5.715244,6.234881
2025-12-30 23:07:00,-1.527055,17.26095,0.6401613,15.49181,0.5569997,0.5291985,0.58354,849.222,60.36883,15.13552,61.6711,15.15436,7.280559,9.744419,464.5432,56.31601,22.82495,49.20932,21.63707,22.72265,31.53415,-1.497894,16.67977,0.9774223,14.05498,0.9526455,0.9725006,0.9780638,229.0779,62.68909,11.70035,53.37488,10.53619,5.627959,6.309091
2025-12-30 23:08:00,-1.490972,17.21672,0.6322356,15.55007,0.5671031,0.5301611,0.5742519,849.4855,60.57629,15.15187,61.85504,15.08433,7.228173,9.689467,464.5731,56.31569,23.07939,49.22275,21.57228,22.78544,31.50842,-1.404241,16.58059,0.9534476,14.02614,0.9227418,0.9753138,0.9651023,229.5885,62.65878,11.66819,53.3997,10.55063,5.656934,6.174273
2025-12-30 23:09:00,-1.516041,17.12694,0.6296283,15.48436,0.5753433,0.5224261,0.5972119,849.7803,60.68605,15.15028,61.83682,15.23561,7.181378,9.72564,464.4953,56.29475,23.02868,49.20857,21.98396,22.68205,31.49258,-1.368372,16.63429,0.9782649,14.01204,0.9224523,0.9677786,0.9288985,229.6626,62.66058,11.68303,53.37539,10.47888,5.674109,6.289602
2025-12-30 23:10:00,-1.661404,17.14596,0.6285798,15.52176,0.5732327,0.5194314,0.5912426,849.4476,60.59317,15.141,61.6107,15.1865,7.229282,9.764969,464.8967,56.32602,22.97195,49.22181,21.53512,22.7592,31.52839,-1.491752,16.56701,0.9597806,14.02883,0.9322242,0.9464124,0.9516993,229.3565,62.67994,11.72184,53.401,10.5552,5.682451,6.242274
2025-12-30 23:11:00,-1.544234,17.24704,0.6597176,15.50282,0.5667906,0.5144975,0.5558195,847.6224,60.68568,15.12735,61.5039,15.20531,7.268229,9.715652,464.4508,56.32228,23.04477,49.21779,21.82135,22.52082,31.50685,-1.436443,16.60681,0.9676953,13.87726,0.9358438,0.9905844,0.9510863,229.2287,62.66437,11.70956,53.39724,10.52022,5.652597,6.154468
2025-12-30 23:12:00,-1.547484,17.2713,0.6275185,15.57186,0.5763579,0.5462687,0.5955688,848.3589,60.73155,15.20841,61.79508,15.18713,7.22905,9.73776,465.2159,56.33388,22.92445,49.21894,21.59737,22.72824,31.53322,-1.406784,16.65428,0.9672951,13.89303,0.9383208,0.990392,0.9461895,229.6569,62.6764,11.75663,53.38459,10.46673,5.929,6.26801
2025-12-30 23:13:00,-1.494318,17.30837,0.6248234,15.60763,0.5571527,0.5341742,0.5897499,848.4912,60.44652,15.10962,61.45785,15.19049,7.277152,9.700747,464.4858,56.307,22.94262,49.22889,21.90874,22.59432,31.56529,-1.389765,16.66397,0.9905396,14.00968,0.9404848,0.9742504,0.9509726,229.8613,62.6662,11.64631,53.37766,10.53826,5.745533,6.117626
2025-12-30 23:14:00,-1.625019,17.17873,0.6250843,15.55282,0.5494584,0.5307541,0.5692438,848.7471,60.81751,15.05862,61.69366,15.17229,7.248155,9.743202,464.2892,56.28071,22.92541,49.22141,21.47555,23.08111,31.54626,-1.426739,16.52784,0.9719085,13.98897,0.9425336,0.9864364,0.9421346,229.509,62.67184,11.75006,53.38516,10.57411,5.810064,6.221316
2025-12-30 23:15:00,-1.53432,17.20888,0.6301665,15.53005,0.5831445,0.4941846,0.5645041,848.4365,60.62902,15.10549,61.80977,15.12193,7.244877,9.748514,463.8669,56.32327,23.15884,49.23207,22.1279,22.99979,31.55483,-1.444717,16.68983,0.9685815,14.00154,0.9780015,0.9652493,0.9351059,229.1343,62.67906,11.80361,53.40171,10.54135,5.770681,6.313542
2025-12-30 23:16:00,-1.499685,17.21729,0.6303532,15.62276,0.5694901,0.5341432,0.5800455,847.3773,60.92933,15.0893,61.33707,15.24164,7.279464,9.772018,464.3451,56.30583,23.07856,49.21175,21.5505,23.21433,31.59396,-1.374733,16.50041,0.9617245,13.97876,0.9366395,0.9697571,0.9694769,229.3597,62.70058,11.62728,53.38575,10.42077,5.75464,6.283944
2025-12-30 23:17:00,-1.375574,17.17644,0.646595,15.59078,0.582119,0.5421883,0.5938358,849.4562,60.54907,15.06748,61.83997,15.19833,7.25292,9.72195,463.7411,56.31689,23.08914,49.20937,22.11368,22.88621,31.5619,-1.354814,16.71132,0.9848164,14.05024,0.981501,1.00086,0.9519829,229.5636,62.69035,11.78971,53.40009,10.52333,5.765816,6.225377
2025-12-30 23:18:00,-1.554657,17.18118,0.6230883,15.60438,0.5717759,0.5375362,0.5850642,846.378,60.54084,15.18588,61.53088,15.20405,7.228678,9.722328,464.421,56.29587,23.13904,49.22002,21.73595,22.96654,31.5589,-1.432587,16.6709,0.9680562,13.84899,0.9797754,0.9823664,0.9355493,229.5871,62.68766,11.76832,53.37237,10.4768,5.748309,6.200398
2025-12-30 23:19:00,-1.489445,17.14953,0.6702698,15.50357,0.5538743,0.5243199,0.565391,846.0958,61.05227,15.09118,61.7881,15.22921,7.35468,9.724676,464.1653,56.31205,22.99625,49.2097,21.76943,22.92816,31.59652,-1.372085,16.59841,0.9664297,14.05143,0.9429947,0.9795602,0.9665857,229.3752,62.68557,11.76881,53.39796,10.56124,5.739202,6.237214
2025-12-30 23:20:00,-1.555612,17.23106,0.6325555,15.52176,0.5856655,0.5189599,0.6139491,846.0524,60.55833,15.07238,61.80724,15.1754,7.204072,9.696695,463.7452,56.29898,22.92061,49.21696,21.3438,23.20774,31.67401,-1.497388,16.55868,0.9838476,13.98486,0.9341271,0.9902607,0.9577412,229.1775,62.68479,11.76491,53.39423,10.53444,5.644525,6.318481
2025-12-30 23:21:00,-1.481596,17.14711,0.6437258,15.56271,0.5475544,0.5355259,0.5820554,846.4858,60.41455,15.22894,61.72091,15.18075,7.223594,9.688889,464.5609,56.30852,23.00813,49.21802,21.6182,22.96084,31.60753,-1.570162,16.54017,0.9990652,13.96933,0.9584085,0.979575,0.9648744,229.2461,62.68143,11.78851,53.40074,10.59788,5.800304,6.295642
2025-12-30 23:22:00,-1.580392,17.21862,0.6375309,15.48024,0.5666817,0.5310128,0.5728209,846.5773,60.85741,15.17623,61.14297,15.1329,7.250545,9.744263,464.3946,56.2937,22.95144,49.21785,21.43352,22.98754,31.69284,-1.580392,16.58642,0.9635602,14.02637,0.9494937,0.9602305,0.9745831,229.2663,62.6818,11.82411,53.3929,10.5419,5.897402,6.397268
2025-12-30 23:23:00,-1.500091,17.25578,0.6466513,15.5529,0.5623406,0.5307626,0.5908101,847.8618,60.25214,15.10687,61.42353,15.23216,7.33987,9.730702,465.1049,56.32743,23.01546,49.21228,21.53643,22.75647,31.54478,-1.470356,16.63322,0.9625303,13.96275,1.000582,0.9943784,0.9603986,229.7741,62.69595,11.76216,53.38071,10.55711,5.699767,6.22369
2025-12-30 23:24:00,-1.378867,17.11237,0.6310513,15.62457,0.5798095,0.5049785,0.6121168,849.5244,60.20387,15.13504,61.74152,15.16352,7.250123,9.743991,465.8889,56.31889,23.08703,49.2135,21.98306,22.95956,31.54128,-1.361742,16.66086,0.9685268,13.97037,0.9562831,0.9582725,0.9533257,230.0627,62.70096,11.74468,53.38057,10.50618,5.661495,6.152387
2025-12-30 23:25:00,-1.494199,17.24259,0.634448,15.46324,0.5714011,0.5308316,0.5839022,847.7684,60.86473,15.09253,61.88693,15.23164,7.239875,9.765931,464.6992,56.32332,23.00224,49.22211,22.03309,23.1173,31.56342,-1.380153,16.57883,0.9717317,14.01764,0.9317015,0.9650468,0.9758874,229.7139,62.69348,11.67339,53.37841,10.44779,5.654822,6.182823
2025-12-30 23:26:00,-1.566292,17.21857,0.6346938,15.45854,0.5733621,0.5555285,0.5878027,847.8591,60.53632,15.03496,61.50178,15.18119,7.202856,9.717031,464.6371,56.32639,22.98843,49.29958,21.96872,22.82454,31.54887,-1.394844,16.62274,0.9715376,14.00192,0.9406462,0.9756182,0.9535459,230.0445,62.67033,11.73311,53.39158,10.50663,5.563713,6.13599
2025-12-30 23:27:00,-1.465763,17.19138,0.6299545,15.51131,0.5757471,0.52759,0.6083827,847.1832,60.53322,15.08373,61.86585,15.18492,7.162529,9.731034,463.1376,56.30877,23.07516,49.3096,21.9555,22.99563,31.45421,-1.434355,16.55155,0.9753113,13.92631,0.9185358,0.9678398,0.9675627,229.3151,62.69835,11.68359,53.38562,10.43786,5.805142,6.364407
2025-12-30 23:28:00,-1.58505,17.20717,0.6663547,15.61448,0.572977,0.5188102,0.545833,846.1968,60.86687,15.08239,61.32845,15.15706,7.248877,9.719683,464.0128,56.29419,23.01941,49.28345,22.00127,22.87414,31.45931,-1.348343,16.64094,0.9799705,13.99146,0.9385674,1.010315,0.9885366,229.2566,62.69819,11.58698,53.40126,10.46195,5.788544,6.199374
2025-12-30 23:29:00,-1.473427,17.11185,0.6733149,15.65824,0.5773914,0.552283,0.5802236,846.303,61.00681,15.11138,61.81104,15.21199,7.16878,9.750846,463.9006,56.2995,23.13735,49.33343,22.03214,22.5146,31.37657,-1.371421,16.68685,0.9840893,13.97254,0.9178709,1.008433,0.9652725,229.5307,62.69617,11.72685,53.4049,10.54942,5.728243,6.267101
2025-12-30 23:30:00,-1.534274,17.12943,0.6355151,15.49778,0.5785643,0.5356271,0.5922556,847.9328,60.95196,15.1192,61.69889,15.2157,7.270272,9.703713,464.5826,56.29935,22.98823,49.33018,21.69991,22.88899,31.35022,-1.310431,16.81045,0.9601905,13.95725,0.9162517,1.005183,0.9671519,229.9685,62.70438,11.64831,53.3996,10.53554,5.646044,6.194465
2025-12-30 23:31:00,-1.499098,17.2135,0.6310703,15.5511,0.5655043,0.5390153,0.5815014,846.9625,60.55587,15.14277,61.44183,15.17075,7.2713,9.68716,464.9889,56.28469,23.03223,49.25088,22.05972,22.65786,31.2722,-1.430589,16.69151,0.9565139,13.97978,0.9293529,0.958692,0.942512,229.4142,62.72976,11.66762,53.38477,10.51322,5.687012,6.185295
2025-12-30 23:32:00,-1.406078,17.19936,0.6341423,15.49615,0.5526727,0.5259851,0.5676371,848.9899,60.33903,15.15816,61.76249,15.10304,7.343688,9.733027,465.7186,56.2951,22.92335,49.29465,21.87297,22.69637,31.27338,-1.433192,16.53171,0.9919182,13.91738,0.9593922,0.9533243,0.9549722,229.503,62.74097,11.80449,53.39943,10.56451,5.581458,6.12271
2025-12-30 23:33:00,-1.501468,17.16526,0.6303474,15.53009,0.570722,0.5105802,0.5491189,849.3775,60.43671,15.1727,62.01416,15.1749,7.172944,9.734385,465.9521,56.32385,22.94471,49.27612,21.96515,22.47806,31.25492,-1.41586,16.82281,0.9703567,13.94165,0.9388986,0.9673146,0.9487609,229.3115,62.71484,11.66056,53.37019,10.62609,5.66809,6.227063
2025-12-30 23:34:00,-1.538482,17.06085,0.6233382,15.5159,0.5903857,0.5304352,0.5980102,848.8312,60.36873,15.0898,61.48224,15.19055,7.234407,9.728066,465.3442,56.30875,22.90635,49.30777,21.89636,22.54436,31.23557,-1.573877,16.49094,0.9954092,13.9917,0.9163886,0.9681382,0.928566,230.0084,62.72125,11.75658,53.382,10.49706,5.808597,6.204195
2025-12-30 23:35:00,-1.346468,17.15564,0.6442203,15.47739,0.5700781,0.5412325,0.5698664,848.3014,60.73473,15.16753,61.61502,15.16006,7.147697,9.708297,465.3495,56.30441,22.71949,49.32367,21.42217,22.39618,31.07763,-1.569497,16.5462,0.9707897,13.97016,0.959062,0.9447866,0.9464456,229.4154,62.72147,11.66607,53.38483,10.5085,5.631934,6.259074
2025-12-30 23:36:00,-1.50307,17.29167,0.6405227,15.5076,0.5669409,0.5264502,0.5775964,847.7666,60.71634,15.0984,61.55433,15.1384,7.215384,9.74147,464.0218,56.32321,22.9688,49.26495,21.53104,22.09464,31.04054,-1.530226,16.6337,0.9796221,13.96323,0.9432722,0.9693027,0.9765432,229.2251,62.7262,11.7372,53.40385,10.55424,5.721702,6.291176
2025-12-30 23:37:00,-1.511744,17.25867,0.6426535,15.58108,0.5805435,0.5324876,0.5808974,847.9784,60.65158,15.11108,61.48427,15.25522,7.303523,9.745818,465.3269,56.313,22.75587,49.22215,21.47533,22.33644,31.07705,-1.41283,16.70642,0.9658084,13.94677,0.9769869,0.9858681,0.9810477,229.7011,62.71712,11.75467,53.40316,10.62301,5.697808,6.322704
2025-12-30 23:38:00,-1.620712,17.03143,0.6332725,15.52432,0.5526815,0.5469492,0.5675389,846.8149,60.96814,15.12794,61.69499,15.1261,7.148088,9.712943,463.249,56.32366,22.77872,49.32962,21.43941,22.14201,31.02731,-1.620712,16.5197,0.9708922,14.01975,0.9567446,0.972414,0.9242018,229.5236,62.72174,11.78359,53.4043,10.58507,5.759808,6.267351
2025-12-30 23:39:00,-1.550282,17.19727,0.6487686,15.54016,0.5562556,0.5519796,0.5844544,846.7773,60.92005,15.03976,61.66994,15.15987,7.193135,9.706217,462.9261,56.31728,22.89376,49.31086,21.61238,22.16317,31.02382,-1.306141,16.59026,0.9931874,13.94806,0.964976,0.9788109,0.9520635,229.3701,62.71118,11.75534,53.40698,10.58209,5.672016,6.275707
2025-12-30 23:40:00,-1.590676,17.24475,0.6761104,15.47353,0.5451579,0.5093011,0.5880265,848.7297,60.49226,15.03788,61.53909,15.13754,7.183856,9.720599,463.3792,56.32096,22.76488,49.32204,21.63231,22.20237,30.98326,-1.530997,16.54966,0.9709315,13.98695,0.9415361,0.9883737,0.9548789,229.002,62.71389,11.77289,53.40093,10.52974,5.702611,6.311901
2025-12-30 23:41:00,-1.498302,17.28452,0.6543047,15.52921,0.5798737,0.5225386,0.5717363,849.8954,60.44099,15.13079,61.7536,15.14666,7.265845,9.729692,464.7698,56.33882,23.02385,49.33218,21.80387,22.05195,30.92023,-1.428547,16.58872,0.9616022,13.94549,0.9578113,1.001097,0.9718733,229.6421,62.72336,11.68042,53.42836,10.50571,5.7039,6.270303
2025-12-30 23:42:00,-1.538735,17.22566,0.6425654,15.55645,0.5534759,0.5302478,0.5760131,847.8044,60.506,15.06442,61.68098,15.18786,7.175707,9.720903,464.8836,56.35874,23.10625,49.32342,21.51536,22.43527,30.94553,-1.442634,16.68718,0.9546328,13.95842,0.9419463,0.9661197,0.9489493,229.8784,62.73307,11.67312,53.41591,10.43621,5.70565,6.350322
2025-12-30 23:43:00,-1.572238,17.21344,0.6346796,15.51758,0.5483325,0.5280615,0.578817,846.8527,60.67322,15.09259,61.54342,15.1619,7.237215,9.69832,464.6824,56.35242,23.03245,49.32048,21.69354,22.18065,30.90707,-1.523841,16.67236,0.9914985,13.95325,0.9224437,0.9801016,0.9425165,229.2072,62.71932,11.7378,53.44197,10.58622,5.712201,6.284559
2025-12-30 23:44:00,-1.551907,17.16699,0.6376323,15.51292,0.5655249,0.5340192,0.5612988,847.5746,60.80379,15.11717,61.49094,15.20708,7.221803,9.733468,464.7343,56.34545,23.00985,49.32695,21.38786,22.28584,30.91523,-1.446395,16.52942,0.961325,13.97483,0.9390356,0.9913498,0.9829918,229.723,62.71341,11.86664,53.4157,10.52363,5.733081,6.302782
2025-12-30 23:45:00,-1.449662,17.12605,0.6341491,15.493,0.5568892,0.5193961,0.609446,846.7416,60.62185,15.14098,61.76102,15.20923,7.152745,9.693265,464.2272,56.33502,22.81092,49.32158,21.32163,22.40311,30.94703,-1.385989,16.54303,0.9742685,13.97778,0.954934,0.9711549,0.9461491,229.4983,62.71821,11.70496,53.41111,10.57345,5.565813,6.15396
2025-12-30 23:46:00,-1.527634,17.17503,0.627143,15.58619,0.5622527,0.5214248,0.5722821,848.3478,60.31184,15.07079,61.42662,15.19753,7.236067,9.736919,463.778,56.31993,22.77104,49.3253,21.34829,22.20069,30.82387,-1.359785,16.47557,0.9703355,14.02091,0.9586424,0.9510262,0.9482833,229.5396,62.73821,11.69106,53.44203,10.5465,5.59814,6.242266
2025-12-30 23:47:00,-1.501739,17.12338,0.6286913,15.52564,0.5676946,0.532135,0.5816386,845.5005,60.74168,15.20199,61.81675,15.19862,7.28232,9.738683,463.49,56.32064,22.94234,49.32601,21.37456,22.3051,30.80575,-1.438783,16.59371,0.9767182,13.98512,0.9396528,0.9805601,0.9593881,229.2713,62.71913,11.84031,53.43077,10.52615,5.672205,6.203236
2025-12-30 23:48:00,-1.491482,17.19096,0.6271743,15.47756,0.5605075,0.5338193,0.5746242,846.27,60.68777,15.14505,61.70632,15.2299,7.227058,9.757669,463.5002,56.31485,22.89651,49.31241,21.37938,22.24956,30.82358,-1.448761,16.57071,0.9785398,13.99808,0.9309183,0.9811496,0.9592431,229.0241,62.73514,11.78619,53.43826,10.58832,5.735526,6.256417
2025-12-30 23:49:00,-1.525879,17.14325,0.6449369,15.55808,0.5691941,0.5299216,0.574948,846.2828,60.68115,15.14785,61.76605,15.21525,7.270813,9.723592,463.3669,56.31496,22.93322,49.32101,21.46463,21.88568,30.73182,-1.434174,16.4808,0.9495218,13.97552,0.9464371,0.9934717,0.9462727,229.1748,62.73193,11.71225,53.43757,10.53706,5.603036,6.192848
2025-12-30 23:50:00,-1.487027,17.20333,0.6560816,15.51043,0.5557128,0.5293626,0.6010122,845.5162,60.3497,15.14932,61.46731,15.19424,7.290977,9.708152,463.6119,56.3101,22.87293,49.33015,21.37326,22.3442,30.71908,-1.548295,16.52667,0.9817126,13.94881,0.9495112,0.9722116,0.9455444,229.1325,62.748,11.8301,53.44624,10.57907,5.735399,6.335965
2025-12-30 23:51:00,-1.620144,17.16932,0.6461306,15.60091,0.5680446,0.5310656,0.6071985,845.7696,60.74804,15.1717,61.87523,15.19747,7.14871,9.681525,464.9878,56.33596,22.8076,49.31738,21.73035,21.96556,30.75368,-1.361713,16.49956,0.9690083,13.92095,0.9247376,0.9761046,0.9895962,229.5367,62.75261,11.70878,53.43459,10.55209,5.682459,6.19064
2025-12-30 23:52:00,-1.484384,17.15399,0.6349167,15.53188,0.5784224,0.5424464,0.5715985,845.7249,60.77519,15.13241,61.64408,15.09572,7.24164,9.740375,464.2904,56.33105,22.77559,49.32285,21.29142,21.97994,30.75851,-1.258688,16.56903,0.9875423,13.9733,0.9487137,0.9983003,0.9542181,229.2047,62.73307,11.78559,53.42904,10.60021,5.582652,6.242228
2025-12-30 23:53:00,-1.589727,17.10442,0.6380954,15.473,0.5739809,0.5207574,0.613465,846.3056,60.82071,15.15578,61.40835,15.21799,7.246611,9.693773,465.2196,56.34278,22.8184,49.3318,21.23128,22.31195,30.75821,-1.432354,16.62479,0.9760587,13.88796,0.9366949,0.9536858,0.9472877,229.5182,62.75246,11.77088,53.45134,10.65058,5.726267,6.237439
2025-12-30 23:54:00,-1.610712,17.12279,0.6090654,15.60416,0.5471216,0.5476438,0.5752283,845.5505,60.67815,15.16524,61.7506,15.21824,7.155235,9.716084,463.9252,56.33265,22.7542,49.30129,21.29981,22.4073,30.73912,-1.544412,16.54801,0.9653728,13.90529,0.9525576,0.9932721,0.9364665,229.4899,62.7473,11.79244,53.42541,10.57244,5.708199,6.231375
2025-12-30 23:55:00,-1.549792,17.20526,0.6292308,15.55004,0.5514147,0.5224773,0.5533934,846.5412,61.03231,15.12826,61.57666,15.21501,7.311363,9.738213,463.0624,56.34209,22.70016,49.32198,21.335,22.15063,30.72274,-1.549792,16.59974,0.949877,13.97491,0.9301333,1.001757,0.958248,229.4094,62.76484,11.8319,53.42539,10.55334,5.704147,6.174884
2025-12-30 23:56:00,-1.556766,17.14488,0.6341611,15.57511,0.579525,0.5230279,0.5817859,848.2696,60.40275,15.1033,61.5107,15.14126,7.20396,9.742625,463.4042,56.35492,22.73373,49.3331,21.24965,22.16966,30.70309,-1.40307,16.54207,0.9602648,13.98997,0.9263645,1.000408,0.9636899,229.1084,62.74751,11.70819,53.43182,10.53896,5.67,6.275051
2025-12-30 23:57:00,-1.559224,17.24162,0.6439832,15.47017,0.5670999,0.5089606,0.6043481,847.8072,60.33185,15.09048,61.61569,15.22607,7.203531,9.708491,462.4769,56.35793,22.85671,49.3175,21.57143,21.8163,30.59878,-1.409641,16.50135,0.9679663,13.93746,0.9525695,0.9939485,0.9586554,228.873,62.74888,11.81096,53.43703,10.56948,5.608668,6.233982
2025-12-30 23:58:00,-1.528736,17.28143,0.6524059,15.50115,0.5777637,0.5280925,0.574296,846.4005,60.98131,15.18554,61.91964,15.27193,7.283177,9.739108,464.9624,56.34367,22.74587,49.38219,21.33712,21.86936,30.61633,-1.417634,16.47984,0.9665564,13.98383,0.9251689,1.012475,0.9575889,229.0827,62.74538,11.77003,53.44711,10.57561,5.751425,6.219288
2025-12-30 23:59:00,-1.542171,17.26565,0.6032994,15.46847,0.574822,0.5316666,0.5890084,844.7614,60.72224,15.04202,61.39275,15.155,7.264714,9.680656,465.4643,56.3346,22.75693,49.31662,21.51657,21.86398,30.68699,-1.463392,16.60832,0.9537188,13.97999,0.9486077,0.9781835,0.9613059,229.4439,62.744,11.83768,53.43032,10.58157,5.804535,6.271395